id	speaker	condition	audio_filepath	audio_seconds	decode_seconds	rtf	reference	transcript	alternatives	acoustic_score	model_id	device
torgo-F01-Session1-0006	F01	dysarthric	/Users/animesh/Animesh/Project 2.0/echora/data/raw/torgo/F/F01/Session1/wav_headMic/0006.wav	1.399	5.851	4.1814	stick	Снег.	[]		nvidia/parakeet-tdt-0.6b-v3	cpu
torgo-F01-Session1-0007	F01	dysarthric	/Users/animesh/Animesh/Project 2.0/echora/data/raw/torgo/F/F01/Session1/wav_headMic/0007.wav	2.268	1.332	0.5872	tear	Okay.	[]		nvidia/parakeet-tdt-0.6b-v3	cpu
torgo-F01-Session1-0008	F01	dysarthric	/Users/animesh/Animesh/Project 2.0/echora/data/raw/torgo/F/F01/Session1/wav_headMic/0008.wav	9.844	1.052	0.1069	Except in the winter when the ooze or snow or ice prevents,	Except in the way we use also horizon.	[]		nvidia/parakeet-tdt-0.6b-v3	cpu
torgo-F01-Session1-0009	F01	dysarthric	/Users/animesh/Animesh/Project 2.0/echora/data/raw/torgo/F/F01/Session1/wav_headMic/0009.wav	1.255	0.950	0.7575	pat		[]		nvidia/parakeet-tdt-0.6b-v3	cpu
torgo-F01-Session1-0010	F01	dysarthric	/Users/animesh/Animesh/Project 2.0/echora/data/raw/torgo/F/F01/Session1/wav_headMic/0010.wav	2.075	1.312	0.6324	up	Oh	[]		nvidia/parakeet-tdt-0.6b-v3	cpu
torgo-F01-Session1-0011	F01	dysarthric	/Users/animesh/Animesh/Project 2.0/echora/data/raw/torgo/F/F01/Session1/wav_headMic/0011.wav	1.592	1.321	0.8295	meat	Мы	[]		nvidia/parakeet-tdt-0.6b-v3	cpu
torgo-F01-Session1-0012	F01	dysarthric	/Users/animesh/Animesh/Project 2.0/echora/data/raw/torgo/F/F01/Session1/wav_headMic/0012.wav	1.641	1.119	0.6818	meat	Yeah.	[]		nvidia/parakeet-tdt-0.6b-v3	cpu
torgo-F01-Session1-0013	F01	dysarthric	/Users/animesh/Animesh/Project 2.0/echora/data/raw/torgo/F/F01/Session1/wav_headMic/0013.wav	1.303	1.039	0.7975	know	No.	[]		nvidia/parakeet-tdt-0.6b-v3	cpu
torgo-F01-Session1-0014	F01	dysarthric	/Users/animesh/Animesh/Project 2.0/echora/data/raw/torgo/F/F01/Session1/wav_headMic/0014.wav	6.562	1.305	0.1989	he slowly takes a short walk in the open air each day.	He slowly kicks a slightwalk in the open air again.	[]		nvidia/parakeet-tdt-0.6b-v3	cpu
torgo-F01-Session1-0015	F01	dysarthric	/Users/animesh/Animesh/Project 2.0/echora/data/raw/torgo/F/F01/Session1/wav_headMic/0015.wav	2.123	1.354	0.6376	air	Oh	[]		nvidia/parakeet-tdt-0.6b-v3	cpu
torgo-F01-Session1-0016	F01	dysarthric	/Users/animesh/Animesh/Project 2.0/echora/data/raw/torgo/F/F01/Session1/wav_headMic/0016.wav	2.413	1.070	0.4435	swarm	Фло	[]		nvidia/parakeet-tdt-0.6b-v3	cpu
torgo-F01-Session1-0017	F01	dysarthric	/Users/animesh/Animesh/Project 2.0/echora/data/raw/torgo/F/F01/Session1/wav_headMic/0017.wav	2.413	0.971	0.4023	double	Дабл.	[]		nvidia/parakeet-tdt-0.6b-v3	cpu
torgo-F01-Session1-0018	F01	dysarthric	/Users/animesh/Animesh/Project 2.0/echora/data/raw/torgo/F/F01/Session1/wav_headMic/0018.wav	2.075	0.950	0.4577	no	Ну.	[]		nvidia/parakeet-tdt-0.6b-v3	cpu
torgo-F01-Session1-0019	F01	dysarthric	/Users/animesh/Animesh/Project 2.0/echora/data/raw/torgo/F/F01/Session1/wav_headMic/0019.wav	1.882	0.934	0.4961	storm	Ска.	[]		nvidia/parakeet-tdt-0.6b-v3	cpu
torgo-F01-Session1-0020	F01	dysarthric	/Users/animesh/Animesh/Project 2.0/echora/data/raw/torgo/F/F01/Session1/wav_headMic/0020.wav	4.874	0.979	0.2009	Usually minus several buttons.	Майн Саул Бакс.	[]		nvidia/parakeet-tdt-0.6b-v3	cpu
torgo-F01-Session1-0021	F01	dysarthric	/Users/animesh/Animesh/Project 2.0/echora/data/raw/torgo/F/F01/Session1/wav_headMic/0021.wav	1.844	0.929	0.5034	dug	Гаг.	[]		nvidia/parakeet-tdt-0.6b-v3	cpu
torgo-F01-Session1-0022	F01	dysarthric	/Users/animesh/Animesh/Project 2.0/echora/data/raw/torgo/F/F01/Session1/wav_headMic/0022.wav	4.990	0.971	0.1945	You wished to know all about my grandfather.	You whisking all about my grandfather.	[]		nvidia/parakeet-tdt-0.6b-v3	cpu
torgo-F01-Session1-0024	F01	dysarthric	/Users/animesh/Animesh/Project 2.0/echora/data/raw/torgo/F/F01/Session1/wav_headMic/0024.wav	1.682	0.922	0.5484	knee	Не	[]		nvidia/parakeet-tdt-0.6b-v3	cpu
torgo-F01-Session1-0025	F01	dysarthric	/Users/animesh/Animesh/Project 2.0/echora/data/raw/torgo/F/F01/Session1/wav_headMic/0025.wav	2.333	0.922	0.3953	feet		[]		nvidia/parakeet-tdt-0.6b-v3	cpu
torgo-F01-Session1-0026	F01	dysarthric	/Users/animesh/Animesh/Project 2.0/echora/data/raw/torgo/F/F01/Session1/wav_headMic/0026.wav	2.061	0.924	0.4485	train	Кэйн	[]		nvidia/parakeet-tdt-0.6b-v3	cpu
torgo-F01-Session1-0027	F01	dysarthric	/Users/animesh/Animesh/Project 2.0/echora/data/raw/torgo/F/F01/Session1/wav_headMic/0027.wav	5.262	1.011	0.1922	but he always answers, Banana oil!	He always answers Mel.	[]		nvidia/parakeet-tdt-0.6b-v3	cpu
torgo-F01-Session1-0028	F01	dysarthric	/Users/animesh/Animesh/Project 2.0/echora/data/raw/torgo/F/F01/Session1/wav_headMic/0028.wav	3.607	0.968	0.2685	but he always answers, Banana oil!	But he always ran oil.	[]		nvidia/parakeet-tdt-0.6b-v3	cpu
torgo-F01-Session1-0029	F01	dysarthric	/Users/animesh/Animesh/Project 2.0/echora/data/raw/torgo/F/F01/Session1/wav_headMic/0029.wav	1.573	0.963	0.6121	beat	B	[]		nvidia/parakeet-tdt-0.6b-v3	cpu
torgo-F01-Session1-0030	F01	dysarthric	/Users/animesh/Animesh/Project 2.0/echora/data/raw/torgo/F/F01/Session1/wav_headMic/0030.wav	4.801	0.972	0.2024	The quick brown fox jumps over the lazy dog.	The quick bowl park comes over the lighting dog.	[]		nvidia/parakeet-tdt-0.6b-v3	cpu
torgo-F01-Session1-0031	F01	dysarthric	/Users/animesh/Animesh/Project 2.0/echora/data/raw/torgo/F/F01/Session1/wav_headMic/0031.wav	4.611	0.982	0.2130	The quick brown fox jumps over the lazy dog.	The quick bone fuck comes over the rain on.	[]		nvidia/parakeet-tdt-0.6b-v3	cpu
torgo-F01-Session1-0032	F01	dysarthric	/Users/animesh/Animesh/Project 2.0/echora/data/raw/torgo/F/F01/Session1/wav_headMic/0032.wav	7.567	1.044	0.1380	She had your dark suit in greasy wash water all year.	She had induced in Greece was more earlier	[]		nvidia/parakeet-tdt-0.6b-v3	cpu
torgo-F01-Session1-0033	F01	dysarthric	/Users/animesh/Animesh/Project 2.0/echora/data/raw/torgo/F/F01/Session1/wav_headMic/0033.wav	0.868	0.963	1.1094	car	Uh oh.	[]		nvidia/parakeet-tdt-0.6b-v3	cpu
torgo-F01-Session1-0034	F01	dysarthric	/Users/animesh/Animesh/Project 2.0/echora/data/raw/torgo/F/F01/Session1/wav_headMic/0034.wav	0.868	0.969	1.1169	feet	The	[]		nvidia/parakeet-tdt-0.6b-v3	cpu
torgo-F01-Session1-0035	F01	dysarthric	/Users/animesh/Animesh/Project 2.0/echora/data/raw/torgo/F/F01/Session1/wav_headMic/0035.wav	12.422	1.135	0.0914	giving those who observe him a pronounced feeling of the utmost respect.	Navider who am the almost mess.	[]		nvidia/parakeet-tdt-0.6b-v3	cpu
torgo-F01-Session1-0036	F01	dysarthric	/Users/animesh/Animesh/Project 2.0/echora/data/raw/torgo/F/F01/Session1/wav_headMic/0036.wav	6.319	1.004	0.1589	We have often urged him to walk more and smoke less,	We have options go on more slowly and smoke less.	[]		nvidia/parakeet-tdt-0.6b-v3	cpu
torgo-F01-Session1-0037	F01	dysarthric	/Users/animesh/Animesh/Project 2.0/echora/data/raw/torgo/F/F01/Session1/wav_headMic/0037.wav	1.817	2.930	1.6123	rake	Wink	[]		nvidia/parakeet-tdt-0.6b-v3	cpu
torgo-F01-Session1-0039	F01	dysarthric	/Users/animesh/Animesh/Project 2.0/echora/data/raw/torgo/F/F01/Session1/wav_headMic/0039.wav	1.275	1.035	0.8120	swore	Well	[]		nvidia/parakeet-tdt-0.6b-v3	cpu
torgo-F01-Session1-0040	F01	dysarthric	/Users/animesh/Animesh/Project 2.0/echora/data/raw/torgo/F/F01/Session1/wav_headMic/0040.wav	1.356	0.960	0.7081	rave	Oh	[]		nvidia/parakeet-tdt-0.6b-v3	cpu
torgo-F01-Session1-0041	F01	dysarthric	/Users/animesh/Animesh/Project 2.0/echora/data/raw/torgo/F/F01/Session1/wav_headMic/0041.wav	1.112	0.945	0.8499	rave	Well	[]		nvidia/parakeet-tdt-0.6b-v3	cpu
torgo-F01-Session1-0042	F01	dysarthric	/Users/animesh/Animesh/Project 2.0/echora/data/raw/torgo/F/F01/Session1/wav_headMic/0042.wav	0.784	0.936	1.1945	for	For	[]		nvidia/parakeet-tdt-0.6b-v3	cpu
torgo-F01-Session1-0043	F01	dysarthric	/Users/animesh/Animesh/Project 2.0/echora/data/raw/torgo/F/F01/Session1/wav_headMic/0043.wav	1.751	0.915	0.5223	sip	Сэп.	[]		nvidia/parakeet-tdt-0.6b-v3	cpu
torgo-F01-Session1-0044	F01	dysarthric	/Users/animesh/Animesh/Project 2.0/echora/data/raw/torgo/F/F01/Session1/wav_headMic/0044.wav	1.401	0.954	0.6811	grow	Wow.	[]		nvidia/parakeet-tdt-0.6b-v3	cpu
torgo-F01-Session1-0045	F01	dysarthric	/Users/animesh/Animesh/Project 2.0/echora/data/raw/torgo/F/F01/Session1/wav_headMic/0045.wav	1.134	0.950	0.8374	bit	B	[]		nvidia/parakeet-tdt-0.6b-v3	cpu
torgo-F01-Session1-0046	F01	dysarthric	/Users/animesh/Animesh/Project 2.0/echora/data/raw/torgo/F/F01/Session1/wav_headMic/0046.wav	1.384	0.952	0.6875	chair	Cue.	[]		nvidia/parakeet-tdt-0.6b-v3	cpu
torgo-F01-Session1-0047	F01	dysarthric	/Users/animesh/Animesh/Project 2.0/echora/data/raw/torgo/F/F01/Session1/wav_headMic/0047.wav	1.351	0.957	0.7087	one	One	[]		nvidia/parakeet-tdt-0.6b-v3	cpu
torgo-F01-Session1-0048	F01	dysarthric	/Users/animesh/Animesh/Project 2.0/echora/data/raw/torgo/F/F01/Session1/wav_headMic/0048.wav	1.901	0.907	0.4772	fair	F	[]		nvidia/parakeet-tdt-0.6b-v3	cpu
torgo-F01-Session1-0049	F01	dysarthric	/Users/animesh/Animesh/Project 2.0/echora/data/raw/torgo/F/F01/Session1/wav_headMic/0049.wav	1.584	0.966	0.6098	two	Kew	[]		nvidia/parakeet-tdt-0.6b-v3	cpu
torgo-F01-Session1-0050	F01	dysarthric	/Users/animesh/Animesh/Project 2.0/echora/data/raw/torgo/F/F01/Session1/wav_headMic/0050.wav	1.934	0.911	0.4712	beta	Mm-hmm.	[]		nvidia/parakeet-tdt-0.6b-v3	cpu
torgo-F01-Session1-0051	F01	dysarthric	/Users/animesh/Animesh/Project 2.0/echora/data/raw/torgo/F/F01/Session1/wav_headMic/0051.wav	1.384	0.930	0.6716	rage	Wait.	[]		nvidia/parakeet-tdt-0.6b-v3	cpu
torgo-F01-Session1-0052	F01	dysarthric	/Users/animesh/Animesh/Project 2.0/echora/data/raw/torgo/F/F01/Session1/wav_headMic/0052.wav	1.468	0.949	0.6464	spark	Майк.	[]		nvidia/parakeet-tdt-0.6b-v3	cpu
torgo-F01-Session1-0053	F01	dysarthric	/Users/animesh/Animesh/Project 2.0/echora/data/raw/torgo/F/F01/Session1/wav_headMic/0053.wav	1.301	0.956	0.7347	swarm	So	[]		nvidia/parakeet-tdt-0.6b-v3	cpu
torgo-F01-Session1-0054	F01	dysarthric	/Users/animesh/Animesh/Project 2.0/echora/data/raw/torgo/F/F01/Session1/wav_headMic/0054.wav	1.151	0.970	0.8432	beat	Me	[]		nvidia/parakeet-tdt-0.6b-v3	cpu
torgo-F01-Session1-0057	F01	dysarthric	/Users/animesh/Animesh/Project 2.0/echora/data/raw/torgo/F/F01/Session1/wav_headMic/0057.wav	1.568	0.961	0.6127	race	Wait.	[]		nvidia/parakeet-tdt-0.6b-v3	cpu
torgo-F01-Session1-0058	F01	dysarthric	/Users/animesh/Animesh/Project 2.0/echora/data/raw/torgo/F/F01/Session1/wav_headMic/0058.wav	0.951	0.951	0.9999	the	Well	[]		nvidia/parakeet-tdt-0.6b-v3	cpu
torgo-F01-Session1-0059	F01	dysarthric	/Users/animesh/Animesh/Project 2.0/echora/data/raw/torgo/F/F01/Session1/wav_headMic/0059.wav	0.951	0.947	0.9964	the	Да.	[]		nvidia/parakeet-tdt-0.6b-v3	cpu
torgo-F01-Session1-0060	F01	dysarthric	/Users/animesh/Animesh/Project 2.0/echora/data/raw/torgo/F/F01/Session1/wav_headMic/0060.wav	1.367	0.946	0.6920	form	Пом.	[]		nvidia/parakeet-tdt-0.6b-v3	cpu
torgo-F01-Session1-0061	F01	dysarthric	/Users/animesh/Animesh/Project 2.0/echora/data/raw/torgo/F/F01/Session1/wav_headMic/0061.wav	1.167	0.949	0.8129	dark		[]		nvidia/parakeet-tdt-0.6b-v3	cpu
torgo-F01-Session1-0062	F01	dysarthric	/Users/animesh/Animesh/Project 2.0/echora/data/raw/torgo/F/F01/Session1/wav_headMic/0062.wav	1.067	0.964	0.9033	sip	Some	[]		nvidia/parakeet-tdt-0.6b-v3	cpu
torgo-F01-Session1-0063	F01	dysarthric	/Users/animesh/Animesh/Project 2.0/echora/data/raw/torgo/F/F01/Session1/wav_headMic/0063.wav	1.217	0.959	0.7873	farm	Пом.	[]		nvidia/parakeet-tdt-0.6b-v3	cpu
torgo-F01-Session1-0064	F01	dysarthric	/Users/animesh/Animesh/Project 2.0/echora/data/raw/torgo/F/F01/Session1/wav_headMic/0064.wav	1.534	0.954	0.6215	raid	Wait.	[]		nvidia/parakeet-tdt-0.6b-v3	cpu
torgo-F01-Session1-0065	F01	dysarthric	/Users/animesh/Animesh/Project 2.0/echora/data/raw/torgo/F/F01/Session1/wav_headMic/0065.wav	1.167	0.963	0.8246	fee	B	[]		nvidia/parakeet-tdt-0.6b-v3	cpu
torgo-F01-Session1-0066	F01	dysarthric	/Users/animesh/Animesh/Project 2.0/echora/data/raw/torgo/F/F01/Session1/wav_headMic/0066.wav	2.118	0.917	0.4332	weed	Уэ.	[]		nvidia/parakeet-tdt-0.6b-v3	cpu
torgo-F01-Session1-0069	F01	dysarthric	/Users/animesh/Animesh/Project 2.0/echora/data/raw/torgo/F/F01/Session1/wav_headMic/0069.wav	1.421	0.955	0.6721	bat	Yeah.	[]		nvidia/parakeet-tdt-0.6b-v3	cpu
torgo-F01-Session1-0070	F01	dysarthric	/Users/animesh/Animesh/Project 2.0/echora/data/raw/torgo/F/F01/Session1/wav_headMic/0070.wav	1.521	0.949	0.6236	horn	Он	[]		nvidia/parakeet-tdt-0.6b-v3	cpu
torgo-F01-Session1-0071	F01	dysarthric	/Users/animesh/Animesh/Project 2.0/echora/data/raw/torgo/F/F01/Session1/wav_headMic/0071.wav	1.638	0.987	0.6027	jagged	Геги.	[]		nvidia/parakeet-tdt-0.6b-v3	cpu
torgo-F01-Session1-0072	F01	dysarthric	/Users/animesh/Animesh/Project 2.0/echora/data/raw/torgo/F/F01/Session1/wav_headMic/0072.wav	1.521	0.953	0.6266	sheet		[]		nvidia/parakeet-tdt-0.6b-v3	cpu
torgo-F01-Session1-0073	F01	dysarthric	/Users/animesh/Animesh/Project 2.0/echora/data/raw/torgo/F/F01/Session1/wav_headMic/0073.wav	1.170	0.959	0.8193	chair	Yeah.	[]		nvidia/parakeet-tdt-0.6b-v3	cpu
torgo-F01-Session1-0074	F01	dysarthric	/Users/animesh/Animesh/Project 2.0/echora/data/raw/torgo/F/F01/Session1/wav_headMic/0074.wav	1.254	0.955	0.7620	bubble	Баво.	[]		nvidia/parakeet-tdt-0.6b-v3	cpu
torgo-F01-Session1-0075	F01	dysarthric	/Users/animesh/Animesh/Project 2.0/echora/data/raw/torgo/F/F01/Session1/wav_headMic/0075.wav	1.354	0.956	0.7061	warm	Уам.	[]		nvidia/parakeet-tdt-0.6b-v3	cpu
torgo-F01-Session1-0076	F01	dysarthric	/Users/animesh/Animesh/Project 2.0/echora/data/raw/torgo/F/F01/Session1/wav_headMic/0076.wav	1.321	0.952	0.7212	ship	Сэпп.	[]		nvidia/parakeet-tdt-0.6b-v3	cpu
torgo-F01-Session1-0079	F01	dysarthric	/Users/animesh/Animesh/Project 2.0/echora/data/raw/torgo/F/F01/Session1/wav_headMic/0079.wav	1.222	0.942	0.7710	air	Uh	[]		nvidia/parakeet-tdt-0.6b-v3	cpu
torgo-F01-Session1-0080	F01	dysarthric	/Users/animesh/Animesh/Project 2.0/echora/data/raw/torgo/F/F01/Session1/wav_headMic/0080.wav	1.868	0.920	0.4927	hair	Hello	[]		nvidia/parakeet-tdt-0.6b-v3	cpu
torgo-F01-Session1-0081	F01	dysarthric	/Users/animesh/Animesh/Project 2.0/echora/data/raw/torgo/F/F01/Session1/wav_headMic/0081.wav	1.038	0.959	0.9244	share	Yeah.	[]		nvidia/parakeet-tdt-0.6b-v3	cpu
torgo-F01-Session1-0082	F01	dysarthric	/Users/animesh/Animesh/Project 2.0/echora/data/raw/torgo/F/F01/Session1/wav_headMic/0082.wav	1.015	0.951	0.9374	rate	All right.	[]		nvidia/parakeet-tdt-0.6b-v3	cpu
torgo-F01-Session1-0083	F01	dysarthric	/Users/animesh/Animesh/Project 2.0/echora/data/raw/torgo/F/F01/Session1/wav_headMic/0083.wav	1.776	0.902	0.5079	goat	Гоу.	[]		nvidia/parakeet-tdt-0.6b-v3	cpu
torgo-F01-Session1-0084	F01	dysarthric	/Users/animesh/Animesh/Project 2.0/echora/data/raw/torgo/F/F01/Session1/wav_headMic/0084.wav	1.983	0.918	0.4627	trace	Хейс.	[]		nvidia/parakeet-tdt-0.6b-v3	cpu
torgo-F01-Session1-0085	F01	dysarthric	/Users/animesh/Animesh/Project 2.0/echora/data/raw/torgo/F/F01/Session1/wav_headMic/0085.wav	1.591	0.955	0.6005	sip	Slip.	[]		nvidia/parakeet-tdt-0.6b-v3	cpu
torgo-F01-Session1-0086	F01	dysarthric	/Users/animesh/Animesh/Project 2.0/echora/data/raw/torgo/F/F01/Session1/wav_headMic/0086.wav	1.361	0.960	0.7056	go	Go.	[]		nvidia/parakeet-tdt-0.6b-v3	cpu
torgo-F01-Session1-0087	F01	dysarthric	/Users/animesh/Animesh/Project 2.0/echora/data/raw/torgo/F/F01/Session1/wav_headMic/0087.wav	1.591	0.969	0.6093	alpha	Алпа.	[]		nvidia/parakeet-tdt-0.6b-v3	cpu
torgo-F01-Session1-0088	F01	dysarthric	/Users/animesh/Animesh/Project 2.0/echora/data/raw/torgo/F/F01/Session1/wav_headMic/0088.wav	1.430	0.971	0.6789	left	Well	[]		nvidia/parakeet-tdt-0.6b-v3	cpu
torgo-F01-Session1-0089	F01	dysarthric	/Users/animesh/Animesh/Project 2.0/echora/data/raw/torgo/F/F01/Session1/wav_headMic/0089.wav	1.591	0.971	0.6103	sticks	Скэк.	[]		nvidia/parakeet-tdt-0.6b-v3	cpu
torgo-F01-Session1-0090	F01	dysarthric	/Users/animesh/Animesh/Project 2.0/echora/data/raw/torgo/F/F01/Session1/wav_headMic/0090.wav	2.029	0.935	0.4610	trouble	Cramo.	[]		nvidia/parakeet-tdt-0.6b-v3	cpu
torgo-F01-Session1-0091	F01	dysarthric	/Users/animesh/Animesh/Project 2.0/echora/data/raw/torgo/F/F01/Session1/wav_headMic/0091.wav	2.168	0.938	0.4327	dagger	Game.	[]		nvidia/parakeet-tdt-0.6b-v3	cpu
torgo-F01-Session1-0092	F01	dysarthric	/Users/animesh/Animesh/Project 2.0/echora/data/raw/torgo/F/F01/Session1/wav_headMic/0092.wav	1.153	0.962	0.8344	read	We	[]		nvidia/parakeet-tdt-0.6b-v3	cpu
torgo-F01-Session1-0093	F01	dysarthric	/Users/animesh/Animesh/Project 2.0/echora/data/raw/torgo/F/F01/Session1/wav_headMic/0093.wav	4.151	1.039	0.2502	A long, flowing beard clings to his chin,	Along for me a queen kin king.	[]		nvidia/parakeet-tdt-0.6b-v3	cpu
torgo-F01-Session1-0094	F01	dysarthric	/Users/animesh/Animesh/Project 2.0/echora/data/raw/torgo/F/F01/Session1/wav_headMic/0094.wav	1.308	1.061	0.8109	slip	Флэп.	[]		nvidia/parakeet-tdt-0.6b-v3	cpu
torgo-F01-Session1-0095	F01	dysarthric	/Users/animesh/Animesh/Project 2.0/echora/data/raw/torgo/F/F01/Session1/wav_headMic/0095.wav	1.424	1.007	0.7075	glow	Go.	[]		nvidia/parakeet-tdt-0.6b-v3	cpu
torgo-F01-Session1-0097	F01	dysarthric	/Users/animesh/Animesh/Project 2.0/echora/data/raw/torgo/F/F01/Session1/wav_headMic/0097.wav	1.482	0.979	0.6608	trade	Hey	[]		nvidia/parakeet-tdt-0.6b-v3	cpu
torgo-F01-Session1-0098	F01	dysarthric	/Users/animesh/Animesh/Project 2.0/echora/data/raw/torgo/F/F01/Session1/wav_headMic/0098.wav	1.308	0.971	0.7421	range	Wink.	[]		nvidia/parakeet-tdt-0.6b-v3	cpu
torgo-F01-Session1-0099	F01	dysarthric	/Users/animesh/Animesh/Project 2.0/echora/data/raw/torgo/F/F01/Session1/wav_headMic/0099.wav	1.020	0.947	0.9283	stubble	Кому?	[]		nvidia/parakeet-tdt-0.6b-v3	cpu
torgo-F01-Session1-0100	F01	dysarthric	/Users/animesh/Animesh/Project 2.0/echora/data/raw/torgo/F/F01/Session1/wav_headMic/0100.wav	1.982	0.912	0.4600	floor	Бло.	[]		nvidia/parakeet-tdt-0.6b-v3	cpu
torgo-F01-Session1-0101	F01	dysarthric	/Users/animesh/Animesh/Project 2.0/echora/data/raw/torgo/F/F01/Session1/wav_headMic/0101.wav	1.790	0.972	0.5434	bug	Манг.	[]		nvidia/parakeet-tdt-0.6b-v3	cpu
torgo-F01-Session1-0102	F01	dysarthric	/Users/animesh/Animesh/Project 2.0/echora/data/raw/torgo/F/F01/Session1/wav_headMic/0102.wav	0.943	1.006	1.0669	bug	Mm.	[]		nvidia/parakeet-tdt-0.6b-v3	cpu
torgo-F01-Session1-0103	F01	dysarthric	/Users/animesh/Animesh/Project 2.0/echora/data/raw/torgo/F/F01/Session1/wav_headMic/0103.wav	1.193	0.984	0.8249	lead	Louise.	[]		nvidia/parakeet-tdt-0.6b-v3	cpu
torgo-F01-Session1-0104	F01	dysarthric	/Users/animesh/Animesh/Project 2.0/echora/data/raw/torgo/F/F01/Session1/wav_headMic/0104.wav	4.406	0.978	0.2219	yet he still thinks as swiftly as ever.	Yeah, he still takes a swift way over.	[]		nvidia/parakeet-tdt-0.6b-v3	cpu
torgo-F01-Session1-0105	F01	dysarthric	/Users/animesh/Animesh/Project 2.0/echora/data/raw/torgo/F/F01/Session1/wav_headMic/0105.wav	4.820	1.116	0.2315	yet he still thinks as swiftly as ever.	Ja, he skillt gewoon.	[]		nvidia/parakeet-tdt-0.6b-v3	cpu
torgo-F01-Session1-0106	F01	dysarthric	/Users/animesh/Animesh/Project 2.0/echora/data/raw/torgo/F/F01/Session1/wav_headMic/0106.wav	5.696	1.066	0.1871	yet he still thinks as swiftly as ever.	Я хотел так за пойса.	[]		nvidia/parakeet-tdt-0.6b-v3	cpu
torgo-F01-Session1-0107	F01	dysarthric	/Users/animesh/Animesh/Project 2.0/echora/data/raw/torgo/F/F01/Session1/wav_headMic/0107.wav	1.436	1.008	0.7018	read	Э	[]		nvidia/parakeet-tdt-0.6b-v3	cpu
torgo-F01-Session1-0108	F01	dysarthric	/Users/animesh/Animesh/Project 2.0/echora/data/raw/torgo/F/F01/Session1/wav_headMic/0108.wav	2.080	1.177	0.5658	jacket	Геаген.	[]		nvidia/parakeet-tdt-0.6b-v3	cpu
torgo-F01-Session1-0109	F01	dysarthric	/Users/animesh/Animesh/Project 2.0/echora/data/raw/torgo/F/F01/Session1/wav_headMic/0109.wav	1.635	1.334	0.8161	born	Бон.	[]		nvidia/parakeet-tdt-0.6b-v3	cpu
torgo-F01-Session1-0110	F01	dysarthric	/Users/animesh/Animesh/Project 2.0/echora/data/raw/torgo/F/F01/Session1/wav_headMic/0110.wav	1.387	1.030	0.7428	warm	One.	[]		nvidia/parakeet-tdt-0.6b-v3	cpu
torgo-F01-Session1-0111	F01	dysarthric	/Users/animesh/Animesh/Project 2.0/echora/data/raw/torgo/F/F01/Session1/wav_headMic/0111.wav	1.635	0.979	0.5991	corn	Horn.	[]		nvidia/parakeet-tdt-0.6b-v3	cpu
torgo-F01-Session1-0112	F01	dysarthric	/Users/animesh/Animesh/Project 2.0/echora/data/raw/torgo/F/F01/Session1/wav_headMic/0112.wav	1.635	0.985	0.6024	right	Right.	[]		nvidia/parakeet-tdt-0.6b-v3	cpu
torgo-F01-Session1-0113	F01	dysarthric	/Users/animesh/Animesh/Project 2.0/echora/data/raw/torgo/F/F01/Session1/wav_headMic/0113.wav	1.833	0.922	0.5030	knew	New	[]		nvidia/parakeet-tdt-0.6b-v3	cpu
torgo-F01-Session1-0114	F01	dysarthric	/Users/animesh/Animesh/Project 2.0/echora/data/raw/torgo/F/F01/Session1/wav_headMic/0114.wav	5.102	0.976	0.1913	Well, he is nearly ninety three years old	Well, he is nearly ninety-three year old.	[]		nvidia/parakeet-tdt-0.6b-v3	cpu
torgo-F01-Session1-0115	F01	dysarthric	/Users/animesh/Animesh/Project 2.0/echora/data/raw/torgo/F/F01/Session1/wav_headMic/0115.wav	2.080	0.929	0.4467	feed	Ты.	[]		nvidia/parakeet-tdt-0.6b-v3	cpu
torgo-F01-Session1-0116	F01	dysarthric	/Users/animesh/Animesh/Project 2.0/echora/data/raw/torgo/F/F01/Session1/wav_headMic/0116.wav	9.807	1.098	0.1119	Twice each day he plays skillfully and with zest upon our small organ.	Quite highly he plays skillfully and would rest upon a small organs.	[]		nvidia/parakeet-tdt-0.6b-v3	cpu
torgo-F01-Session1-0117	F01	dysarthric	/Users/animesh/Animesh/Project 2.0/echora/data/raw/torgo/F/F01/Session1/wav_headMic/0117.wav	1.833	0.923	0.5038	feed	Ты	[]		nvidia/parakeet-tdt-0.6b-v3	cpu
torgo-F01-Session1-0118	F01	dysarthric	/Users/animesh/Animesh/Project 2.0/echora/data/raw/torgo/F/F01/Session1/wav_headMic/0118.wav	1.783	0.924	0.5182	knew	Ню.	[]		nvidia/parakeet-tdt-0.6b-v3	cpu
torgo-F01-Session1-0119	F01	dysarthric	/Users/animesh/Animesh/Project 2.0/echora/data/raw/torgo/F/F01/Session1/wav_headMic/0119.wav	1.833	0.928	0.5063	rain	Рейн.	[]		nvidia/parakeet-tdt-0.6b-v3	cpu
torgo-F01-Session1-0121	F01	dysarthric	/Users/animesh/Animesh/Project 2.0/echora/data/raw/torgo/F/F01/Session1/wav_headMic/0121.wav	1.833	0.911	0.4973	park	Pike.	[]		nvidia/parakeet-tdt-0.6b-v3	cpu
torgo-F01-Session1-0122	F01	dysarthric	/Users/animesh/Animesh/Project 2.0/echora/data/raw/torgo/F/F01/Session1/wav_headMic/0122.wav	1.882	0.920	0.4886	tip	Kip	[]		nvidia/parakeet-tdt-0.6b-v3	cpu
torgo-F01-Session1-0123	F01	dysarthric	/Users/animesh/Animesh/Project 2.0/echora/data/raw/torgo/F/F01/Session1/wav_headMic/0123.wav	1.684	0.924	0.5485	down	Go.	[]		nvidia/parakeet-tdt-0.6b-v3	cpu
torgo-F01-Session1-0124	F01	dysarthric	/Users/animesh/Animesh/Project 2.0/echora/data/raw/torgo/F/F01/Session1/wav_headMic/0124.wav	2.328	0.944	0.4056	gadget	Ганю.	[]		nvidia/parakeet-tdt-0.6b-v3	cpu
torgo-F01-Session1-0125	F01	dysarthric	/Users/animesh/Animesh/Project 2.0/echora/data/raw/torgo/F/F01/Session1/wav_headMic/0125.wav	2.328	0.990	0.4252	store	Сто	[]		nvidia/parakeet-tdt-0.6b-v3	cpu
torgo-F01-Session1-0126	F01	dysarthric	/Users/animesh/Animesh/Project 2.0/echora/data/raw/torgo/F/F01/Session1/wav_headMic/0126.wav	6.241	1.044	0.1672	he dresses himself in an ancient black frock coat,	He engaged himself in each black buttons.	[]		nvidia/parakeet-tdt-0.6b-v3	cpu
torgo-F01-Session1-0128	F01	dysarthric	/Users/animesh/Animesh/Project 2.0/echora/data/raw/torgo/F/F01/Session1/wav_headMic/0128.wav	2.278	0.951	0.4173	storm	Oh well. Sorry.	[]		nvidia/parakeet-tdt-0.6b-v3	cpu
torgo-F01-Session1-0129	F01	dysarthric	/Users/animesh/Animesh/Project 2.0/echora/data/raw/torgo/F/F01/Session1/wav_headMic/0129.wav	0.941	0.990	1.0523	storm	Snow	[]		nvidia/parakeet-tdt-0.6b-v3	cpu
torgo-F01-Session1-0130	F01	dysarthric	/Users/animesh/Animesh/Project 2.0/echora/data/raw/torgo/F/F01/Session1/wav_headMic/0130.wav	5.746	1.045	0.1820	Grandfather likes to be modern in his language.	Mag probably like to be modern in his language.	[]		nvidia/parakeet-tdt-0.6b-v3	cpu
torgo-F01-Session1-0131	F01	dysarthric	/Users/animesh/Animesh/Project 2.0/echora/data/raw/torgo/F/F01/Session1/wav_headMic/0131.wav	1.635	0.986	0.6033	torn		[]		nvidia/parakeet-tdt-0.6b-v3	cpu
torgo-F01-Session1-0132	F01	dysarthric	/Users/animesh/Animesh/Project 2.0/echora/data/raw/torgo/F/F01/Session1/wav_headMic/0132.wav	9.163	1.094	0.1193	When he speaks, his voice is just a bit cracked and quivers a trifle.	When he speaks, his voice is cracks and quibbles grip.	[]		nvidia/parakeet-tdt-0.6b-v3	cpu
torgo-F01-Session1-0133	F01	dysarthric	/Users/animesh/Animesh/Project 2.0/echora/data/raw/torgo/F/F01/Session1/wav_headMic/0133.wav	1.238	0.957	0.7729	trait	Okay.	[]		nvidia/parakeet-tdt-0.6b-v3	cpu
torgo-F01-Session1-0134	F01	dysarthric	/Users/animesh/Animesh/Project 2.0/echora/data/raw/torgo/F/F01/Session1/wav_headMic/0134.wav	1.981	1.018	0.5140	yes	Yeah.	[]		nvidia/parakeet-tdt-0.6b-v3	cpu
torgo-F03-Session1-0005	F03	dysarthric	/Users/animesh/Animesh/Project 2.0/echora/data/raw/torgo/F/F03/Session1/wav_headMic/0005.wav	1.143	0.970	0.8488	beta	Pay that.	[]		nvidia/parakeet-tdt-0.6b-v3	cpu
torgo-F03-Session1-0006	F03	dysarthric	/Users/animesh/Animesh/Project 2.0/echora/data/raw/torgo/F/F03/Session1/wav_headMic/0006.wav	1.217	0.957	0.7870	stubble	Степл.	[]		nvidia/parakeet-tdt-0.6b-v3	cpu
torgo-F03-Session1-0007	F03	dysarthric	/Users/animesh/Animesh/Project 2.0/echora/data/raw/torgo/F/F03/Session1/wav_headMic/0007.wav	0.922	0.954	1.0349	stubble	Steppo.	[]		nvidia/parakeet-tdt-0.6b-v3	cpu
torgo-F03-Session1-0008	F03	dysarthric	/Users/animesh/Animesh/Project 2.0/echora/data/raw/torgo/F/F03/Session1/wav_headMic/0008.wav	1.346	0.956	0.7105	trace	Trace.	[]		nvidia/parakeet-tdt-0.6b-v3	cpu
torgo-F03-Session1-0009	F03	dysarthric	/Users/animesh/Animesh/Project 2.0/echora/data/raw/torgo/F/F03/Session1/wav_headMic/0009.wav	1.217	0.964	0.7927	goat	Коудж.	[]		nvidia/parakeet-tdt-0.6b-v3	cpu
torgo-F03-Session1-0010	F03	dysarthric	/Users/animesh/Animesh/Project 2.0/echora/data/raw/torgo/F/F03/Session1/wav_headMic/0010.wav	1.493	0.972	0.6513	form	Four.	[]		nvidia/parakeet-tdt-0.6b-v3	cpu
torgo-F03-Session1-0011	F03	dysarthric	/Users/animesh/Animesh/Project 2.0/echora/data/raw/torgo/F/F03/Session1/wav_headMic/0011.wav	5.751	1.021	0.1775	She had your dark suit in greasy wash water all year.	She had your dark suit in greasy washwater all year.	[]		nvidia/parakeet-tdt-0.6b-v3	cpu
torgo-F03-Session1-0012	F03	dysarthric	/Users/animesh/Animesh/Project 2.0/echora/data/raw/torgo/F/F03/Session1/wav_headMic/0012.wav	3.613	1.026	0.2839	Well, he is nearly ninety-three years old.	Well, he's nearly ninety three years old.	[]		nvidia/parakeet-tdt-0.6b-v3	cpu
torgo-F03-Session1-0013	F03	dysarthric	/Users/animesh/Animesh/Project 2.0/echora/data/raw/torgo/F/F03/Session1/wav_headMic/0013.wav	1.160	0.972	0.8383	knew	New.	[]		nvidia/parakeet-tdt-0.6b-v3	cpu
torgo-F03-Session1-0014	F03	dysarthric	/Users/animesh/Animesh/Project 2.0/echora/data/raw/torgo/F/F03/Session1/wav_headMic/0014.wav	2.458	0.921	0.3745	sip		[]		nvidia/parakeet-tdt-0.6b-v3	cpu
torgo-F03-Session1-0015	F03	dysarthric	/Users/animesh/Animesh/Project 2.0/echora/data/raw/torgo/F/F03/Session1/wav_headMic/0015.wav	2.041	0.931	0.4564	alpha	Алфа.	[]		nvidia/parakeet-tdt-0.6b-v3	cpu
torgo-F03-Session1-0016	F03	dysarthric	/Users/animesh/Animesh/Project 2.0/echora/data/raw/torgo/F/F03/Session1/wav_headMic/0016.wav	2.737	0.959	0.3502	swarm	Swarm.	[]		nvidia/parakeet-tdt-0.6b-v3	cpu
torgo-F03-Session1-0017	F03	dysarthric	/Users/animesh/Animesh/Project 2.0/echora/data/raw/torgo/F/F03/Session1/wav_headMic/0017.wav	1.855	0.935	0.5042	jacket	Jacket.	[]		nvidia/parakeet-tdt-0.6b-v3	cpu
torgo-F03-Session1-0018	F03	dysarthric	/Users/animesh/Animesh/Project 2.0/echora/data/raw/torgo/F/F03/Session1/wav_headMic/0018.wav	1.902	0.933	0.4908	rate	Рэйт.	[]		nvidia/parakeet-tdt-0.6b-v3	cpu
torgo-F03-Session1-0020	F03	dysarthric	/Users/animesh/Animesh/Project 2.0/echora/data/raw/torgo/F/F03/Session1/wav_headMic/0020.wav	1.995	0.933	0.4677	tear	Tear.	[]		nvidia/parakeet-tdt-0.6b-v3	cpu
torgo-F03-Session1-0021	F03	dysarthric	/Users/animesh/Animesh/Project 2.0/echora/data/raw/torgo/F/F03/Session1/wav_headMic/0021.wav	1.902	0.930	0.4888	trade	Трейд.	[]		nvidia/parakeet-tdt-0.6b-v3	cpu
torgo-F03-Session1-0022	F03	dysarthric	/Users/animesh/Animesh/Project 2.0/echora/data/raw/torgo/F/F03/Session1/wav_headMic/0022.wav	1.948	0.933	0.4787	for	Фоко.	[]		nvidia/parakeet-tdt-0.6b-v3	cpu
torgo-F03-Session1-0024	F03	dysarthric	/Users/animesh/Animesh/Project 2.0/echora/data/raw/torgo/F/F03/Session1/wav_headMic/0024.wav	9.973	1.081	0.1084	Twice each day he plays skillfully and with zest upon our little organ.	Twice each day he plays skillfully and with death upon our llorgan.	[]		nvidia/parakeet-tdt-0.6b-v3	cpu
torgo-F03-Session1-0025	F03	dysarthric	/Users/animesh/Animesh/Project 2.0/echora/data/raw/torgo/F/F03/Session1/wav_headMic/0025.wav	10.159	1.087	0.1070	Twice each day he plays skillfully and with zest upon our small organ.	Twice each day he plays skillfully and with zess upon a small organ.	[]		nvidia/parakeet-tdt-0.6b-v3	cpu
torgo-F03-Session1-0026	F03	dysarthric	/Users/animesh/Animesh/Project 2.0/echora/data/raw/torgo/F/F03/Session1/wav_headMic/0026.wav	1.670	0.971	0.5813	grow	Girl.	[]		nvidia/parakeet-tdt-0.6b-v3	cpu
torgo-F03-Session1-0027	F03	dysarthric	/Users/animesh/Animesh/Project 2.0/echora/data/raw/torgo/F/F03/Session1/wav_headMic/0027.wav	1.021	0.962	0.9429	know	No.	[]		nvidia/parakeet-tdt-0.6b-v3	cpu
torgo-F03-Session1-0028	F03	dysarthric	/Users/animesh/Animesh/Project 2.0/echora/data/raw/torgo/F/F03/Session1/wav_headMic/0028.wav	8.906	1.061	0.1192	We have often urged him to walk more and smoke less,	We have often urged him to walk more and smoke less.	[]		nvidia/parakeet-tdt-0.6b-v3	cpu
torgo-F03-Session1-0030	F03	dysarthric	/Users/animesh/Animesh/Project 2.0/echora/data/raw/torgo/F/F03/Session1/wav_headMic/0030.wav	8.257	1.062	0.1287	Except in the winter when the ozone or snow or ice prevents.	Except in the winter, when the ozone or snow or ice prevents.	[]		nvidia/parakeet-tdt-0.6b-v3	cpu
torgo-F03-Session1-0031	F03	dysarthric	/Users/animesh/Animesh/Project 2.0/echora/data/raw/torgo/F/F03/Session1/wav_headMic/0031.wav	8.118	1.061	0.1307	Except in the winter when the ooze or snow or ice prevents,	Except in the winter when the oaths or snow or ice prevents	[]		nvidia/parakeet-tdt-0.6b-v3	cpu
torgo-F03-Session1-0032	F03	dysarthric	/Users/animesh/Animesh/Project 2.0/echora/data/raw/torgo/F/F03/Session1/wav_headMic/0032.wav	2.876	0.954	0.3315	fair	Fair.	[]		nvidia/parakeet-tdt-0.6b-v3	cpu
torgo-F03-Session1-0033	F03	dysarthric	/Users/animesh/Animesh/Project 2.0/echora/data/raw/torgo/F/F03/Session1/wav_headMic/0033.wav	2.691	0.958	0.3560	weed	Уидж.	[]		nvidia/parakeet-tdt-0.6b-v3	cpu
torgo-F03-Session1-0034	F03	dysarthric	/Users/animesh/Animesh/Project 2.0/echora/data/raw/torgo/F/F03/Session1/wav_headMic/0034.wav	2.458	0.932	0.3792	spark	Спарк.	[]		nvidia/parakeet-tdt-0.6b-v3	cpu
torgo-F03-Session1-0035	F03	dysarthric	/Users/animesh/Animesh/Project 2.0/echora/data/raw/torgo/F/F03/Session1/wav_headMic/0035.wav	2.783	0.955	0.3433	read		[]		nvidia/parakeet-tdt-0.6b-v3	cpu
torgo-F03-Session1-0036	F03	dysarthric	/Users/animesh/Animesh/Project 2.0/echora/data/raw/torgo/F/F03/Session1/wav_headMic/0036.wav	3.525	0.952	0.2700	hair	Hair.	[]		nvidia/parakeet-tdt-0.6b-v3	cpu
torgo-F03-Session1-0037	F03	dysarthric	/Users/animesh/Animesh/Project 2.0/echora/data/raw/torgo/F/F03/Session1/wav_headMic/0037.wav	5.659	1.021	0.1804	A long, flowing beard clings to his chin,	A long flowing beer clings to his chin.	[]		nvidia/parakeet-tdt-0.6b-v3	cpu
torgo-F03-Session1-0038	F03	dysarthric	/Users/animesh/Animesh/Project 2.0/echora/data/raw/torgo/F/F03/Session1/wav_headMic/0038.wav	1.809	0.911	0.5035	air	Air.	[]		nvidia/parakeet-tdt-0.6b-v3	cpu
torgo-F03-Session1-0039	F03	dysarthric	/Users/animesh/Animesh/Project 2.0/echora/data/raw/torgo/F/F03/Session1/wav_headMic/0039.wav	2.366	0.921	0.3892	chair	Cheer.	[]		nvidia/parakeet-tdt-0.6b-v3	cpu
torgo-F03-Session1-0040	F03	dysarthric	/Users/animesh/Animesh/Project 2.0/echora/data/raw/torgo/F/F03/Session1/wav_headMic/0040.wav	2.551	0.904	0.3544	sip	Set.	[]		nvidia/parakeet-tdt-0.6b-v3	cpu
torgo-F03-Session1-0041	F03	dysarthric	/Users/animesh/Animesh/Project 2.0/echora/data/raw/torgo/F/F03/Session1/wav_headMic/0041.wav	2.412	0.916	0.3797	two	True.	[]		nvidia/parakeet-tdt-0.6b-v3	cpu
torgo-F03-Session1-0042	F03	dysarthric	/Users/animesh/Animesh/Project 2.0/echora/data/raw/torgo/F/F03/Session1/wav_headMic/0042.wav	1.902	0.912	0.4797	lead	L lead.	[]		nvidia/parakeet-tdt-0.6b-v3	cpu
torgo-F03-Session1-0043	F03	dysarthric	/Users/animesh/Animesh/Project 2.0/echora/data/raw/torgo/F/F03/Session1/wav_headMic/0043.wav	2.087	0.918	0.4398	right	Right.	[]		nvidia/parakeet-tdt-0.6b-v3	cpu
torgo-F03-Session1-0044	F03	dysarthric	/Users/animesh/Animesh/Project 2.0/echora/data/raw/torgo/F/F03/Session1/wav_headMic/0044.wav	1.809	0.918	0.5075	sheet	Sheet.	[]		nvidia/parakeet-tdt-0.6b-v3	cpu
torgo-F03-Session1-0045	F03	dysarthric	/Users/animesh/Animesh/Project 2.0/echora/data/raw/torgo/F/F03/Session1/wav_headMic/0045.wav	2.458	0.913	0.3713	ship	Шеп.	[]		nvidia/parakeet-tdt-0.6b-v3	cpu
torgo-F03-Session1-0046	F03	dysarthric	/Users/animesh/Animesh/Project 2.0/echora/data/raw/torgo/F/F03/Session1/wav_headMic/0046.wav	2.459	0.910	0.3703	bag	Egg.	[]		nvidia/parakeet-tdt-0.6b-v3	cpu
torgo-F03-Session1-0047	F03	dysarthric	/Users/animesh/Animesh/Project 2.0/echora/data/raw/torgo/F/F03/Session1/wav_headMic/0047.wav	2.830	0.936	0.3307	bug	Пайк.	[]		nvidia/parakeet-tdt-0.6b-v3	cpu
torgo-F03-Session1-0048	F03	dysarthric	/Users/animesh/Animesh/Project 2.0/echora/data/raw/torgo/F/F03/Session1/wav_headMic/0048.wav	2.087	0.919	0.4404	park	Park.	[]		nvidia/parakeet-tdt-0.6b-v3	cpu
torgo-F03-Session1-0049	F03	dysarthric	/Users/animesh/Animesh/Project 2.0/echora/data/raw/torgo/F/F03/Session1/wav_headMic/0049.wav	1.535	0.956	0.6227	yes	Yes.	[]		nvidia/parakeet-tdt-0.6b-v3	cpu
torgo-F03-Session1-0050	F03	dysarthric	/Users/animesh/Animesh/Project 2.0/echora/data/raw/torgo/F/F03/Session1/wav_headMic/0050.wav	1.786	0.911	0.5103	feet	Feet.	[]		nvidia/parakeet-tdt-0.6b-v3	cpu
torgo-F03-Session1-0051	F03	dysarthric	/Users/animesh/Animesh/Project 2.0/echora/data/raw/torgo/F/F03/Session1/wav_headMic/0051.wav	2.512	0.914	0.3640	rage	Rage. Rage.	[]		nvidia/parakeet-tdt-0.6b-v3	cpu
torgo-F03-Session1-0052	F03	dysarthric	/Users/animesh/Animesh/Project 2.0/echora/data/raw/torgo/F/F03/Session1/wav_headMic/0052.wav	2.707	0.938	0.3465	feed	Фри.	[]		nvidia/parakeet-tdt-0.6b-v3	cpu
torgo-F03-Session1-0053	F03	dysarthric	/Users/animesh/Animesh/Project 2.0/echora/data/raw/torgo/F/F03/Session1/wav_headMic/0053.wav	4.354	0.961	0.2207	You wished to know all about my grandfather.	You wish to know all about my grandfather.	[]		nvidia/parakeet-tdt-0.6b-v3	cpu
torgo-F03-Session1-0054	F03	dysarthric	/Users/animesh/Animesh/Project 2.0/echora/data/raw/torgo/F/F03/Session1/wav_headMic/0054.wav	1.060	0.943	0.8892	bat	But	[]		nvidia/parakeet-tdt-0.6b-v3	cpu
torgo-F03-Session1-0055	F03	dysarthric	/Users/animesh/Animesh/Project 2.0/echora/data/raw/torgo/F/F03/Session1/wav_headMic/0055.wav	4.019	0.964	0.2398	Grandfather likes to be modern in his language.	Grandfather likes to be moderate in his language.	[]		nvidia/parakeet-tdt-0.6b-v3	cpu
torgo-F03-Session1-0056	F03	dysarthric	/Users/animesh/Animesh/Project 2.0/echora/data/raw/torgo/F/F03/Session1/wav_headMic/0056.wav	2.093	0.936	0.4473	stick	Stick.	[]		nvidia/parakeet-tdt-0.6b-v3	cpu
torgo-F03-Session1-0057	F03	dysarthric	/Users/animesh/Animesh/Project 2.0/echora/data/raw/torgo/F/F03/Session1/wav_headMic/0057.wav	1.842	0.910	0.4940	train	Трайн.	[]		nvidia/parakeet-tdt-0.6b-v3	cpu
torgo-F03-Session1-0058	F03	dysarthric	/Users/animesh/Animesh/Project 2.0/echora/data/raw/torgo/F/F03/Session1/wav_headMic/0058.wav	1.200	0.943	0.7855	horn	Хуэн.	[]		nvidia/parakeet-tdt-0.6b-v3	cpu
torgo-F03-Session1-0059	F03	dysarthric	/Users/animesh/Animesh/Project 2.0/echora/data/raw/torgo/F/F03/Session1/wav_headMic/0059.wav	1.786	0.928	0.5194	rake	Great.	[]		nvidia/parakeet-tdt-0.6b-v3	cpu
torgo-F03-Session1-0060	F03	dysarthric	/Users/animesh/Animesh/Project 2.0/echora/data/raw/torgo/F/F03/Session1/wav_headMic/0060.wav	1.200	0.970	0.8079	floor	Floor.	[]		nvidia/parakeet-tdt-0.6b-v3	cpu
torgo-F03-Session1-0061	F03	dysarthric	/Users/animesh/Animesh/Project 2.0/echora/data/raw/torgo/F/F03/Session1/wav_headMic/0061.wav	0.865	0.991	1.1460	dagger	Daga.	[]		nvidia/parakeet-tdt-0.6b-v3	cpu
torgo-F03-Session1-0062	F03	dysarthric	/Users/animesh/Animesh/Project 2.0/echora/data/raw/torgo/F/F03/Session1/wav_headMic/0062.wav	2.037	0.890	0.4369	rain	Гуэй.	[]		nvidia/parakeet-tdt-0.6b-v3	cpu
torgo-F03-Session1-0063	F03	dysarthric	/Users/animesh/Animesh/Project 2.0/echora/data/raw/torgo/F/F03/Session1/wav_headMic/0063.wav	1.814	0.893	0.4924	gadget	Дадже.	[]		nvidia/parakeet-tdt-0.6b-v3	cpu
torgo-F03-Session1-0064	F03	dysarthric	/Users/animesh/Animesh/Project 2.0/echora/data/raw/torgo/F/F03/Session1/wav_headMic/0064.wav	1.088	0.935	0.8591	one	One.	[]		nvidia/parakeet-tdt-0.6b-v3	cpu
torgo-F03-Session1-0065	F03	dysarthric	/Users/animesh/Animesh/Project 2.0/echora/data/raw/torgo/F/F03/Session1/wav_headMic/0065.wav	1.870	1.410	0.7540	rave	Rave.	[]		nvidia/parakeet-tdt-0.6b-v3	cpu
torgo-F03-Session1-0066	F03	dysarthric	/Users/animesh/Animesh/Project 2.0/echora/data/raw/torgo/F/F03/Session1/wav_headMic/0066.wav	1.144	1.076	0.9407	bubble	Там.	[]		nvidia/parakeet-tdt-0.6b-v3	cpu
torgo-F03-Session1-0067	F03	dysarthric	/Users/animesh/Animesh/Project 2.0/echora/data/raw/torgo/F/F03/Session1/wav_headMic/0067.wav	0.893	0.958	1.0728	gnaw	No.	[]		nvidia/parakeet-tdt-0.6b-v3	cpu
torgo-F03-Session1-0068	F03	dysarthric	/Users/animesh/Animesh/Project 2.0/echora/data/raw/torgo/F/F03/Session1/wav_headMic/0068.wav	1.451	0.956	0.6584	range	Рэйндж.	[]		nvidia/parakeet-tdt-0.6b-v3	cpu
torgo-F03-Session1-0069	F03	dysarthric	/Users/animesh/Animesh/Project 2.0/echora/data/raw/torgo/F/F03/Session1/wav_headMic/0069.wav	1.284	1.219	0.9497	down	Down.	[]		nvidia/parakeet-tdt-0.6b-v3	cpu
torgo-F03-Session1-0070	F03	dysarthric	/Users/animesh/Animesh/Project 2.0/echora/data/raw/torgo/F/F03/Session1/wav_headMic/0070.wav	10.800	1.186	0.1098	giving those who observe him a pronounced feeling of the utmost respect.	giving those who observe him pronounced feeling of the utmost respect	[]		nvidia/parakeet-tdt-0.6b-v3	cpu
torgo-F03-Session1-0071	F03	dysarthric	/Users/animesh/Animesh/Project 2.0/echora/data/raw/torgo/F/F03/Session1/wav_headMic/0071.wav	1.340	1.025	0.7651	trait	Чечь.	[]		nvidia/parakeet-tdt-0.6b-v3	cpu
torgo-F03-Session1-0072	F03	dysarthric	/Users/animesh/Animesh/Project 2.0/echora/data/raw/torgo/F/F03/Session1/wav_headMic/0072.wav	7.423	1.413	0.1904	he slowly takes a short walk in the open air each day.	He slowly takes a short walk in the open air each day.	[]		nvidia/parakeet-tdt-0.6b-v3	cpu
torgo-F03-Session1-0073	F03	dysarthric	/Users/animesh/Animesh/Project 2.0/echora/data/raw/torgo/F/F03/Session1/wav_headMic/0073.wav	1.312	1.027	0.7834	knee	Ми.	[]		nvidia/parakeet-tdt-0.6b-v3	cpu
torgo-F03-Session1-0074	F03	dysarthric	/Users/animesh/Animesh/Project 2.0/echora/data/raw/torgo/F/F03/Session1/wav_headMic/0074.wav	1.005	0.980	0.9752	dark	That's	[]		nvidia/parakeet-tdt-0.6b-v3	cpu
torgo-F03-Session1-0075	F03	dysarthric	/Users/animesh/Animesh/Project 2.0/echora/data/raw/torgo/F/F03/Session1/wav_headMic/0075.wav	5.861	1.020	0.1740	he dresses himself in an ancient black frock coat,	He dresses himself in an ancient black flock coat.	[]		nvidia/parakeet-tdt-0.6b-v3	cpu
torgo-F03-Session1-0076	F03	dysarthric	/Users/animesh/Animesh/Project 2.0/echora/data/raw/torgo/F/F03/Session1/wav_headMic/0076.wav	1.116	0.968	0.8669	born	Born.	[]		nvidia/parakeet-tdt-0.6b-v3	cpu
torgo-F03-Session1-0077	F03	dysarthric	/Users/animesh/Animesh/Project 2.0/echora/data/raw/torgo/F/F03/Session1/wav_headMic/0077.wav	0.977	0.947	0.9692	go	Go.	[]		nvidia/parakeet-tdt-0.6b-v3	cpu
torgo-F03-Session1-0078	F03	dysarthric	/Users/animesh/Animesh/Project 2.0/echora/data/raw/torgo/F/F03/Session1/wav_headMic/0078.wav	0.893	0.981	1.0989	bit	Пять.	[]		nvidia/parakeet-tdt-0.6b-v3	cpu
torgo-F03-Session1-0079	F03	dysarthric	/Users/animesh/Animesh/Project 2.0/echora/data/raw/torgo/F/F03/Session1/wav_headMic/0079.wav	0.753	0.960	1.2746	race	Race.	[]		nvidia/parakeet-tdt-0.6b-v3	cpu
torgo-F03-Session1-0080	F03	dysarthric	/Users/animesh/Animesh/Project 2.0/echora/data/raw/torgo/F/F03/Session1/wav_headMic/0080.wav	0.865	0.970	1.1213	store	Storm.	[]		nvidia/parakeet-tdt-0.6b-v3	cpu
torgo-F03-Session1-0081	F03	dysarthric	/Users/animesh/Animesh/Project 2.0/echora/data/raw/torgo/F/F03/Session1/wav_headMic/0081.wav	1.172	0.970	0.8273	torn	Tone.	[]		nvidia/parakeet-tdt-0.6b-v3	cpu
torgo-F03-Session1-0082	F03	dysarthric	/Users/animesh/Animesh/Project 2.0/echora/data/raw/torgo/F/F03/Session1/wav_headMic/0082.wav	0.865	0.960	1.1099	share	Sure.	[]		nvidia/parakeet-tdt-0.6b-v3	cpu
torgo-F03-Session1-0083	F03	dysarthric	/Users/animesh/Animesh/Project 2.0/echora/data/raw/torgo/F/F03/Session1/wav_headMic/0083.wav	0.865	0.962	1.1115	corn	Coin.	[]		nvidia/parakeet-tdt-0.6b-v3	cpu
torgo-F03-Session1-0084	F03	dysarthric	/Users/animesh/Animesh/Project 2.0/echora/data/raw/torgo/F/F03/Session1/wav_headMic/0084.wav	1.256	0.972	0.7739	double	Таба.	[]		nvidia/parakeet-tdt-0.6b-v3	cpu
torgo-F03-Session1-0085	F03	dysarthric	/Users/animesh/Animesh/Project 2.0/echora/data/raw/torgo/F/F03/Session1/wav_headMic/0085.wav	1.423	0.964	0.6777	trouble	Trouble.	[]		nvidia/parakeet-tdt-0.6b-v3	cpu
torgo-F03-Session1-0086	F03	dysarthric	/Users/animesh/Animesh/Project 2.0/echora/data/raw/torgo/F/F03/Session1/wav_headMic/0086.wav	0.921	0.964	1.0465	sticks	Sticks.	[]		nvidia/parakeet-tdt-0.6b-v3	cpu
torgo-F03-Session1-0087	F03	dysarthric	/Users/animesh/Animesh/Project 2.0/echora/data/raw/torgo/F/F03/Session1/wav_headMic/0087.wav	1.647	0.973	0.5908	storm	Strong.	[]		nvidia/parakeet-tdt-0.6b-v3	cpu
torgo-F03-Session1-0089	F03	dysarthric	/Users/animesh/Animesh/Project 2.0/echora/data/raw/torgo/F/F03/Session1/wav_headMic/0089.wav	1.060	0.980	0.9246	read	Read.	[]		nvidia/parakeet-tdt-0.6b-v3	cpu
torgo-F03-Session1-0090	F03	dysarthric	/Users/animesh/Animesh/Project 2.0/echora/data/raw/torgo/F/F03/Session1/wav_headMic/0090.wav	1.284	0.993	0.7737	jagged	Do I get it?	[]		nvidia/parakeet-tdt-0.6b-v3	cpu
torgo-F03-Session1-0091	F03	dysarthric	/Users/animesh/Animesh/Project 2.0/echora/data/raw/torgo/F/F03/Session1/wav_headMic/0091.wav	0.753	1.031	1.3683	tip	Okay.	[]		nvidia/parakeet-tdt-0.6b-v3	cpu
torgo-F03-Session1-0092	F03	dysarthric	/Users/animesh/Animesh/Project 2.0/echora/data/raw/torgo/F/F03/Session1/wav_headMic/0092.wav	1.591	1.048	0.6589	swore	Своа.	[]		nvidia/parakeet-tdt-0.6b-v3	cpu
torgo-F03-Session1-0093	F03	dysarthric	/Users/animesh/Animesh/Project 2.0/echora/data/raw/torgo/F/F03/Session1/wav_headMic/0093.wav	1.060	0.975	0.9199	car	K.	[]		nvidia/parakeet-tdt-0.6b-v3	cpu
torgo-F03-Session1-0094	F03	dysarthric	/Users/animesh/Animesh/Project 2.0/echora/data/raw/torgo/F/F03/Session1/wav_headMic/0094.wav	0.642	0.978	1.5242	feet	Free.	[]		nvidia/parakeet-tdt-0.6b-v3	cpu
torgo-F03-Session1-0095	F03	dysarthric	/Users/animesh/Animesh/Project 2.0/echora/data/raw/torgo/F/F03/Session1/wav_headMic/0095.wav	6.419	1.102	0.1717	When he speaks, his voice is just a bit cracked and quivers a trifle.	When he speaks, his voice is just a back crack, and a quivers and a truffle.	[]		nvidia/parakeet-tdt-0.6b-v3	cpu
torgo-F03-Session1-0096	F03	dysarthric	/Users/animesh/Animesh/Project 2.0/echora/data/raw/torgo/F/F03/Session1/wav_headMic/0096.wav	3.712	0.984	0.2652	Don't ask me to carry an oily rag like that.	Don't ask me to carry an oil oily rag like that.	[]		nvidia/parakeet-tdt-0.6b-v3	cpu
torgo-F03-Session1-0097	F03	dysarthric	/Users/animesh/Animesh/Project 2.0/echora/data/raw/torgo/F/F03/Session1/wav_headMic/0097.wav	0.935	1.050	1.1226	pat	Hmm.	[]		nvidia/parakeet-tdt-0.6b-v3	cpu
torgo-F03-Session1-0098	F03	dysarthric	/Users/animesh/Animesh/Project 2.0/echora/data/raw/torgo/F/F03/Session1/wav_headMic/0098.wav	0.935	0.959	1.0258	raid	Right.	[]		nvidia/parakeet-tdt-0.6b-v3	cpu
torgo-F03-Session1-0099	F03	dysarthric	/Users/animesh/Animesh/Project 2.0/echora/data/raw/torgo/F/F03/Session1/wav_headMic/0099.wav	0.628	0.922	1.4679	slip	Slip.	[]		nvidia/parakeet-tdt-0.6b-v3	cpu
torgo-F03-Session1-0102	F03	dysarthric	/Users/animesh/Animesh/Project 2.0/echora/data/raw/torgo/F/F03/Session1/wav_headMic/0102.wav	0.544	0.921	1.6923	the	T.	[]		nvidia/parakeet-tdt-0.6b-v3	cpu
torgo-F03-Session1-0104	F03	dysarthric	/Users/animesh/Animesh/Project 2.0/echora/data/raw/torgo/F/F03/Session1/wav_headMic/0104.wav	0.851	0.937	1.1012	beat	P.	[]		nvidia/parakeet-tdt-0.6b-v3	cpu
torgo-F03-Session1-0105	F03	dysarthric	/Users/animesh/Animesh/Project 2.0/echora/data/raw/torgo/F/F03/Session1/wav_headMic/0105.wav	1.060	0.917	0.8646	swarm	Swarm.	[]		nvidia/parakeet-tdt-0.6b-v3	cpu
torgo-F03-Session1-0106	F03	dysarthric	/Users/animesh/Animesh/Project 2.0/echora/data/raw/torgo/F/F03/Session1/wav_headMic/0106.wav	0.642	0.926	1.4432	beat	Бей.	[]		nvidia/parakeet-tdt-0.6b-v3	cpu
torgo-F03-Session1-0107	F03	dysarthric	/Users/animesh/Animesh/Project 2.0/echora/data/raw/torgo/F/F03/Session1/wav_headMic/0107.wav	3.405	0.933	0.2740	The quick brown fox jumps over the lazy dog.	The quick brown fox jumps over the lazy dog.	[]		nvidia/parakeet-tdt-0.6b-v3	cpu
torgo-F03-Session1-0108	F03	dysarthric	/Users/animesh/Animesh/Project 2.0/echora/data/raw/torgo/F/F03/Session1/wav_headMic/0108.wav	1.186	0.939	0.7913	air	Air.	[]		nvidia/parakeet-tdt-0.6b-v3	cpu
torgo-F03-Session1-0109	F03	dysarthric	/Users/animesh/Animesh/Project 2.0/echora/data/raw/torgo/F/F03/Session1/wav_headMic/0109.wav	1.172	0.932	0.7952	farm	Фа.	[]		nvidia/parakeet-tdt-0.6b-v3	cpu
torgo-F03-Session1-0110	F03	dysarthric	/Users/animesh/Animesh/Project 2.0/echora/data/raw/torgo/F/F03/Session1/wav_headMic/0110.wav	0.586	0.921	1.5707	up	Up.	[]		nvidia/parakeet-tdt-0.6b-v3	cpu
torgo-F03-Session1-0111	F03	dysarthric	/Users/animesh/Animesh/Project 2.0/echora/data/raw/torgo/F/F03/Session1/wav_headMic/0111.wav	1.451	0.943	0.6500	warm	One	[]		nvidia/parakeet-tdt-0.6b-v3	cpu
torgo-F03-Session1-0112	F03	dysarthric	/Users/animesh/Animesh/Project 2.0/echora/data/raw/torgo/F/F03/Session1/wav_headMic/0112.wav	1.102	0.936	0.8491	left	Left.	[]		nvidia/parakeet-tdt-0.6b-v3	cpu
torgo-F03-Session1-0113	F03	dysarthric	/Users/animesh/Animesh/Project 2.0/echora/data/raw/torgo/F/F03/Session1/wav_headMic/0113.wav	1.535	0.932	0.6070	sip	Sup.	[]		nvidia/parakeet-tdt-0.6b-v3	cpu
torgo-F03-Session1-0114	F03	dysarthric	/Users/animesh/Animesh/Project 2.0/echora/data/raw/torgo/F/F03/Session1/wav_headMic/0114.wav	1.248	0.922	0.7389	knew	Не.	[]		nvidia/parakeet-tdt-0.6b-v3	cpu
torgo-F03-Session1-0115	F03	dysarthric	/Users/animesh/Animesh/Project 2.0/echora/data/raw/torgo/F/F03/Session1/wav_headMic/0115.wav	3.692	0.934	0.2530	yet he still thinks as swiftly as ever.	Yet he still thinks as swiftly as ever.	[]		nvidia/parakeet-tdt-0.6b-v3	cpu
torgo-F03-Session1-0116	F03	dysarthric	/Users/animesh/Animesh/Project 2.0/echora/data/raw/torgo/F/F03/Session1/wav_headMic/0116.wav	2.848	0.937	0.3291	Usually minus several buttons	Usually minus several buttons.	[]		nvidia/parakeet-tdt-0.6b-v3	cpu
torgo-F03-Session1-0117	F03	dysarthric	/Users/animesh/Animesh/Project 2.0/echora/data/raw/torgo/F/F03/Session1/wav_headMic/0117.wav	1.196	0.934	0.7808	chair	Че?	[]		nvidia/parakeet-tdt-0.6b-v3	cpu
torgo-F03-Session1-0118	F03	dysarthric	/Users/animesh/Animesh/Project 2.0/echora/data/raw/torgo/F/F03/Session1/wav_headMic/0118.wav	193.829	9.989	0.0515	no	New Yet he still thinks as swiftly as ever yet he still thinks as swiftly as ever usually minus several buttons Usually minus several buttons No meat meat But he always answers banana oil But he always answers banana oil Can you read that one How do you pronounce it? Oh okay as long as you can go slower than usual Okay Oh did I like Oh Feed Feed Feed Fee Dug Dug Storm Store Select Select Bad Bad No Pat Pat Pile Pile Bad Bad Shear Shear I looked up and noticed two old men I looked up and noticed two old men of Suit Suit Wear Wear Back Just repeat it back Steer Steer Jane may earn more money by working hard Jane may earn more money by working hard just one side got wet one side got wet eight eight I scrubbed the floors thoroughly I scrubbed the floor th thoroughly fruit fruit okay small fifty	[]		nvidia/parakeet-tdt-0.6b-v3	cpu
torgo-F03-Session1-0119	F03	dysarthric	/Users/animesh/Animesh/Project 2.0/echora/data/raw/torgo/F/F03/Session1/wav_headMic/0119.wav	1.125	2.244	1.9944	warm	Уан.	[]		nvidia/parakeet-tdt-0.6b-v3	cpu
torgo-F03-Session1-0120	F03	dysarthric	/Users/animesh/Animesh/Project 2.0/echora/data/raw/torgo/F/F03/Session1/wav_headMic/0120.wav	1.002	1.699	1.6956	meat	Мейк.	[]		nvidia/parakeet-tdt-0.6b-v3	cpu
torgo-F03-Session1-0121	F03	dysarthric	/Users/animesh/Animesh/Project 2.0/echora/data/raw/torgo/F/F03/Session1/wav_headMic/0121.wav	3.253	0.911	0.2800	but he always answers, Banana oil!	But he always answers banana oil.	[]		nvidia/parakeet-tdt-0.6b-v3	cpu
torgo-F03-Session1-0124	F03	dysarthric	/Users/animesh/Animesh/Project 2.0/echora/data/raw/torgo/F/F03/Session1/wav_headMic/0124.wav	1.266	1.064	0.8406	feed	Free.	[]		nvidia/parakeet-tdt-0.6b-v3	cpu
torgo-F03-Session1-0125	F03	dysarthric	/Users/animesh/Animesh/Project 2.0/echora/data/raw/torgo/F/F03/Session1/wav_headMic/0125.wav	1.002	1.194	1.1916	fee	Фи.	[]		nvidia/parakeet-tdt-0.6b-v3	cpu
torgo-F03-Session1-0126	F03	dysarthric	/Users/animesh/Animesh/Project 2.0/echora/data/raw/torgo/F/F03/Session1/wav_headMic/0126.wav	1.301	1.453	1.1168	dug	Так.	[]		nvidia/parakeet-tdt-0.6b-v3	cpu
torgo-F03-Session1-0127	F03	dysarthric	/Users/animesh/Animesh/Project 2.0/echora/data/raw/torgo/F/F03/Session1/wav_headMic/0127.wav	1.301	1.023	0.7862	storm	Store.	[]		nvidia/parakeet-tdt-0.6b-v3	cpu
torgo-F03-Session1-0128	F03	dysarthric	/Users/animesh/Animesh/Project 2.0/echora/data/raw/torgo/F/F03/Session1/wav_headMic/0128.wav	1.196	1.048	0.8763	select	Слект.	[]		nvidia/parakeet-tdt-0.6b-v3	cpu
torgo-F03-Session1-0129	F03	dysarthric	/Users/animesh/Animesh/Project 2.0/echora/data/raw/torgo/F/F03/Session1/wav_headMic/0129.wav	1.108	0.845	0.7628	bad	T.	[]		nvidia/parakeet-tdt-0.6b-v3	cpu
torgo-F03-Session1-0130	F03	dysarthric	/Users/animesh/Animesh/Project 2.0/echora/data/raw/torgo/F/F03/Session1/wav_headMic/0130.wav	1.512	1.105	0.7309	gnaw	No.	[]		nvidia/parakeet-tdt-0.6b-v3	cpu
torgo-F03-Session1-0131	F03	dysarthric	/Users/animesh/Animesh/Project 2.0/echora/data/raw/torgo/F/F03/Session1/wav_headMic/0131.wav	0.967	0.935	0.9669	pat	Pop.	[]		nvidia/parakeet-tdt-0.6b-v3	cpu
torgo-F03-Session1-0132	F03	dysarthric	/Users/animesh/Animesh/Project 2.0/echora/data/raw/torgo/F/F03/Session1/wav_headMic/0132.wav	1.160	1.288	1.1100	pile	Paul.	[]		nvidia/parakeet-tdt-0.6b-v3	cpu
torgo-F03-Session1-0133	F03	dysarthric	/Users/animesh/Animesh/Project 2.0/echora/data/raw/torgo/F/F03/Session1/wav_headMic/0133.wav	1.125	1.079	0.9586	bad	But	[]		nvidia/parakeet-tdt-0.6b-v3	cpu
torgo-F03-Session1-0134	F03	dysarthric	/Users/animesh/Animesh/Project 2.0/echora/data/raw/torgo/F/F03/Session1/wav_headMic/0134.wav	1.108	0.931	0.8409	shear	Share.	[]		nvidia/parakeet-tdt-0.6b-v3	cpu
torgo-F03-Session1-0135	F03	dysarthric	/Users/animesh/Animesh/Project 2.0/echora/data/raw/torgo/F/F03/Session1/wav_headMic/0135.wav	3.059	0.949	0.3101	I looked up and noticed two old men.	I looked up and noticed two old men.	[]		nvidia/parakeet-tdt-0.6b-v3	cpu
torgo-F03-Session1-0136	F03	dysarthric	/Users/animesh/Animesh/Project 2.0/echora/data/raw/torgo/F/F03/Session1/wav_headMic/0136.wav	0.651	0.927	1.4252	of	Oh.	[]		nvidia/parakeet-tdt-0.6b-v3	cpu
torgo-F03-Session1-0137	F03	dysarthric	/Users/animesh/Animesh/Project 2.0/echora/data/raw/torgo/F/F03/Session1/wav_headMic/0137.wav	0.949	0.940	0.9897	suit	Sure.	[]		nvidia/parakeet-tdt-0.6b-v3	cpu
torgo-F03-Session1-0138	F03	dysarthric	/Users/animesh/Animesh/Project 2.0/echora/data/raw/torgo/F/F03/Session1/wav_headMic/0138.wav	1.108	0.921	0.8318	we're	Боя.	[]		nvidia/parakeet-tdt-0.6b-v3	cpu
torgo-F03-Session1-0139	F03	dysarthric	/Users/animesh/Animesh/Project 2.0/echora/data/raw/torgo/F/F03/Session1/wav_headMic/0139.wav	1.512	0.915	0.6053	back	Так	[]		nvidia/parakeet-tdt-0.6b-v3	cpu
torgo-F03-Session1-0140	F03	dysarthric	/Users/animesh/Animesh/Project 2.0/echora/data/raw/torgo/F/F03/Session1/wav_headMic/0140.wav	0.949	0.932	0.9819	steer	Still.	[]		nvidia/parakeet-tdt-0.6b-v3	cpu
torgo-F03-Session1-0141	F03	dysarthric	/Users/animesh/Animesh/Project 2.0/echora/data/raw/torgo/F/F03/Session1/wav_headMic/0141.wav	3.780	0.954	0.2524	Jane may earn more money by working hard.	Jane may earn more money by working hard.	[]		nvidia/parakeet-tdt-0.6b-v3	cpu
torgo-F03-Session1-0142	F03	dysarthric	/Users/animesh/Animesh/Project 2.0/echora/data/raw/torgo/F/F03/Session1/wav_headMic/0142.wav	2.286	0.904	0.3956	Just one side got wet.	Just one side got wet.	[]		nvidia/parakeet-tdt-0.6b-v3	cpu
torgo-F03-Session1-0143	F03	dysarthric	/Users/animesh/Animesh/Project 2.0/echora/data/raw/torgo/F/F03/Session1/wav_headMic/0143.wav	0.897	0.934	1.0416	ate	Eight.	[]		nvidia/parakeet-tdt-0.6b-v3	cpu
torgo-F03-Session1-0144	F03	dysarthric	/Users/animesh/Animesh/Project 2.0/echora/data/raw/torgo/F/F03/Session1/wav_headMic/0144.wav	3.200	0.951	0.2973	I scrubbed the floors thoroughly.	I scrubbed the floor th thoroughly.	[]		nvidia/parakeet-tdt-0.6b-v3	cpu
torgo-F03-Session1-0145	F03	dysarthric	/Users/animesh/Animesh/Project 2.0/echora/data/raw/torgo/F/F03/Session1/wav_headMic/0145.wav	0.721	0.936	1.2989	fruit	Fruit.	[]		nvidia/parakeet-tdt-0.6b-v3	cpu
torgo-F03-Session1-0146	F03	dysarthric	/Users/animesh/Animesh/Project 2.0/echora/data/raw/torgo/F/F03/Session1/wav_headMic/0146.wav	0.826	0.935	1.1318	sigh	Faith.	[]		nvidia/parakeet-tdt-0.6b-v3	cpu
torgo-F03-Session1-0147	F03	dysarthric	/Users/animesh/Animesh/Project 2.0/echora/data/raw/torgo/F/F03/Session1/wav_headMic/0147.wav	0.545	1.458	2.6775	troop	Troop.	[]		nvidia/parakeet-tdt-0.6b-v3	cpu
torgo-F03-Session1-0148	F03	dysarthric	/Users/animesh/Animesh/Project 2.0/echora/data/raw/torgo/F/F03/Session1/wav_headMic/0148.wav	3.978	0.976	0.2452	Nothing is as offensive as innocence.	Nothing is as offensive as innocence.	[]		nvidia/parakeet-tdt-0.6b-v3	cpu
torgo-F03-Session1-0150	F03	dysarthric	/Users/animesh/Animesh/Project 2.0/echora/data/raw/torgo/F/F03/Session1/wav_headMic/0150.wav	3.079	0.920	0.2988	The train approached the depot slowly.	The train approached the depot slowly.	[]		nvidia/parakeet-tdt-0.6b-v3	cpu
torgo-F03-Session1-0151	F03	dysarthric	/Users/animesh/Animesh/Project 2.0/echora/data/raw/torgo/F/F03/Session1/wav_headMic/0151.wav	1.350	0.929	0.6885	light	Light.	[]		nvidia/parakeet-tdt-0.6b-v3	cpu
torgo-F03-Session1-0152	F03	dysarthric	/Users/animesh/Animesh/Project 2.0/echora/data/raw/torgo/F/F03/Session1/wav_headMic/0152.wav	2.344	0.911	0.3885	This was easy for us.	This was easy for us.	[]		nvidia/parakeet-tdt-0.6b-v3	cpu
torgo-F03-Session1-0153	F03	dysarthric	/Users/animesh/Animesh/Project 2.0/echora/data/raw/torgo/F/F03/Session1/wav_headMic/0153.wav	1.089	1.005	0.9227	wish	Wish.	[]		nvidia/parakeet-tdt-0.6b-v3	cpu
torgo-F03-Session1-0154	F03	dysarthric	/Users/animesh/Animesh/Project 2.0/echora/data/raw/torgo/F/F03/Session1/wav_headMic/0154.wav	1.255	0.979	0.7800	shoot	Shoot.	[]		nvidia/parakeet-tdt-0.6b-v3	cpu
torgo-F03-Session1-0155	F03	dysarthric	/Users/animesh/Animesh/Project 2.0/echora/data/raw/torgo/F/F03/Session1/wav_headMic/0155.wav	1.231	0.940	0.7635	prior	Tire.	[]		nvidia/parakeet-tdt-0.6b-v3	cpu
torgo-F03-Session1-0156	F03	dysarthric	/Users/animesh/Animesh/Project 2.0/echora/data/raw/torgo/F/F03/Session1/wav_headMic/0156.wav	1.184	0.927	0.7831	witch	Which?	[]		nvidia/parakeet-tdt-0.6b-v3	cpu
torgo-F03-Session1-0157	F03	dysarthric	/Users/animesh/Animesh/Project 2.0/echora/data/raw/torgo/F/F03/Session1/wav_headMic/0157.wav	2.534	0.904	0.3567	I feel I can play this weekend.	I feel I can play this weekend.	[]		nvidia/parakeet-tdt-0.6b-v3	cpu
torgo-F03-Session1-0158	F03	dysarthric	/Users/animesh/Animesh/Project 2.0/echora/data/raw/torgo/F/F03/Session1/wav_headMic/0158.wav	0.947	0.895	0.9445	lip	Lip.	[]		nvidia/parakeet-tdt-0.6b-v3	cpu
torgo-F03-Session1-0159	F03	dysarthric	/Users/animesh/Animesh/Project 2.0/echora/data/raw/torgo/F/F03/Session1/wav_headMic/0159.wav	1.137	0.921	0.8106	bear	Pair.	[]		nvidia/parakeet-tdt-0.6b-v3	cpu
torgo-F03-Session1-0160	F03	dysarthric	/Users/animesh/Animesh/Project 2.0/echora/data/raw/torgo/F/F03/Session1/wav_headMic/0160.wav	0.900	0.925	1.0284	coupe	Coop.	[]		nvidia/parakeet-tdt-0.6b-v3	cpu
torgo-F03-Session1-0161	F03	dysarthric	/Users/animesh/Animesh/Project 2.0/echora/data/raw/torgo/F/F03/Session1/wav_headMic/0161.wav	1.113	0.931	0.8368	mut	Matt.	[]		nvidia/parakeet-tdt-0.6b-v3	cpu
torgo-F03-Session1-0162	F03	dysarthric	/Users/animesh/Animesh/Project 2.0/echora/data/raw/torgo/F/F03/Session1/wav_headMic/0162.wav	0.710	0.909	1.2794	fate	Fright.	[]		nvidia/parakeet-tdt-0.6b-v3	cpu
torgo-F03-Session1-0163	F03	dysarthric	/Users/animesh/Animesh/Project 2.0/echora/data/raw/torgo/F/F03/Session1/wav_headMic/0163.wav	0.924	0.902	0.9766	tear	Yeah.	[]		nvidia/parakeet-tdt-0.6b-v3	cpu
torgo-F03-Session1-0164	F03	dysarthric	/Users/animesh/Animesh/Project 2.0/echora/data/raw/torgo/F/F03/Session1/wav_headMic/0164.wav	0.924	0.906	0.9806	sigh	Sorry.	[]		nvidia/parakeet-tdt-0.6b-v3	cpu
torgo-F03-Session1-0165	F03	dysarthric	/Users/animesh/Animesh/Project 2.0/echora/data/raw/torgo/F/F03/Session1/wav_headMic/0165.wav	1.255	0.900	0.7174	yes	Yes.	[]		nvidia/parakeet-tdt-0.6b-v3	cpu
torgo-F03-Session1-0166	F03	dysarthric	/Users/animesh/Animesh/Project 2.0/echora/data/raw/torgo/F/F03/Session1/wav_headMic/0166.wav	0.924	0.913	0.9884	boot	Boot.	[]		nvidia/parakeet-tdt-0.6b-v3	cpu
torgo-F03-Session1-0167	F03	dysarthric	/Users/animesh/Animesh/Project 2.0/echora/data/raw/torgo/F/F03/Session1/wav_headMic/0167.wav	2.771	0.914	0.3297	She is thinner than I am.	She's thinner than I am.	[]		nvidia/parakeet-tdt-0.6b-v3	cpu
torgo-F03-Session1-0168	F03	dysarthric	/Users/animesh/Animesh/Project 2.0/echora/data/raw/torgo/F/F03/Session1/wav_headMic/0168.wav	2.250	0.873	0.3879	Their house is grey and white.	their houses grey and white.	[]		nvidia/parakeet-tdt-0.6b-v3	cpu
torgo-F03-Session1-0169	F03	dysarthric	/Users/animesh/Animesh/Project 2.0/echora/data/raw/torgo/F/F03/Session1/wav_headMic/0169.wav	0.663	0.910	1.3722	toot	Truth.	[]		nvidia/parakeet-tdt-0.6b-v3	cpu
torgo-F03-Session1-0170	F03	dysarthric	/Users/animesh/Animesh/Project 2.0/echora/data/raw/torgo/F/F03/Session1/wav_headMic/0170.wav	3.998	0.933	0.2334	All the big baseball players get traded.	All the big baseball players get traded.	[]		nvidia/parakeet-tdt-0.6b-v3	cpu
torgo-F03-Session1-0171	F03	dysarthric	/Users/animesh/Animesh/Project 2.0/echora/data/raw/torgo/F/F03/Session1/wav_headMic/0171.wav	1.128	0.916	0.8127	write	Right.	[]		nvidia/parakeet-tdt-0.6b-v3	cpu
torgo-F03-Session1-0172	F03	dysarthric	/Users/animesh/Animesh/Project 2.0/echora/data/raw/torgo/F/F03/Session1/wav_headMic/0172.wav	1.504	0.908	0.6038	mere	Мир.	[]		nvidia/parakeet-tdt-0.6b-v3	cpu
torgo-F03-Session1-0173	F03	dysarthric	/Users/animesh/Animesh/Project 2.0/echora/data/raw/torgo/F/F03/Session1/wav_headMic/0173.wav	0.718	0.903	1.2579	whoop	Mm.	[]		nvidia/parakeet-tdt-0.6b-v3	cpu
torgo-F03-Session1-0174	F03	dysarthric	/Users/animesh/Animesh/Project 2.0/echora/data/raw/torgo/F/F03/Session1/wav_headMic/0174.wav	4.408	0.941	0.2134	Why yell or worry over silly items?	Why y'all worry over sleeve items?	[]		nvidia/parakeet-tdt-0.6b-v3	cpu
torgo-F03-Session1-0175	F03	dysarthric	/Users/animesh/Animesh/Project 2.0/echora/data/raw/torgo/F/F03/Session1/wav_headMic/0175.wav	2.905	0.924	0.3180	You're used to being on the field.	You're used to being on the field	[]		nvidia/parakeet-tdt-0.6b-v3	cpu
torgo-F03-Session1-0176	F03	dysarthric	/Users/animesh/Animesh/Project 2.0/echora/data/raw/torgo/F/F03/Session1/wav_headMic/0176.wav	0.923	0.911	0.9872	dot	Dot.	[]		nvidia/parakeet-tdt-0.6b-v3	cpu
torgo-F03-Session1-0177	F03	dysarthric	/Users/animesh/Animesh/Project 2.0/echora/data/raw/torgo/F/F03/Session1/wav_headMic/0177.wav	1.572	0.922	0.5867	error	Here.	[]		nvidia/parakeet-tdt-0.6b-v3	cpu
torgo-F03-Session1-0178	F03	dysarthric	/Users/animesh/Animesh/Project 2.0/echora/data/raw/torgo/F/F03/Session1/wav_headMic/0178.wav	1.128	0.917	0.8135	tile	Tyre.	[]		nvidia/parakeet-tdt-0.6b-v3	cpu
torgo-F03-Session1-0179	F03	dysarthric	/Users/animesh/Animesh/Project 2.0/echora/data/raw/torgo/F/F03/Session1/wav_headMic/0179.wav	2.494	0.882	0.3536	He will allow a rare lie.	He will allow a wear a lie.	[]		nvidia/parakeet-tdt-0.6b-v3	cpu
torgo-F03-Session1-0180	F03	dysarthric	/Users/animesh/Animesh/Project 2.0/echora/data/raw/torgo/F/F03/Session1/wav_headMic/0180.wav	0.957	0.907	0.9479	pad	Yeah.	[]		nvidia/parakeet-tdt-0.6b-v3	cpu
torgo-F03-Session1-0181	F03	dysarthric	/Users/animesh/Animesh/Project 2.0/echora/data/raw/torgo/F/F03/Session1/wav_headMic/0181.wav	1.367	0.916	0.6702	sleep	Свип.	[]		nvidia/parakeet-tdt-0.6b-v3	cpu
torgo-F03-Session1-0182	F03	dysarthric	/Users/animesh/Animesh/Project 2.0/echora/data/raw/torgo/F/F03/Session1/wav_headMic/0182.wav	3.451	0.928	0.2689	Are your grades higher or lower than Nancy's?	Are your grades higher or lower than Nancy's?	[]		nvidia/parakeet-tdt-0.6b-v3	cpu
torgo-F03-Session1-0183	F03	dysarthric	/Users/animesh/Animesh/Project 2.0/echora/data/raw/torgo/F/F03/Session1/wav_headMic/0183.wav	0.820	0.919	1.1200	cycle	Psycho.	[]		nvidia/parakeet-tdt-0.6b-v3	cpu
torgo-F03-Session1-0184	F03	dysarthric	/Users/animesh/Animesh/Project 2.0/echora/data/raw/torgo/F/F03/Session1/wav_headMic/0184.wav	3.212	0.916	0.2852	The humidity is overwhelming there.	The humidity is overwhelming there	[]		nvidia/parakeet-tdt-0.6b-v3	cpu
torgo-F03-Session1-0185	F03	dysarthric	/Users/animesh/Animesh/Project 2.0/echora/data/raw/torgo/F/F03/Session1/wav_headMic/0185.wav	3.144	0.920	0.2927	My sister made the flowered curtains.	My sister made the flower cushions.	[]		nvidia/parakeet-tdt-0.6b-v3	cpu
torgo-F03-Session1-0186	F03	dysarthric	/Users/animesh/Animesh/Project 2.0/echora/data/raw/torgo/F/F03/Session1/wav_headMic/0186.wav	1.230	0.913	0.7419	explore	Explore.	[]		nvidia/parakeet-tdt-0.6b-v3	cpu
torgo-F03-Session1-0187	F03	dysarthric	/Users/animesh/Animesh/Project 2.0/echora/data/raw/torgo/F/F03/Session1/wav_headMic/0187.wav	0.957	0.904	0.9453	hear	Here.	[]		nvidia/parakeet-tdt-0.6b-v3	cpu
torgo-F03-Session1-0188	F03	dysarthric	/Users/animesh/Animesh/Project 2.0/echora/data/raw/torgo/F/F03/Session1/wav_headMic/0188.wav	3.895	0.923	0.2369	One validated acts of school districts.	one validated acts of school districts.	[]		nvidia/parakeet-tdt-0.6b-v3	cpu
torgo-F03-Session1-0189	F03	dysarthric	/Users/animesh/Animesh/Project 2.0/echora/data/raw/torgo/F/F03/Session1/wav_headMic/0189.wav	1.298	0.905	0.6968	galore	Клола.	[]		nvidia/parakeet-tdt-0.6b-v3	cpu
torgo-F03-Session1-0190	F03	dysarthric	/Users/animesh/Animesh/Project 2.0/echora/data/raw/torgo/F/F03/Session1/wav_headMic/0190.wav	2.734	0.892	0.3263	We gathered shells on the beach.	We gather shells on the beach.	[]		nvidia/parakeet-tdt-0.6b-v3	cpu
torgo-F03-Session1-0191	F03	dysarthric	/Users/animesh/Animesh/Project 2.0/echora/data/raw/torgo/F/F03/Session1/wav_headMic/0191.wav	1.230	0.916	0.7449	menu	Menu.	[]		nvidia/parakeet-tdt-0.6b-v3	cpu
torgo-F03-Session1-0192	F03	dysarthric	/Users/animesh/Animesh/Project 2.0/echora/data/raw/torgo/F/F03/Session1/wav_headMic/0192.wav	1.196	0.916	0.7662	knew	Лю.	[]		nvidia/parakeet-tdt-0.6b-v3	cpu
torgo-F03-Session1-0193	F03	dysarthric	/Users/animesh/Animesh/Project 2.0/echora/data/raw/torgo/F/F03/Session1/wav_headMic/0193.wav	1.435	0.929	0.6471	sigh	Свай.	[]		nvidia/parakeet-tdt-0.6b-v3	cpu
torgo-F03-Session1-0194	F03	dysarthric	/Users/animesh/Animesh/Project 2.0/echora/data/raw/torgo/F/F03/Session1/wav_headMic/0194.wav	3.041	0.926	0.3045	I just try to do my best.	I just try to do my best.	[]		nvidia/parakeet-tdt-0.6b-v3	cpu
torgo-F03-Session1-0195	F03	dysarthric	/Users/animesh/Animesh/Project 2.0/echora/data/raw/torgo/F/F03/Session1/wav_headMic/0195.wav	2.768	0.909	0.3285	I was conscious all the time.	I was conscious all the time.	[]		nvidia/parakeet-tdt-0.6b-v3	cpu
torgo-F03-Session1-0196	F03	dysarthric	/Users/animesh/Animesh/Project 2.0/echora/data/raw/torgo/F/F03/Session1/wav_headMic/0196.wav	3.622	0.920	0.2540	They carried me off on the stretcher.	They carry me off on the stretcher.	[]		nvidia/parakeet-tdt-0.6b-v3	cpu
torgo-F03-Session1-0197	F03	dysarthric	/Users/animesh/Animesh/Project 2.0/echora/data/raw/torgo/F/F03/Session1/wav_headMic/0197.wav	0.923	0.904	0.9803	sway	Sway.	[]		nvidia/parakeet-tdt-0.6b-v3	cpu
torgo-F03-Session1-0198	F03	dysarthric	/Users/animesh/Animesh/Project 2.0/echora/data/raw/torgo/F/F03/Session1/wav_headMic/0198.wav	1.435	0.912	0.6354	urgent	Urgent.	[]		nvidia/parakeet-tdt-0.6b-v3	cpu
torgo-F03-Session1-0199	F03	dysarthric	/Users/animesh/Animesh/Project 2.0/echora/data/raw/torgo/F/F03/Session1/wav_headMic/0199.wav	1.093	0.916	0.8373	tie	Ty.	[]		nvidia/parakeet-tdt-0.6b-v3	cpu
torgo-F03-Session1-0200	F03	dysarthric	/Users/animesh/Animesh/Project 2.0/echora/data/raw/torgo/F/F03/Session1/wav_headMic/0200.wav	1.162	0.917	0.7894	suit	Suit.	[]		nvidia/parakeet-tdt-0.6b-v3	cpu
torgo-F03-Session1-0201	F03	dysarthric	/Users/animesh/Animesh/Project 2.0/echora/data/raw/torgo/F/F03/Session1/wav_headMic/0201.wav	1.367	0.915	0.6695	air	Air.	[]		nvidia/parakeet-tdt-0.6b-v3	cpu
torgo-F03-Session1-0202	F03	dysarthric	/Users/animesh/Animesh/Project 2.0/echora/data/raw/torgo/F/F03/Session1/wav_headMic/0202.wav	1.230	0.915	0.7437	rocks	Rocks.	[]		nvidia/parakeet-tdt-0.6b-v3	cpu
torgo-F03-Session1-0203	F03	dysarthric	/Users/animesh/Animesh/Project 2.0/echora/data/raw/torgo/F/F03/Session1/wav_headMic/0203.wav	1.128	0.912	0.8088	bat	Back.	[]		nvidia/parakeet-tdt-0.6b-v3	cpu
torgo-F03-Session1-0204	F03	dysarthric	/Users/animesh/Animesh/Project 2.0/echora/data/raw/torgo/F/F03/Session1/wav_headMic/0204.wav	0.854	0.895	1.0472	ate	H.	[]		nvidia/parakeet-tdt-0.6b-v3	cpu
torgo-F03-Session2-0001	F03	dysarthric	/Users/animesh/Animesh/Project 2.0/echora/data/raw/torgo/F/F03/Session2/wav_headMic/0001.wav	3.450	0.904	0.2620	fear	Фир.	[]		nvidia/parakeet-tdt-0.6b-v3	cpu
torgo-F03-Session2-0002	F03	dysarthric	/Users/animesh/Animesh/Project 2.0/echora/data/raw/torgo/F/F03/Session2/wav_headMic/0002.wav	2.460	0.876	0.3559	know	Ой ноу.	[]		nvidia/parakeet-tdt-0.6b-v3	cpu
torgo-F03-Session2-0003	F03	dysarthric	/Users/animesh/Animesh/Project 2.0/echora/data/raw/torgo/F/F03/Session2/wav_headMic/0003.wav	1.575	0.911	0.5786	though	Тау.	[]		nvidia/parakeet-tdt-0.6b-v3	cpu
torgo-F03-Session2-0004	F03	dysarthric	/Users/animesh/Animesh/Project 2.0/echora/data/raw/torgo/F/F03/Session2/wav_headMic/0004.wav	4.145	0.928	0.2240	droop	Jupe.	[]		nvidia/parakeet-tdt-0.6b-v3	cpu
torgo-F03-Session2-0005	F03	dysarthric	/Users/animesh/Animesh/Project 2.0/echora/data/raw/torgo/F/F03/Session2/wav_headMic/0005.wav	1.925	0.885	0.4598	loop	Loop.	[]		nvidia/parakeet-tdt-0.6b-v3	cpu
torgo-F03-Session2-0006	F03	dysarthric	/Users/animesh/Animesh/Project 2.0/echora/data/raw/torgo/F/F03/Session2/wav_headMic/0006.wav	14.110	1.141	0.0809	If you destroy confidence in banks, you do something to the economy, he said.	If you destroy confidence in banks, you do something to the economy, he said.	[]		nvidia/parakeet-tdt-0.6b-v3	cpu
torgo-F03-Session2-0007	F03	dysarthric	/Users/animesh/Animesh/Project 2.0/echora/data/raw/torgo/F/F03/Session2/wav_headMic/0007.wav	9.255	0.992	0.1072	If you destroy confidence in banks, you do something to the economy, he said.	If you destroy confidence in banks, you do something to the economy, he said.	[]		nvidia/parakeet-tdt-0.6b-v3	cpu
torgo-F03-Session2-0008	F03	dysarthric	/Users/animesh/Animesh/Project 2.0/echora/data/raw/torgo/F/F03/Session2/wav_headMic/0008.wav	5.480	0.903	0.1648	You'd be better off taking a cold shower.	You'll be better off taking a cold shower.	[]		nvidia/parakeet-tdt-0.6b-v3	cpu
torgo-F03-Session2-0009	F03	dysarthric	/Users/animesh/Animesh/Project 2.0/echora/data/raw/torgo/F/F03/Session2/wav_headMic/0009.wav	1.970	0.805	0.4086	cheer	Cheer.	[]		nvidia/parakeet-tdt-0.6b-v3	cpu
torgo-F03-Session2-0012	F03	dysarthric	/Users/animesh/Animesh/Project 2.0/echora/data/raw/torgo/F/F03/Session2/wav_headMic/0012.wav	2.520	0.807	0.3204	rock	Рак.	[]		nvidia/parakeet-tdt-0.6b-v3	cpu
torgo-F03-Session2-0013	F03	dysarthric	/Users/animesh/Animesh/Project 2.0/echora/data/raw/torgo/F/F03/Session2/wav_headMic/0013.wav	2.000	0.824	0.4120	no	Мняу.	[]		nvidia/parakeet-tdt-0.6b-v3	cpu
torgo-F03-Session2-0014	F03	dysarthric	/Users/animesh/Animesh/Project 2.0/echora/data/raw/torgo/F/F03/Session2/wav_headMic/0014.wav	3.530	0.872	0.2472	peer	Пир.	[]		nvidia/parakeet-tdt-0.6b-v3	cpu
torgo-F03-Session2-0015	F03	dysarthric	/Users/animesh/Animesh/Project 2.0/echora/data/raw/torgo/F/F03/Session2/wav_headMic/0015.wav	1.940	0.838	0.4319	deer	Тир.	[]		nvidia/parakeet-tdt-0.6b-v3	cpu
torgo-F03-Session2-0016	F03	dysarthric	/Users/animesh/Animesh/Project 2.0/echora/data/raw/torgo/F/F03/Session2/wav_headMic/0016.wav	1.730	0.837	0.4837	white	Вайт.	[]		nvidia/parakeet-tdt-0.6b-v3	cpu
torgo-F03-Session2-0017	F03	dysarthric	/Users/animesh/Animesh/Project 2.0/echora/data/raw/torgo/F/F03/Session2/wav_headMic/0017.wav	5.345	0.930	0.1740	Will Robin wear a yellow lily?	Well, Robin, where are yellow lily?	[]		nvidia/parakeet-tdt-0.6b-v3	cpu
torgo-F03-Session2-0018	F03	dysarthric	/Users/animesh/Animesh/Project 2.0/echora/data/raw/torgo/F/F03/Session2/wav_headMic/0018.wav	2.155	0.793	0.3681	play	Плай.	[]		nvidia/parakeet-tdt-0.6b-v3	cpu
torgo-F03-Session2-0019	F03	dysarthric	/Users/animesh/Animesh/Project 2.0/echora/data/raw/torgo/F/F03/Session2/wav_headMic/0019.wav	1.965	0.817	0.4156	floor	Флоа.	[]		nvidia/parakeet-tdt-0.6b-v3	cpu
torgo-F03-Session2-0020	F03	dysarthric	/Users/animesh/Animesh/Project 2.0/echora/data/raw/torgo/F/F03/Session2/wav_headMic/0020.wav	6.665	1.002	0.1503	The islands are sparsely populated.	The islands are sparsely populated.	[]		nvidia/parakeet-tdt-0.6b-v3	cpu
torgo-F03-Session2-0021	F03	dysarthric	/Users/animesh/Animesh/Project 2.0/echora/data/raw/torgo/F/F03/Session2/wav_headMic/0021.wav	6.135	0.923	0.1504	Bright sunshine shimmers on the ocean.	Bright sunshine shimmers on the ocean.	[]		nvidia/parakeet-tdt-0.6b-v3	cpu
torgo-F03-Session2-0022	F03	dysarthric	/Users/animesh/Animesh/Project 2.0/echora/data/raw/torgo/F/F03/Session2/wav_headMic/0022.wav	2.305	0.842	0.3655	jungle	Джангл.	[]		nvidia/parakeet-tdt-0.6b-v3	cpu
torgo-F03-Session2-0023	F03	dysarthric	/Users/animesh/Animesh/Project 2.0/echora/data/raw/torgo/F/F03/Session2/wav_headMic/0023.wav	1.685	0.833	0.4941	single	Сингер.	[]		nvidia/parakeet-tdt-0.6b-v3	cpu
torgo-F03-Session2-0024	F03	dysarthric	/Users/animesh/Animesh/Project 2.0/echora/data/raw/torgo/F/F03/Session2/wav_headMic/0024.wav	4.810	0.978	0.2033	xxx	Okay, I feel I'm literally right now.	[]		nvidia/parakeet-tdt-0.6b-v3	cpu
torgo-F03-Session2-0025	F03	dysarthric	/Users/animesh/Animesh/Project 2.0/echora/data/raw/torgo/F/F03/Session2/wav_headMic/0025.wav	2.420	0.925	0.3824	briar	Пайор.	[]		nvidia/parakeet-tdt-0.6b-v3	cpu
torgo-F03-Session2-0026	F03	dysarthric	/Users/animesh/Animesh/Project 2.0/echora/data/raw/torgo/F/F03/Session2/wav_headMic/0026.wav	1.685	0.913	0.5420	side	Сайт.	[]		nvidia/parakeet-tdt-0.6b-v3	cpu
torgo-F03-Session2-0027	F03	dysarthric	/Users/animesh/Animesh/Project 2.0/echora/data/raw/torgo/F/F03/Session2/wav_headMic/0027.wav	2.460	0.921	0.3745	delta	Пелта.	[]		nvidia/parakeet-tdt-0.6b-v3	cpu
torgo-F03-Session2-0028	F03	dysarthric	/Users/animesh/Animesh/Project 2.0/echora/data/raw/torgo/F/F03/Session2/wav_headMic/0028.wav	3.370	0.946	0.2806	Where were you while we were away?	Where were you while we were away	[]		nvidia/parakeet-tdt-0.6b-v3	cpu
torgo-F03-Session2-0029	F03	dysarthric	/Users/animesh/Animesh/Project 2.0/echora/data/raw/torgo/F/F03/Session2/wav_headMic/0029.wav	8.090	1.052	0.1300	Everything went real smooth, the sheriff said.	Everything went real smooth, the chef said.	[]		nvidia/parakeet-tdt-0.6b-v3	cpu
torgo-F03-Session2-0030	F03	dysarthric	/Users/animesh/Animesh/Project 2.0/echora/data/raw/torgo/F/F03/Session2/wav_headMic/0030.wav	1.850	0.916	0.4951	pot	Pot.	[]		nvidia/parakeet-tdt-0.6b-v3	cpu
torgo-F03-Session2-0031	F03	dysarthric	/Users/animesh/Animesh/Project 2.0/echora/data/raw/torgo/F/F03/Session2/wav_headMic/0031.wav	7.530	1.015	0.1348	Two other cases also were under advisement.	Uh two other cases were also were no	[]		nvidia/parakeet-tdt-0.6b-v3	cpu
torgo-M05-Session2-0353	M05	dysarthric	/Users/animesh/Animesh/Project 2.0/echora/data/raw/torgo/M/M05/Session2/wav_headMic/0353.wav	0.008	0.292	35.3829	You want him to do well.		[]		nvidia/parakeet-tdt-0.6b-v3	cpu
torgo-M05-Session2-0346	M05	dysarthric	/Users/animesh/Animesh/Project 2.0/echora/data/raw/torgo/M/M05/Session2/wav_headMic/0346.wav	0.008	0.292	34.8548	People who value themselves are life's winners.		[]		nvidia/parakeet-tdt-0.6b-v3	cpu
torgo-M05-Session2-0357	M05	dysarthric	/Users/animesh/Animesh/Project 2.0/echora/data/raw/torgo/M/M05/Session2/wav_headMic/0357.wav	0.008	0.292	34.8548	Help Greg to pick a peck of potatoes.		[]		nvidia/parakeet-tdt-0.6b-v3	cpu
torgo-M05-Session2-0349	M05	dysarthric	/Users/animesh/Animesh/Project 2.0/echora/data/raw/torgo/M/M05/Session2/wav_headMic/0349.wav	0.009	0.292	34.0915	Please open the window quickly.		[]		nvidia/parakeet-tdt-0.6b-v3	cpu
torgo-M05-Session2-0330	M05	dysarthric	/Users/animesh/Animesh/Project 2.0/echora/data/raw/torgo/M/M05/Session2/wav_headMic/0330.wav	0.009	0.292	31.1369	Then we'd really have someplace to go.		[]		nvidia/parakeet-tdt-0.6b-v3	cpu
torgo-M05-Session2-0336	M05	dysarthric	/Users/animesh/Animesh/Project 2.0/echora/data/raw/torgo/M/M05/Session2/wav_headMic/0336.wav	0.009	0.292	31.1369	rest		[]		nvidia/parakeet-tdt-0.6b-v3	cpu
torgo-M05-Session2-0344	M05	dysarthric	/Users/animesh/Animesh/Project 2.0/echora/data/raw/torgo/M/M05/Session2/wav_headMic/0344.wav	0.009	0.292	30.9307	neat		[]		nvidia/parakeet-tdt-0.6b-v3	cpu
torgo-M05-Session2-0347	M05	dysarthric	/Users/animesh/Animesh/Project 2.0/echora/data/raw/torgo/M/M05/Session2/wav_headMic/0347.wav	0.009	0.292	30.9307	Travel is about the only leisure we have.		[]		nvidia/parakeet-tdt-0.6b-v3	cpu
torgo-M05-Session2-0354	M05	dysarthric	/Users/animesh/Animesh/Project 2.0/echora/data/raw/torgo/M/M05/Session2/wav_headMic/0354.wav	0.009	0.230	24.3337	rock		[]		nvidia/parakeet-tdt-0.6b-v3	cpu
torgo-M05-Session2-0358	M05	dysarthric	/Users/animesh/Animesh/Project 2.0/echora/data/raw/torgo/M/M05/Session2/wav_headMic/0358.wav	0.009	0.230	24.3337	shoot		[]		nvidia/parakeet-tdt-0.6b-v3	cpu
torgo-M05-Session2-0361	M05	dysarthric	/Users/animesh/Animesh/Project 2.0/echora/data/raw/torgo/M/M05/Session2/wav_headMic/0361.wav	0.009	0.230	24.3337	Most young rise early every morning.		[]		nvidia/parakeet-tdt-0.6b-v3	cpu
torgo-M05-Session2-0332	M05	dysarthric	/Users/animesh/Animesh/Project 2.0/echora/data/raw/torgo/M/M05/Session2/wav_headMic/0332.wav	0.010	0.230	23.5537	dice		[]		nvidia/parakeet-tdt-0.6b-v3	cpu
torgo-M05-Session2-0334	M05	dysarthric	/Users/animesh/Animesh/Project 2.0/echora/data/raw/torgo/M/M05/Session2/wav_headMic/0334.wav	0.010	0.230	23.7057	meat		[]		nvidia/parakeet-tdt-0.6b-v3	cpu
torgo-M05-Session2-0337	M05	dysarthric	/Users/animesh/Animesh/Project 2.0/echora/data/raw/torgo/M/M05/Session2/wav_headMic/0337.wav	0.010	0.230	23.7057	hand		[]		nvidia/parakeet-tdt-0.6b-v3	cpu
torgo-M05-Session2-0340	M05	dysarthric	/Users/animesh/Animesh/Project 2.0/echora/data/raw/torgo/M/M05/Session2/wav_headMic/0340.wav	0.010	0.230	23.5537	nice		[]		nvidia/parakeet-tdt-0.6b-v3	cpu
torgo-M05-Session2-0350	M05	dysarthric	/Users/animesh/Animesh/Project 2.0/echora/data/raw/torgo/M/M05/Session2/wav_headMic/0350.wav	0.010	0.230	23.7057	lock		[]		nvidia/parakeet-tdt-0.6b-v3	cpu
torgo-M05-Session2-0359	M05	dysarthric	/Users/animesh/Animesh/Project 2.0/echora/data/raw/torgo/M/M05/Session2/wav_headMic/0359.wav	0.010	0.203	20.9803	two		[]		nvidia/parakeet-tdt-0.6b-v3	cpu
torgo-M05-Session2-0360	M05	dysarthric	/Users/animesh/Animesh/Project 2.0/echora/data/raw/torgo/M/M05/Session2/wav_headMic/0360.wav	0.010	0.203	20.9803	shell		[]		nvidia/parakeet-tdt-0.6b-v3	cpu
torgo-M05-Session2-0348	M05	dysarthric	/Users/animesh/Animesh/Project 2.0/echora/data/raw/torgo/M/M05/Session2/wav_headMic/0348.wav	0.025	0.203	8.0295	This is a good place, though small.		[]		nvidia/parakeet-tdt-0.6b-v3	cpu
torgo-M05-Session2-0341	M05	dysarthric	/Users/animesh/Animesh/Project 2.0/echora/data/raw/torgo/M/M05/Session2/wav_headMic/0341.wav	0.026	0.203	7.7984	nod		[]		nvidia/parakeet-tdt-0.6b-v3	cpu
torgo-M05-Session2-0339	M05	dysarthric	/Users/animesh/Animesh/Project 2.0/echora/data/raw/torgo/M/M05/Session2/wav_headMic/0339.wav	0.026	0.203	7.7243	tin		[]		nvidia/parakeet-tdt-0.6b-v3	cpu
torgo-M05-Session2-0352	M05	dysarthric	/Users/animesh/Animesh/Project 2.0/echora/data/raw/torgo/M/M05/Session2/wav_headMic/0352.wav	0.026	0.203	7.7243	bread		[]		nvidia/parakeet-tdt-0.6b-v3	cpu
torgo-M05-Session2-0338	M05	dysarthric	/Users/animesh/Animesh/Project 2.0/echora/data/raw/torgo/M/M05/Session2/wav_headMic/0338.wav	0.026	0.203	7.7060	sheet		[]		nvidia/parakeet-tdt-0.6b-v3	cpu
torgo-M05-Session2-0351	M05	dysarthric	/Users/animesh/Animesh/Project 2.0/echora/data/raw/torgo/M/M05/Session2/wav_headMic/0351.wav	0.026	0.203	7.6878	left		[]		nvidia/parakeet-tdt-0.6b-v3	cpu
torgo-M05-Session2-0335	M05	dysarthric	/Users/animesh/Animesh/Project 2.0/echora/data/raw/torgo/M/M05/Session2/wav_headMic/0335.wav	0.042	0.211	5.0681	sicker		[]		nvidia/parakeet-tdt-0.6b-v3	cpu
torgo-M05-Session2-0303	M05	dysarthric	/Users/animesh/Animesh/Project 2.0/echora/data/raw/torgo/M/M05/Session2/wav_headMic/0303.wav	0.043	0.211	4.9277	He took me out one day.		[]		nvidia/parakeet-tdt-0.6b-v3	cpu
torgo-M05-Session2-0333	M05	dysarthric	/Users/animesh/Animesh/Project 2.0/echora/data/raw/torgo/M/M05/Session2/wav_headMic/0333.wav	0.059	0.211	3.6000	liquor		[]		nvidia/parakeet-tdt-0.6b-v3	cpu
torgo-M05-Session2-0331	M05	dysarthric	/Users/animesh/Animesh/Project 2.0/echora/data/raw/torgo/M/M05/Session2/wav_headMic/0331.wav	0.060	0.211	3.5397	walk		[]		nvidia/parakeet-tdt-0.6b-v3	cpu
torgo-M05-Session2-0355	M05	dysarthric	/Users/animesh/Animesh/Project 2.0/echora/data/raw/torgo/M/M05/Session2/wav_headMic/0355.wav	0.060	0.211	3.5397	four		[]		nvidia/parakeet-tdt-0.6b-v3	cpu
torgo-M05-Session2-0342	M05	dysarthric	/Users/animesh/Animesh/Project 2.0/echora/data/raw/torgo/M/M05/Session2/wav_headMic/0342.wav	0.075	0.211	2.8030	flicker		[]		nvidia/parakeet-tdt-0.6b-v3	cpu
torgo-M02-Session2-0175	M02	dysarthric	/Users/animesh/Animesh/Project 2.0/echora/data/raw/torgo/M/M02/Session2/wav_headMic/0175.wav	0.315	0.211	0.6707	xxx		[]		nvidia/parakeet-tdt-0.6b-v3	cpu
torgo-M02-Session2-0224	M02	dysarthric	/Users/animesh/Animesh/Project 2.0/echora/data/raw/torgo/M/M02/Session2/wav_headMic/0224.wav	0.315	0.211	0.6707	xxx		[]		nvidia/parakeet-tdt-0.6b-v3	cpu
torgo-M03-Session2-0262	M03	dysarthric	/Users/animesh/Animesh/Project 2.0/echora/data/raw/torgo/M/M03/Session2/wav_headMic/0262.wav	0.315	0.217	0.6890	xxx		[]		nvidia/parakeet-tdt-0.6b-v3	cpu
torgo-F03-Session3-0177	F03	dysarthric	/Users/animesh/Animesh/Project 2.0/echora/data/raw/torgo/F/F03/Session3/wav_headMic/0177.wav	0.315	0.217	0.6889	xxx		[]		nvidia/parakeet-tdt-0.6b-v3	cpu
torgo-M04-Session2-0258	M04	dysarthric	/Users/animesh/Animesh/Project 2.0/echora/data/raw/torgo/M/M04/Session2/wav_headMic/0258.wav	0.315	0.217	0.6889	xxx		[]		nvidia/parakeet-tdt-0.6b-v3	cpu
torgo-M05-Session2-0093	M05	dysarthric	/Users/animesh/Animesh/Project 2.0/echora/data/raw/torgo/M/M05/Session2/wav_headMic/0093.wav	0.315	0.217	0.6889	xxx		[]		nvidia/parakeet-tdt-0.6b-v3	cpu
torgo-M05-Session2-0377	M05	dysarthric	/Users/animesh/Animesh/Project 2.0/echora/data/raw/torgo/M/M05/Session2/wav_headMic/0377.wav	0.315	0.217	0.6889	zulu		[]		nvidia/parakeet-tdt-0.6b-v3	cpu
torgo-M02-Session1-0153	M02	dysarthric	/Users/animesh/Animesh/Project 2.0/echora/data/raw/torgo/M/M02/Session1/wav_headMic/0153.wav	0.458	0.217	0.4742	xxx	Yeah.	[]		nvidia/parakeet-tdt-0.6b-v3	cpu
torgo-F03-Session3-0002	F03	dysarthric	/Users/animesh/Animesh/Project 2.0/echora/data/raw/torgo/F/F03/Session3/wav_headMic/0002.wav	0.530	0.217	0.4095	xxx	Yeah.	[]		nvidia/parakeet-tdt-0.6b-v3	cpu
torgo-M03-Session2-0263	M03	dysarthric	/Users/animesh/Animesh/Project 2.0/echora/data/raw/torgo/M/M03/Session2/wav_headMic/0263.wav	0.595	0.217	0.3648	xxx		[]		nvidia/parakeet-tdt-0.6b-v3	cpu
torgo-F03-Session3-0212	F03	dysarthric	/Users/animesh/Animesh/Project 2.0/echora/data/raw/torgo/F/F03/Session3/wav_headMic/0212.wav	0.645	0.228	0.3527	It's about	It's about	[]		nvidia/parakeet-tdt-0.6b-v3	cpu
torgo-F03-Session3-0148	F03	dysarthric	/Users/animesh/Animesh/Project 2.0/echora/data/raw/torgo/F/F03/Session3/wav_headMic/0148.wav	0.895	0.228	0.2542	shoot	Yeah.	[]		nvidia/parakeet-tdt-0.6b-v3	cpu
torgo-M01-Session2_3-0004	M01	dysarthric	/Users/animesh/Animesh/Project 2.0/echora/data/raw/torgo/M/M01/Session2_3/wav_headMic/0004.wav	1.009	0.228	0.2254	knee	Mm.	[]		nvidia/parakeet-tdt-0.6b-v3	cpu
torgo-F03-Session3-0193	F03	dysarthric	/Users/animesh/Animesh/Project 2.0/echora/data/raw/torgo/F/F03/Session3/wav_headMic/0193.wav	1.090	0.228	0.2087	hotel	Hotel.	[]		nvidia/parakeet-tdt-0.6b-v3	cpu
torgo-F03-Session3-0131	F03	dysarthric	/Users/animesh/Animesh/Project 2.0/echora/data/raw/torgo/F/F03/Session3/wav_headMic/0131.wav	1.115	0.228	0.2040	rake	Right.	[]		nvidia/parakeet-tdt-0.6b-v3	cpu
torgo-F03-Session3-0091	F03	dysarthric	/Users/animesh/Animesh/Project 2.0/echora/data/raw/torgo/F/F03/Session3/wav_headMic/0091.wav	1.125	0.228	0.2022	red	Red.	[]		nvidia/parakeet-tdt-0.6b-v3	cpu
torgo-F03-Session3-0068	F03	dysarthric	/Users/animesh/Animesh/Project 2.0/echora/data/raw/torgo/F/F03/Session3/wav_headMic/0068.wav	1.145	0.228	0.1987	and	And	[]		nvidia/parakeet-tdt-0.6b-v3	cpu
torgo-M01-Session2_3-0162	M01	dysarthric	/Users/animesh/Animesh/Project 2.0/echora/data/raw/torgo/M/M01/Session2_3/wav_headMic/0162.wav	1.157	0.228	0.1967	leak	Hey	[]		nvidia/parakeet-tdt-0.6b-v3	cpu
torgo-M05-Session2-0345	M05	dysarthric	/Users/animesh/Animesh/Project 2.0/echora/data/raw/torgo/M/M05/Session2/wav_headMic/0345.wav	1.160	0.230	0.1985	quicker	Yeah.	[]		nvidia/parakeet-tdt-0.6b-v3	cpu
torgo-F03-Session3-0126	F03	dysarthric	/Users/animesh/Animesh/Project 2.0/echora/data/raw/torgo/F/F03/Session3/wav_headMic/0126.wav	1.165	0.230	0.1976	in	And	[]		nvidia/parakeet-tdt-0.6b-v3	cpu
torgo-F03-Session2-0135	F03	dysarthric	/Users/animesh/Animesh/Project 2.0/echora/data/raw/torgo/F/F03/Session2/wav_headMic/0135.wav	1.175	0.230	0.1959	barn	Пан.	[]		nvidia/parakeet-tdt-0.6b-v3	cpu
torgo-M01-Session2_3-0161	M01	dysarthric	/Users/animesh/Animesh/Project 2.0/echora/data/raw/torgo/M/M01/Session2_3/wav_headMic/0161.wav	1.178	0.230	0.1954	sigh	Sure.	[]		nvidia/parakeet-tdt-0.6b-v3	cpu
torgo-M01-Session2_3-0028	M01	dysarthric	/Users/animesh/Animesh/Project 2.0/echora/data/raw/torgo/M/M01/Session2_3/wav_headMic/0028.wav	1.191	0.230	0.1933	mere	Mere	[]		nvidia/parakeet-tdt-0.6b-v3	cpu
torgo-F03-Session3-0157	F03	dysarthric	/Users/animesh/Animesh/Project 2.0/echora/data/raw/torgo/F/F03/Session3/wav_headMic/0157.wav	1.195	0.230	0.1926	dress	Dress.	[]		nvidia/parakeet-tdt-0.6b-v3	cpu
torgo-M01-Session2_3-0002	M01	dysarthric	/Users/animesh/Animesh/Project 2.0/echora/data/raw/torgo/M/M01/Session2_3/wav_headMic/0002.wav	1.195	0.230	0.1925	air	Yeah.	[]		nvidia/parakeet-tdt-0.6b-v3	cpu
torgo-F03-Session2-0151	F03	dysarthric	/Users/animesh/Animesh/Project 2.0/echora/data/raw/torgo/F/F03/Session2/wav_headMic/0151.wav	1.210	0.230	0.1902	fill	So	[]		nvidia/parakeet-tdt-0.6b-v3	cpu
torgo-F03-Session3-0160	F03	dysarthric	/Users/animesh/Animesh/Project 2.0/echora/data/raw/torgo/F/F03/Session3/wav_headMic/0160.wav	1.215	0.231	0.1902	yankee	Yankee.	[]		nvidia/parakeet-tdt-0.6b-v3	cpu
torgo-M01-Session2_3-0147	M01	dysarthric	/Users/animesh/Animesh/Project 2.0/echora/data/raw/torgo/M/M01/Session2_3/wav_headMic/0147.wav	1.220	0.231	0.1895	write	Райт.	[]		nvidia/parakeet-tdt-0.6b-v3	cpu
torgo-M02-Session2-0140	M02	dysarthric	/Users/animesh/Animesh/Project 2.0/echora/data/raw/torgo/M/M02/Session2/wav_headMic/0140.wav	1.220	0.231	0.1894	pit	Play.	[]		nvidia/parakeet-tdt-0.6b-v3	cpu
torgo-M01-Session2_3-0258	M01	dysarthric	/Users/animesh/Animesh/Project 2.0/echora/data/raw/torgo/M/M01/Session2_3/wav_headMic/0258.wav	1.228	0.231	0.1881	park	Парк.	[]		nvidia/parakeet-tdt-0.6b-v3	cpu
torgo-F03-Session3-0207	F03	dysarthric	/Users/animesh/Animesh/Project 2.0/echora/data/raw/torgo/F/F03/Session3/wav_headMic/0207.wav	1.235	0.231	0.1871	ride	Right.	[]		nvidia/parakeet-tdt-0.6b-v3	cpu
torgo-F03-Session3-0170	F03	dysarthric	/Users/animesh/Animesh/Project 2.0/echora/data/raw/torgo/F/F03/Session3/wav_headMic/0170.wav	1.240	0.231	0.1864	leak	Lease.	[]		nvidia/parakeet-tdt-0.6b-v3	cpu
torgo-M01-Session2_3-0207	M01	dysarthric	/Users/animesh/Animesh/Project 2.0/echora/data/raw/torgo/M/M01/Session2_3/wav_headMic/0207.wav	1.241	0.231	0.1863	fill	Yeah.	[]		nvidia/parakeet-tdt-0.6b-v3	cpu
torgo-M01-Session2_3-0218	M01	dysarthric	/Users/animesh/Animesh/Project 2.0/echora/data/raw/torgo/M/M01/Session2_3/wav_headMic/0218.wav	1.243	0.231	0.1859	lick	Папа.	[]		nvidia/parakeet-tdt-0.6b-v3	cpu
torgo-F03-Session3-0185	F03	dysarthric	/Users/animesh/Animesh/Project 2.0/echora/data/raw/torgo/F/F03/Session3/wav_headMic/0185.wav	1.250	0.229	0.1833	goose	Goose.	[]		nvidia/parakeet-tdt-0.6b-v3	cpu
torgo-M01-Session2_3-0148	M01	dysarthric	/Users/animesh/Animesh/Project 2.0/echora/data/raw/torgo/M/M01/Session2_3/wav_headMic/0148.wav	1.251	0.229	0.1831	loop	Ew	[]		nvidia/parakeet-tdt-0.6b-v3	cpu
torgo-M01-Session2_3-0223	M01	dysarthric	/Users/animesh/Animesh/Project 2.0/echora/data/raw/torgo/M/M01/Session2_3/wav_headMic/0223.wav	1.255	0.229	0.1826	five	Five	[]		nvidia/parakeet-tdt-0.6b-v3	cpu
torgo-F03-Session3-0168	F03	dysarthric	/Users/animesh/Animesh/Project 2.0/echora/data/raw/torgo/F/F03/Session3/wav_headMic/0168.wav	1.255	0.229	0.1826	see	See.	[]		nvidia/parakeet-tdt-0.6b-v3	cpu
torgo-F03-Session2-0152	F03	dysarthric	/Users/animesh/Animesh/Project 2.0/echora/data/raw/torgo/F/F03/Session2/wav_headMic/0152.wav	1.255	0.229	0.1826	tell	Two.	[]		nvidia/parakeet-tdt-0.6b-v3	cpu
torgo-F03-Session3-0210	F03	dysarthric	/Users/animesh/Animesh/Project 2.0/echora/data/raw/torgo/F/F03/Session3/wav_headMic/0210.wav	1.260	0.229	0.1818	sell	So	[]		nvidia/parakeet-tdt-0.6b-v3	cpu
torgo-F03-Session2-0138	F03	dysarthric	/Users/animesh/Animesh/Project 2.0/echora/data/raw/torgo/F/F03/Session2/wav_headMic/0138.wav	1.265	0.229	0.1811	hitting	Heaven.	[]		nvidia/parakeet-tdt-0.6b-v3	cpu
torgo-M01-Session2_3-0226	M01	dysarthric	/Users/animesh/Animesh/Project 2.0/echora/data/raw/torgo/M/M01/Session2_3/wav_headMic/0226.wav	1.266	0.229	0.1809	chop	Chop.	[]		nvidia/parakeet-tdt-0.6b-v3	cpu
torgo-M01-Session2_3-0065	M01	dysarthric	/Users/animesh/Animesh/Project 2.0/echora/data/raw/torgo/M/M01/Session2_3/wav_headMic/0065.wav	1.269	0.235	0.1851	suit	Yeah.	[]		nvidia/parakeet-tdt-0.6b-v3	cpu
torgo-M01-Session2_3-0176	M01	dysarthric	/Users/animesh/Animesh/Project 2.0/echora/data/raw/torgo/M/M01/Session2_3/wav_headMic/0176.wav	1.272	0.235	0.1846	zero	Серо.	[]		nvidia/parakeet-tdt-0.6b-v3	cpu
torgo-F03-Session3-0116	F03	dysarthric	/Users/animesh/Animesh/Project 2.0/echora/data/raw/torgo/F/F03/Session3/wav_headMic/0116.wav	1.275	0.235	0.1842	rest	Rest.	[]		nvidia/parakeet-tdt-0.6b-v3	cpu
torgo-F03-Session3-0181	F03	dysarthric	/Users/animesh/Animesh/Project 2.0/echora/data/raw/torgo/F/F03/Session3/wav_headMic/0181.wav	1.275	0.235	0.1842	dread	Dread	[]		nvidia/parakeet-tdt-0.6b-v3	cpu
torgo-F03-Session3-0140	F03	dysarthric	/Users/animesh/Animesh/Project 2.0/echora/data/raw/torgo/F/F03/Session3/wav_headMic/0140.wav	1.275	0.235	0.1842	whisky	Whiskey.	[]		nvidia/parakeet-tdt-0.6b-v3	cpu
torgo-F03-Session2-0077	F03	dysarthric	/Users/animesh/Animesh/Project 2.0/echora/data/raw/torgo/F/F03/Session2/wav_headMic/0077.wav	1.285	0.235	0.1828	leak	Вик.	[]		nvidia/parakeet-tdt-0.6b-v3	cpu
torgo-F03-Session3-0205	F03	dysarthric	/Users/animesh/Animesh/Project 2.0/echora/data/raw/torgo/F/F03/Session3/wav_headMic/0205.wav	1.285	0.235	0.1828	zip	The	[]		nvidia/parakeet-tdt-0.6b-v3	cpu
torgo-M01-Session2_3-0136	M01	dysarthric	/Users/animesh/Animesh/Project 2.0/echora/data/raw/torgo/M/M01/Session2_3/wav_headMic/0136.wav	1.286	0.235	0.1827	cheer	Тир.	[]		nvidia/parakeet-tdt-0.6b-v3	cpu
torgo-M01-Session2_3-0234	M01	dysarthric	/Users/animesh/Animesh/Project 2.0/echora/data/raw/torgo/M/M01/Session2_3/wav_headMic/0234.wav	1.290	0.235	0.1825	leak	Lake	[]		nvidia/parakeet-tdt-0.6b-v3	cpu
torgo-M05-Session1-0007	M05	dysarthric	/Users/animesh/Animesh/Project 2.0/echora/data/raw/torgo/M/M05/Session1/wav_headMic/0007.wav	1.290	0.235	0.1825	up	Uh	[]		nvidia/parakeet-tdt-0.6b-v3	cpu
torgo-M05-Session1-0063	M05	dysarthric	/Users/animesh/Animesh/Project 2.0/echora/data/raw/torgo/M/M05/Session1/wav_headMic/0063.wav	1.290	0.235	0.1825	bug	Bug.	[]		nvidia/parakeet-tdt-0.6b-v3	cpu
torgo-F03-Session3-0146	F03	dysarthric	/Users/animesh/Animesh/Project 2.0/echora/data/raw/torgo/F/F03/Session3/wav_headMic/0146.wav	1.295	0.235	0.1818	yes	Yes.	[]		nvidia/parakeet-tdt-0.6b-v3	cpu
torgo-F03-Session3-0208	F03	dysarthric	/Users/animesh/Animesh/Project 2.0/echora/data/raw/torgo/F/F03/Session3/wav_headMic/0208.wav	1.295	0.235	0.1818	him	Hem.	[]		nvidia/parakeet-tdt-0.6b-v3	cpu
torgo-F03-Session3-0085	F03	dysarthric	/Users/animesh/Animesh/Project 2.0/echora/data/raw/torgo/F/F03/Session3/wav_headMic/0085.wav	1.300	0.235	0.1811	glitter	Well there.	[]		nvidia/parakeet-tdt-0.6b-v3	cpu
torgo-F03-Session3-0093	F03	dysarthric	/Users/animesh/Animesh/Project 2.0/echora/data/raw/torgo/F/F03/Session3/wav_headMic/0093.wav	1.300	0.235	0.1811	papa	Pra pa.	[]		nvidia/parakeet-tdt-0.6b-v3	cpu
torgo-M01-Session2_3-0138	M01	dysarthric	/Users/animesh/Animesh/Project 2.0/echora/data/raw/torgo/M/M01/Session2_3/wav_headMic/0138.wav	1.300	0.235	0.1810	pad	Bad.	[]		nvidia/parakeet-tdt-0.6b-v3	cpu
torgo-M01-Session2_3-0024	M01	dysarthric	/Users/animesh/Animesh/Project 2.0/echora/data/raw/torgo/M/M01/Session2_3/wav_headMic/0024.wav	1.301	0.236	0.1817	feet	Крит.	[]		nvidia/parakeet-tdt-0.6b-v3	cpu
torgo-M01-Session2_3-0178	M01	dysarthric	/Users/animesh/Animesh/Project 2.0/echora/data/raw/torgo/M/M01/Session2_3/wav_headMic/0178.wav	1.304	0.236	0.1813	tell	Do you think that's the first one?	[]		nvidia/parakeet-tdt-0.6b-v3	cpu
torgo-F03-Session3-0163	F03	dysarthric	/Users/animesh/Animesh/Project 2.0/echora/data/raw/torgo/F/F03/Session3/wav_headMic/0163.wav	1.305	0.236	0.1812	knot	Not	[]		nvidia/parakeet-tdt-0.6b-v3	cpu
torgo-M01-Session2_3-0036	M01	dysarthric	/Users/animesh/Animesh/Project 2.0/echora/data/raw/torgo/M/M01/Session2_3/wav_headMic/0036.wav	1.308	0.236	0.1808	pile	Пайо.	[]		nvidia/parakeet-tdt-0.6b-v3	cpu
torgo-F03-Session3-0161	F03	dysarthric	/Users/animesh/Animesh/Project 2.0/echora/data/raw/torgo/F/F03/Session3/wav_headMic/0161.wav	1.315	0.236	0.1798	sip	Hm.	[]		nvidia/parakeet-tdt-0.6b-v3	cpu
torgo-F03-Session3-0200	F03	dysarthric	/Users/animesh/Animesh/Project 2.0/echora/data/raw/torgo/F/F03/Session3/wav_headMic/0200.wav	1.320	0.236	0.1791	no	No.	[]		nvidia/parakeet-tdt-0.6b-v3	cpu
torgo-M01-Session2_3-0247	M01	dysarthric	/Users/animesh/Animesh/Project 2.0/echora/data/raw/torgo/M/M01/Session2_3/wav_headMic/0247.wav	1.324	0.236	0.1786	hum	Um	[]		nvidia/parakeet-tdt-0.6b-v3	cpu
torgo-F03-Session3-0062	F03	dysarthric	/Users/animesh/Animesh/Project 2.0/echora/data/raw/torgo/F/F03/Session3/wav_headMic/0062.wav	1.330	0.236	0.1777	cork	Cork.	[]		nvidia/parakeet-tdt-0.6b-v3	cpu
torgo-F03-Session3-0159	F03	dysarthric	/Users/animesh/Animesh/Project 2.0/echora/data/raw/torgo/F/F03/Session3/wav_headMic/0159.wav	1.335	0.233	0.1745	chip	Sure.	[]		nvidia/parakeet-tdt-0.6b-v3	cpu
torgo-F03-Session3-0147	F03	dysarthric	/Users/animesh/Animesh/Project 2.0/echora/data/raw/torgo/F/F03/Session3/wav_headMic/0147.wav	1.335	0.233	0.1745	up	Up.	[]		nvidia/parakeet-tdt-0.6b-v3	cpu
torgo-M01-Session2_3-0170	M01	dysarthric	/Users/animesh/Animesh/Project 2.0/echora/data/raw/torgo/M/M01/Session2_3/wav_headMic/0170.wav	1.335	0.233	0.1745	at	Ад.	[]		nvidia/parakeet-tdt-0.6b-v3	cpu
torgo-F03-Session3-0043	F03	dysarthric	/Users/animesh/Animesh/Project 2.0/echora/data/raw/torgo/F/F03/Session3/wav_headMic/0043.wav	1.340	0.233	0.1739	nice	Nice.	[]		nvidia/parakeet-tdt-0.6b-v3	cpu
torgo-F03-Session3-0074	F03	dysarthric	/Users/animesh/Animesh/Project 2.0/echora/data/raw/torgo/F/F03/Session3/wav_headMic/0074.wav	1.340	0.233	0.1739	at	Huh.	[]		nvidia/parakeet-tdt-0.6b-v3	cpu
torgo-F03-Session3-0120	F03	dysarthric	/Users/animesh/Animesh/Project 2.0/echora/data/raw/torgo/F/F03/Session3/wav_headMic/0120.wav	1.340	0.233	0.1739	sort	Sort	[]		nvidia/parakeet-tdt-0.6b-v3	cpu
torgo-F03-Session3-0124	F03	dysarthric	/Users/animesh/Animesh/Project 2.0/echora/data/raw/torgo/F/F03/Session3/wav_headMic/0124.wav	1.340	0.233	0.1739	bitten	Button	[]		nvidia/parakeet-tdt-0.6b-v3	cpu
torgo-M01-Session2_3-0246	M01	dysarthric	/Users/animesh/Animesh/Project 2.0/echora/data/raw/torgo/M/M01/Session2_3/wav_headMic/0246.wav	1.345	0.233	0.1733	thought	Лайп.	[]		nvidia/parakeet-tdt-0.6b-v3	cpu
torgo-F03-Session3-0129	F03	dysarthric	/Users/animesh/Animesh/Project 2.0/echora/data/raw/torgo/F/F03/Session3/wav_headMic/0129.wav	1.350	0.228	0.1692	sink	Cinq.	[]		nvidia/parakeet-tdt-0.6b-v3	cpu
torgo-M02-Session2-0155	M02	dysarthric	/Users/animesh/Animesh/Project 2.0/echora/data/raw/torgo/M/M02/Session2/wav_headMic/0155.wav	1.350	0.228	0.1692	oh	Oh.	[]		nvidia/parakeet-tdt-0.6b-v3	cpu
torgo-M05-Session1-0120	M05	dysarthric	/Users/animesh/Animesh/Project 2.0/echora/data/raw/torgo/M/M05/Session1/wav_headMic/0120.wav	1.350	0.228	0.1692	the	Да	[]		nvidia/parakeet-tdt-0.6b-v3	cpu
torgo-F03-Session2-0144	F03	dysarthric	/Users/animesh/Animesh/Project 2.0/echora/data/raw/torgo/F/F03/Session2/wav_headMic/0144.wav	1.355	0.228	0.1686	harp	Harp.	[]		nvidia/parakeet-tdt-0.6b-v3	cpu
torgo-F03-Session3-0180	F03	dysarthric	/Users/animesh/Animesh/Project 2.0/echora/data/raw/torgo/F/F03/Session3/wav_headMic/0180.wav	1.355	0.228	0.1686	catch	Catch.	[]		nvidia/parakeet-tdt-0.6b-v3	cpu
torgo-M01-Session2_3-0062	M01	dysarthric	/Users/animesh/Animesh/Project 2.0/echora/data/raw/torgo/M/M01/Session2_3/wav_headMic/0062.wav	1.356	0.228	0.1685	sigh	I	[]		nvidia/parakeet-tdt-0.6b-v3	cpu
torgo-M01-Session2_3-0225	M01	dysarthric	/Users/animesh/Animesh/Project 2.0/echora/data/raw/torgo/M/M01/Session2_3/wav_headMic/0225.wav	1.360	0.228	0.1679	take	Take	[]		nvidia/parakeet-tdt-0.6b-v3	cpu
torgo-F03-Session3-0132	F03	dysarthric	/Users/animesh/Animesh/Project 2.0/echora/data/raw/torgo/F/F03/Session3/wav_headMic/0132.wav	1.365	0.228	0.1673	meats	Мить.	[]		nvidia/parakeet-tdt-0.6b-v3	cpu
torgo-M01-Session2_3-0153	M01	dysarthric	/Users/animesh/Animesh/Project 2.0/echora/data/raw/torgo/M/M01/Session2_3/wav_headMic/0153.wav	1.367	0.234	0.1710	dot	Dart.	[]		nvidia/parakeet-tdt-0.6b-v3	cpu
torgo-M01-Session2_3-0154	M01	dysarthric	/Users/animesh/Animesh/Project 2.0/echora/data/raw/torgo/M/M01/Session2_3/wav_headMic/0154.wav	1.367	0.234	0.1710	select	Severe	[]		nvidia/parakeet-tdt-0.6b-v3	cpu
torgo-M02-Session1-0193	M02	dysarthric	/Users/animesh/Animesh/Project 2.0/echora/data/raw/torgo/M/M02/Session1/wav_headMic/0193.wav	1.373	0.234	0.1702	though	No.	[]		nvidia/parakeet-tdt-0.6b-v3	cpu
torgo-F03-Session2-0154	F03	dysarthric	/Users/animesh/Animesh/Project 2.0/echora/data/raw/torgo/F/F03/Session2/wav_headMic/0154.wav	1.375	0.234	0.1700	witch	Which	[]		nvidia/parakeet-tdt-0.6b-v3	cpu
torgo-F03-Session3-0072	F03	dysarthric	/Users/animesh/Animesh/Project 2.0/echora/data/raw/torgo/F/F03/Session3/wav_headMic/0072.wav	1.375	0.234	0.1700	bed	But	[]		nvidia/parakeet-tdt-0.6b-v3	cpu
torgo-F03-Session3-0095	F03	dysarthric	/Users/animesh/Animesh/Project 2.0/echora/data/raw/torgo/F/F03/Session3/wav_headMic/0095.wav	1.375	0.234	0.1700	heart	High	[]		nvidia/parakeet-tdt-0.6b-v3	cpu
torgo-M01-Session2_3-0250	M01	dysarthric	/Users/animesh/Animesh/Project 2.0/echora/data/raw/torgo/M/M01/Session2_3/wav_headMic/0250.wav	1.377	0.234	0.1698	side	Side.	[]		nvidia/parakeet-tdt-0.6b-v3	cpu
torgo-F03-Session3-0111	F03	dysarthric	/Users/animesh/Animesh/Project 2.0/echora/data/raw/torgo/F/F03/Session3/wav_headMic/0111.wav	1.380	0.234	0.1694	shred	Sure.	[]		nvidia/parakeet-tdt-0.6b-v3	cpu
torgo-F03-Session2-0126	F03	dysarthric	/Users/animesh/Animesh/Project 2.0/echora/data/raw/torgo/F/F03/Session2/wav_headMic/0126.wav	1.385	0.235	0.1697	nine	Най.	[]		nvidia/parakeet-tdt-0.6b-v3	cpu
torgo-F03-Session3-0167	F03	dysarthric	/Users/animesh/Animesh/Project 2.0/echora/data/raw/torgo/F/F03/Session3/wav_headMic/0167.wav	1.385	0.235	0.1697	sin	So	[]		nvidia/parakeet-tdt-0.6b-v3	cpu
torgo-M01-Session2_3-0142	M01	dysarthric	/Users/animesh/Animesh/Project 2.0/echora/data/raw/torgo/M/M01/Session2_3/wav_headMic/0142.wav	1.389	0.235	0.1692	yes	Yes.	[]		nvidia/parakeet-tdt-0.6b-v3	cpu
torgo-F03-Session2-0057	F03	dysarthric	/Users/animesh/Animesh/Project 2.0/echora/data/raw/torgo/F/F03/Session2/wav_headMic/0057.wav	1.390	0.235	0.1691	write	Райт.	[]		nvidia/parakeet-tdt-0.6b-v3	cpu
torgo-M01-Session2_3-0044	M01	dysarthric	/Users/animesh/Animesh/Project 2.0/echora/data/raw/torgo/M/M01/Session2_3/wav_headMic/0044.wav	1.390	0.235	0.1690	back	Дайк.	[]		nvidia/parakeet-tdt-0.6b-v3	cpu
torgo-F03-Session3-0206	F03	dysarthric	/Users/animesh/Animesh/Project 2.0/echora/data/raw/torgo/F/F03/Session3/wav_headMic/0206.wav	1.395	0.235	0.1685	nest	Наст.	[]		nvidia/parakeet-tdt-0.6b-v3	cpu
torgo-M01-Session2_3-0081	M01	dysarthric	/Users/animesh/Animesh/Project 2.0/echora/data/raw/torgo/M/M01/Session2_3/wav_headMic/0081.wav	1.395	0.235	0.1684	tie	Ty	[]		nvidia/parakeet-tdt-0.6b-v3	cpu
torgo-M01-Session2_3-0215	M01	dysarthric	/Users/animesh/Animesh/Project 2.0/echora/data/raw/torgo/M/M01/Session2_3/wav_headMic/0215.wav	1.395	0.235	0.1684	hotel	Oh no.	[]		nvidia/parakeet-tdt-0.6b-v3	cpu
torgo-M01-Session2_3-0253	M01	dysarthric	/Users/animesh/Animesh/Project 2.0/echora/data/raw/torgo/M/M01/Session2_3/wav_headMic/0253.wav	1.398	0.235	0.1679	pitting	Преды.	[]		nvidia/parakeet-tdt-0.6b-v3	cpu
torgo-M05-Session2-0117	M05	dysarthric	/Users/animesh/Animesh/Project 2.0/echora/data/raw/torgo/M/M05/Session2/wav_headMic/0117.wav	1.400	0.235	0.1677	tear	Pew	[]		nvidia/parakeet-tdt-0.6b-v3	cpu
torgo-M01-Session2_3-0032	M01	dysarthric	/Users/animesh/Animesh/Project 2.0/echora/data/raw/torgo/M/M01/Session2_3/wav_headMic/0032.wav	1.401	0.235	0.1675	pot	Под.	[]		nvidia/parakeet-tdt-0.6b-v3	cpu
torgo-F03-Session3-0109	F03	dysarthric	/Users/animesh/Animesh/Project 2.0/echora/data/raw/torgo/F/F03/Session3/wav_headMic/0109.wav	1.405	0.235	0.1671	four	Four.	[]		nvidia/parakeet-tdt-0.6b-v3	cpu
torgo-F03-Session3-0166	F03	dysarthric	/Users/animesh/Animesh/Project 2.0/echora/data/raw/torgo/F/F03/Session3/wav_headMic/0166.wav	1.405	0.235	0.1671	fed	Fred.	[]		nvidia/parakeet-tdt-0.6b-v3	cpu
torgo-F03-Session2-0116	F03	dysarthric	/Users/animesh/Animesh/Project 2.0/echora/data/raw/torgo/F/F03/Session2/wav_headMic/0116.wav	1.405	0.235	0.1671	lair	В	[]		nvidia/parakeet-tdt-0.6b-v3	cpu
torgo-M01-Session2_3-0006	M01	dysarthric	/Users/animesh/Animesh/Project 2.0/echora/data/raw/torgo/M/M01/Session2_3/wav_headMic/0006.wav	1.408	0.235	0.1667	torn	Tom	[]		nvidia/parakeet-tdt-0.6b-v3	cpu
torgo-F03-Session3-0169	F03	dysarthric	/Users/animesh/Animesh/Project 2.0/echora/data/raw/torgo/F/F03/Session3/wav_headMic/0169.wav	1.410	0.235	0.1665	tango	Tango.	[]		nvidia/parakeet-tdt-0.6b-v3	cpu
torgo-F03-Session3-0142	F03	dysarthric	/Users/animesh/Animesh/Project 2.0/echora/data/raw/torgo/F/F03/Session3/wav_headMic/0142.wav	1.415	0.233	0.1650	fork	Fuck.	[]		nvidia/parakeet-tdt-0.6b-v3	cpu
torgo-F03-Session2-0061	F03	dysarthric	/Users/animesh/Animesh/Project 2.0/echora/data/raw/torgo/F/F03/Session2/wav_headMic/0061.wav	1.420	0.233	0.1644	take	Тэйк.	[]		nvidia/parakeet-tdt-0.6b-v3	cpu
torgo-F03-Session3-0145	F03	dysarthric	/Users/animesh/Animesh/Project 2.0/echora/data/raw/torgo/F/F03/Session3/wav_headMic/0145.wav	1.420	0.233	0.1644	left	Left.	[]		nvidia/parakeet-tdt-0.6b-v3	cpu
torgo-F03-Session2-0156	F03	dysarthric	/Users/animesh/Animesh/Project 2.0/echora/data/raw/torgo/F/F03/Session2/wav_headMic/0156.wav	1.425	0.233	0.1638	zero	Серел.	[]		nvidia/parakeet-tdt-0.6b-v3	cpu
torgo-F03-Session3-0054	F03	dysarthric	/Users/animesh/Animesh/Project 2.0/echora/data/raw/torgo/F/F03/Session3/wav_headMic/0054.wav	1.425	0.233	0.1638	shoot	Shoot.	[]		nvidia/parakeet-tdt-0.6b-v3	cpu
torgo-M01-Session2_3-0150	M01	dysarthric	/Users/animesh/Animesh/Project 2.0/echora/data/raw/torgo/M/M01/Session2_3/wav_headMic/0150.wav	1.430	0.233	0.1633	side	Сяй.	[]		nvidia/parakeet-tdt-0.6b-v3	cpu
torgo-M01-Session2_3-0163	M01	dysarthric	/Users/animesh/Animesh/Project 2.0/echora/data/raw/torgo/M/M01/Session2_3/wav_headMic/0163.wav	1.430	0.233	0.1633	hark	Арк.	[]		nvidia/parakeet-tdt-0.6b-v3	cpu
torgo-M01-Session2_3-0175	M01	dysarthric	/Users/animesh/Animesh/Project 2.0/echora/data/raw/torgo/M/M01/Session2_3/wav_headMic/0175.wav	1.430	0.233	0.1633	fat	Тает.	[]		nvidia/parakeet-tdt-0.6b-v3	cpu
torgo-M01-Session2_3-0228	M01	dysarthric	/Users/animesh/Animesh/Project 2.0/echora/data/raw/torgo/M/M01/Session2_3/wav_headMic/0228.wav	1.431	0.234	0.1638	him	Um	[]		nvidia/parakeet-tdt-0.6b-v3	cpu
torgo-M01-Session2_3-0102	M01	dysarthric	/Users/animesh/Animesh/Project 2.0/echora/data/raw/torgo/M/M01/Session2_3/wav_headMic/0102.wav	1.431	0.234	0.1637	bat	Бед.	[]		nvidia/parakeet-tdt-0.6b-v3	cpu
torgo-M01-Session2_3-0008	M01	dysarthric	/Users/animesh/Animesh/Project 2.0/echora/data/raw/torgo/M/M01/Session2_3/wav_headMic/0008.wav	1.434	0.234	0.1634	grow	Ро.	[]		nvidia/parakeet-tdt-0.6b-v3	cpu
torgo-F03-Session3-0071	F03	dysarthric	/Users/animesh/Animesh/Project 2.0/echora/data/raw/torgo/F/F03/Session3/wav_headMic/0071.wav	1.435	0.234	0.1633	tort	Tort.	[]		nvidia/parakeet-tdt-0.6b-v3	cpu
torgo-M01-Session2_3-0233	M01	dysarthric	/Users/animesh/Animesh/Project 2.0/echora/data/raw/torgo/M/M01/Session2_3/wav_headMic/0233.wav	1.442	0.234	0.1625	dart	Дальт.	[]		nvidia/parakeet-tdt-0.6b-v3	cpu
torgo-F03-Session3-0165	F03	dysarthric	/Users/animesh/Animesh/Project 2.0/echora/data/raw/torgo/F/F03/Session3/wav_headMic/0165.wav	1.445	0.234	0.1622	dart	Chart.	[]		nvidia/parakeet-tdt-0.6b-v3	cpu
torgo-M03-Session2-0306	M03	dysarthric	/Users/animesh/Animesh/Project 2.0/echora/data/raw/torgo/M/M03/Session2/wav_headMic/0306.wav	1.445	0.234	0.1622	november	November.	[]		nvidia/parakeet-tdt-0.6b-v3	cpu
torgo-F03-Session3-0173	F03	dysarthric	/Users/animesh/Animesh/Project 2.0/echora/data/raw/torgo/F/F03/Session3/wav_headMic/0173.wav	1.450	0.234	0.1616	red	Light.	[]		nvidia/parakeet-tdt-0.6b-v3	cpu
torgo-F03-Session3-0088	F03	dysarthric	/Users/animesh/Animesh/Project 2.0/echora/data/raw/torgo/F/F03/Session3/wav_headMic/0088.wav	1.450	0.237	0.1637	lee	Ли	[]		nvidia/parakeet-tdt-0.6b-v3	cpu
torgo-F03-Session3-0073	F03	dysarthric	/Users/animesh/Animesh/Project 2.0/echora/data/raw/torgo/F/F03/Session3/wav_headMic/0073.wav	1.455	0.237	0.1631	walk	Манк.	[]		nvidia/parakeet-tdt-0.6b-v3	cpu
torgo-F03-Session2-0060	F03	dysarthric	/Users/animesh/Animesh/Project 2.0/echora/data/raw/torgo/F/F03/Session2/wav_headMic/0060.wav	1.460	0.237	0.1625	cart	Кхадь.	[]		nvidia/parakeet-tdt-0.6b-v3	cpu
torgo-F03-Session3-0076	F03	dysarthric	/Users/animesh/Animesh/Project 2.0/echora/data/raw/torgo/F/F03/Session3/wav_headMic/0076.wav	1.460	0.237	0.1625	hat	Huh.	[]		nvidia/parakeet-tdt-0.6b-v3	cpu
torgo-M01-Session2_3-0005	M01	dysarthric	/Users/animesh/Animesh/Project 2.0/echora/data/raw/torgo/M/M01/Session2_3/wav_headMic/0005.wav	1.461	0.237	0.1624	race	Race.	[]		nvidia/parakeet-tdt-0.6b-v3	cpu
torgo-M02-Session2-0109	M02	dysarthric	/Users/animesh/Animesh/Project 2.0/echora/data/raw/torgo/M/M02/Session2/wav_headMic/0109.wav	1.465	0.237	0.1620	lick	L	[]		nvidia/parakeet-tdt-0.6b-v3	cpu
torgo-M01-Session2_3-0224	M01	dysarthric	/Users/animesh/Animesh/Project 2.0/echora/data/raw/torgo/M/M01/Session2_3/wav_headMic/0224.wav	1.466	0.237	0.1619	top	Тап.	[]		nvidia/parakeet-tdt-0.6b-v3	cpu
torgo-F03-Session3-0087	F03	dysarthric	/Users/animesh/Animesh/Project 2.0/echora/data/raw/torgo/F/F03/Session3/wav_headMic/0087.wav	1.470	0.237	0.1614	neat	Neat.	[]		nvidia/parakeet-tdt-0.6b-v3	cpu
torgo-F03-Session3-0128	F03	dysarthric	/Users/animesh/Animesh/Project 2.0/echora/data/raw/torgo/F/F03/Session3/wav_headMic/0128.wav	1.470	0.239	0.1624	rock	Roth.	[]		nvidia/parakeet-tdt-0.6b-v3	cpu
torgo-M01-Session2_3-0034	M01	dysarthric	/Users/animesh/Animesh/Project 2.0/echora/data/raw/torgo/M/M01/Session2_3/wav_headMic/0034.wav	1.471	0.239	0.1623	pay	Кей.	[]		nvidia/parakeet-tdt-0.6b-v3	cpu
torgo-F03-Session2-0096	F03	dysarthric	/Users/animesh/Animesh/Project 2.0/echora/data/raw/torgo/F/F03/Session2/wav_headMic/0096.wav	1.475	0.239	0.1618	seed	Сырь.	[]		nvidia/parakeet-tdt-0.6b-v3	cpu
torgo-F03-Session2-0128	F03	dysarthric	/Users/animesh/Animesh/Project 2.0/echora/data/raw/torgo/F/F03/Session2/wav_headMic/0128.wav	1.475	0.239	0.1618	six	Six	[]		nvidia/parakeet-tdt-0.6b-v3	cpu
torgo-F03-Session3-0094	F03	dysarthric	/Users/animesh/Animesh/Project 2.0/echora/data/raw/torgo/F/F03/Session3/wav_headMic/0094.wav	1.475	0.239	0.1618	heart	High.	[]		nvidia/parakeet-tdt-0.6b-v3	cpu
torgo-F03-Session3-0187	F03	dysarthric	/Users/animesh/Animesh/Project 2.0/echora/data/raw/torgo/F/F03/Session3/wav_headMic/0187.wav	1.475	0.239	0.1618	He	He	[]		nvidia/parakeet-tdt-0.6b-v3	cpu
torgo-F03-Session3-0189	F03	dysarthric	/Users/animesh/Animesh/Project 2.0/echora/data/raw/torgo/F/F03/Session3/wav_headMic/0189.wav	1.475	0.239	0.1618	spit	Spit.	[]		nvidia/parakeet-tdt-0.6b-v3	cpu
torgo-M01-Session2_3-0025	M01	dysarthric	/Users/animesh/Animesh/Project 2.0/echora/data/raw/torgo/M/M01/Session2_3/wav_headMic/0025.wav	1.476	0.239	0.1617	wish	Wait.	[]		nvidia/parakeet-tdt-0.6b-v3	cpu
torgo-M01-Session2_3-0046	M01	dysarthric	/Users/animesh/Animesh/Project 2.0/echora/data/raw/torgo/M/M01/Session2_3/wav_headMic/0046.wav	1.477	0.233	0.1580	knew	Нью.	[]		nvidia/parakeet-tdt-0.6b-v3	cpu
torgo-M01-Session2_3-0141	M01	dysarthric	/Users/animesh/Animesh/Project 2.0/echora/data/raw/torgo/M/M01/Session2_3/wav_headMic/0141.wav	1.478	0.233	0.1580	sway	Way.	[]		nvidia/parakeet-tdt-0.6b-v3	cpu
torgo-F03-Session3-0164	F03	dysarthric	/Users/animesh/Animesh/Project 2.0/echora/data/raw/torgo/F/F03/Session3/wav_headMic/0164.wav	1.480	0.233	0.1577	sing	Штень.	[]		nvidia/parakeet-tdt-0.6b-v3	cpu
torgo-F03-Session2-0065	F03	dysarthric	/Users/animesh/Animesh/Project 2.0/echora/data/raw/torgo/F/F03/Session2/wav_headMic/0065.wav	1.485	0.233	0.1572	fat	But	[]		nvidia/parakeet-tdt-0.6b-v3	cpu
torgo-M01-Session2_3-0072	M01	dysarthric	/Users/animesh/Animesh/Project 2.0/echora/data/raw/torgo/M/M01/Session2_3/wav_headMic/0072.wav	1.487	0.233	0.1570	deer	Дир.	[]		nvidia/parakeet-tdt-0.6b-v3	cpu
torgo-M01-Session2_3-0018	M01	dysarthric	/Users/animesh/Animesh/Project 2.0/echora/data/raw/torgo/M/M01/Session2_3/wav_headMic/0018.wav	1.488	0.233	0.1569	chair	Чер.	[]		nvidia/parakeet-tdt-0.6b-v3	cpu
torgo-M03-Session2-0354	M03	dysarthric	/Users/animesh/Animesh/Project 2.0/echora/data/raw/torgo/M/M03/Session2/wav_headMic/0354.wav	1.490	0.233	0.1567	side	Side.	[]		nvidia/parakeet-tdt-0.6b-v3	cpu
torgo-M01-Session2_3-0149	M01	dysarthric	/Users/animesh/Animesh/Project 2.0/echora/data/raw/torgo/M/M01/Session2_3/wav_headMic/0149.wav	1.493	0.233	0.1564	jungle	Дзянко.	[]		nvidia/parakeet-tdt-0.6b-v3	cpu
torgo-F03-Session3-0066	F03	dysarthric	/Users/animesh/Animesh/Project 2.0/echora/data/raw/torgo/F/F03/Session3/wav_headMic/0066.wav	1.500	0.235	0.1564	eat	It	[]		nvidia/parakeet-tdt-0.6b-v3	cpu
torgo-M01-Session2_3-0221	M01	dysarthric	/Users/animesh/Animesh/Project 2.0/echora/data/raw/torgo/M/M01/Session2_3/wav_headMic/0221.wav	1.501	0.235	0.1563	much	No	[]		nvidia/parakeet-tdt-0.6b-v3	cpu
torgo-M01-Session2_3-0197	M01	dysarthric	/Users/animesh/Animesh/Project 2.0/echora/data/raw/torgo/M/M01/Session2_3/wav_headMic/0197.wav	1.502	0.235	0.1562	eight	Eight	[]		nvidia/parakeet-tdt-0.6b-v3	cpu
torgo-M01-Session2_3-0172	M01	dysarthric	/Users/animesh/Animesh/Project 2.0/echora/data/raw/torgo/M/M01/Session2_3/wav_headMic/0172.wav	1.504	0.235	0.1560	bit	Бельт.	[]		nvidia/parakeet-tdt-0.6b-v3	cpu
torgo-M01-Session2_3-0122	M01	dysarthric	/Users/animesh/Animesh/Project 2.0/echora/data/raw/torgo/M/M01/Session2_3/wav_headMic/0122.wav	1.507	0.235	0.1556	tear	Тир.	[]		nvidia/parakeet-tdt-0.6b-v3	cpu
torgo-M01-Session2_3-0123	M01	dysarthric	/Users/animesh/Animesh/Project 2.0/echora/data/raw/torgo/M/M01/Session2_3/wav_headMic/0123.wav	1.507	0.235	0.1556	slay		[]		nvidia/parakeet-tdt-0.6b-v3	cpu
torgo-F03-Session3-0204	F03	dysarthric	/Users/animesh/Animesh/Project 2.0/echora/data/raw/torgo/F/F03/Session3/wav_headMic/0204.wav	1.510	0.235	0.1553	lake	Lake.	[]		nvidia/parakeet-tdt-0.6b-v3	cpu
torgo-M05-Session2-0300	M05	dysarthric	/Users/animesh/Animesh/Project 2.0/echora/data/raw/torgo/M/M05/Session2/wav_headMic/0300.wav	1.511	0.235	0.1552	xxx	Uh	[]		nvidia/parakeet-tdt-0.6b-v3	cpu
torgo-M01-Session2_3-0064	M01	dysarthric	/Users/animesh/Animesh/Project 2.0/echora/data/raw/torgo/M/M01/Session2_3/wav_headMic/0064.wav	1.512	0.235	0.1557	tile	Тайо.	[]		nvidia/parakeet-tdt-0.6b-v3	cpu
torgo-M01-Session2_3-0001	M01	dysarthric	/Users/animesh/Animesh/Project 2.0/echora/data/raw/torgo/M/M01/Session2_3/wav_headMic/0001.wav	1.514	0.235	0.1555	one	Уан.	[]		nvidia/parakeet-tdt-0.6b-v3	cpu
torgo-F03-Session2-0103	F03	dysarthric	/Users/animesh/Animesh/Project 2.0/echora/data/raw/torgo/F/F03/Session2/wav_headMic/0103.wav	1.515	0.235	0.1554	city	Фови.	[]		nvidia/parakeet-tdt-0.6b-v3	cpu
torgo-F03-Session2-0094	F03	dysarthric	/Users/animesh/Animesh/Project 2.0/echora/data/raw/torgo/F/F03/Session2/wav_headMic/0094.wav	1.520	0.235	0.1548	hum	Хам.	[]		nvidia/parakeet-tdt-0.6b-v3	cpu
torgo-F03-Session3-0069	F03	dysarthric	/Users/animesh/Animesh/Project 2.0/echora/data/raw/torgo/F/F03/Session3/wav_headMic/0069.wav	1.520	0.235	0.1548	sheet	Ши.	[]		nvidia/parakeet-tdt-0.6b-v3	cpu
torgo-F03-Session2-0137	F03	dysarthric	/Users/animesh/Animesh/Project 2.0/echora/data/raw/torgo/F/F03/Session2/wav_headMic/0137.wav	1.520	0.235	0.1548	start	Start.	[]		nvidia/parakeet-tdt-0.6b-v3	cpu
torgo-M02-Session1-0230	M02	dysarthric	/Users/animesh/Animesh/Project 2.0/echora/data/raw/torgo/M/M02/Session1/wav_headMic/0230.wav	1.523	0.235	0.1546	rock	Rock.	[]		nvidia/parakeet-tdt-0.6b-v3	cpu
torgo-F03-Session3-0152	F03	dysarthric	/Users/animesh/Animesh/Project 2.0/echora/data/raw/torgo/F/F03/Session3/wav_headMic/0152.wav	1.525	0.235	0.1543	lock	Рок.	[]		nvidia/parakeet-tdt-0.6b-v3	cpu
torgo-F03-Session3-0171	F03	dysarthric	/Users/animesh/Animesh/Project 2.0/echora/data/raw/torgo/F/F03/Session3/wav_headMic/0171.wav	1.525	0.231	0.1514	hill	Here.	[]		nvidia/parakeet-tdt-0.6b-v3	cpu
torgo-F03-Session3-0211	F03	dysarthric	/Users/animesh/Animesh/Project 2.0/echora/data/raw/torgo/F/F03/Session3/wav_headMic/0211.wav	1.530	0.231	0.1509	spark	Spec.	[]		nvidia/parakeet-tdt-0.6b-v3	cpu
torgo-F03-Session3-0064	F03	dysarthric	/Users/animesh/Animesh/Project 2.0/echora/data/raw/torgo/F/F03/Session3/wav_headMic/0064.wav	1.535	0.231	0.1504	rid	Right.	[]		nvidia/parakeet-tdt-0.6b-v3	cpu
torgo-M01-Session2_3-0236	M01	dysarthric	/Users/animesh/Animesh/Project 2.0/echora/data/raw/torgo/M/M01/Session2_3/wav_headMic/0236.wav	1.536	0.231	0.1503	part		[]		nvidia/parakeet-tdt-0.6b-v3	cpu
torgo-F03-Session2-0039	F03	dysarthric	/Users/animesh/Animesh/Project 2.0/echora/data/raw/torgo/F/F03/Session2/wav_headMic/0039.wav	1.540	0.231	0.1499	hate	Хейт.	[]		nvidia/parakeet-tdt-0.6b-v3	cpu
torgo-F03-Session3-0201	F03	dysarthric	/Users/animesh/Animesh/Project 2.0/echora/data/raw/torgo/F/F03/Session3/wav_headMic/0201.wav	1.540	0.231	0.1499	wicked	Wicked.	[]		nvidia/parakeet-tdt-0.6b-v3	cpu
torgo-F03-Session3-0198	F03	dysarthric	/Users/animesh/Animesh/Project 2.0/echora/data/raw/torgo/F/F03/Session3/wav_headMic/0198.wav	1.540	0.231	0.1499	xxx		[]		nvidia/parakeet-tdt-0.6b-v3	cpu
torgo-M01-Session2_3-0155	M01	dysarthric	/Users/animesh/Animesh/Project 2.0/echora/data/raw/torgo/M/M01/Session2_3/wav_headMic/0155.wav	1.546	0.231	0.1494	light	Райт.	[]		nvidia/parakeet-tdt-0.6b-v3	cpu
torgo-M01-Session2_3-0168	M01	dysarthric	/Users/animesh/Animesh/Project 2.0/echora/data/raw/torgo/M/M01/Session2_3/wav_headMic/0168.wav	1.546	0.234	0.1512	sign	Sorry.	[]		nvidia/parakeet-tdt-0.6b-v3	cpu
torgo-F03-Session2-0125	F03	dysarthric	/Users/animesh/Animesh/Project 2.0/echora/data/raw/torgo/F/F03/Session2/wav_headMic/0125.wav	1.550	0.234	0.1508	reek	Reek.	[]		nvidia/parakeet-tdt-0.6b-v3	cpu
torgo-F03-Session2-0129	F03	dysarthric	/Users/animesh/Animesh/Project 2.0/echora/data/raw/torgo/F/F03/Session2/wav_headMic/0129.wav	1.550	0.234	0.1508	dark	Так.	[]		nvidia/parakeet-tdt-0.6b-v3	cpu
torgo-M02-Session1-0159	M02	dysarthric	/Users/animesh/Animesh/Project 2.0/echora/data/raw/torgo/M/M02/Session1/wav_headMic/0159.wav	1.551	0.234	0.1507	play	Trey	[]		nvidia/parakeet-tdt-0.6b-v3	cpu
torgo-M01-Session2_3-0131	M01	dysarthric	/Users/animesh/Animesh/Project 2.0/echora/data/raw/torgo/M/M01/Session2_3/wav_headMic/0131.wav	1.552	0.234	0.1507	rocks	Рок.	[]		nvidia/parakeet-tdt-0.6b-v3	cpu
torgo-M01-Session2_3-0213	M01	dysarthric	/Users/animesh/Animesh/Project 2.0/echora/data/raw/torgo/M/M01/Session2_3/wav_headMic/0213.wav	1.560	0.234	0.1499	and	And	[]		nvidia/parakeet-tdt-0.6b-v3	cpu
torgo-M01-Session2_3-0230	M01	dysarthric	/Users/animesh/Animesh/Project 2.0/echora/data/raw/torgo/M/M01/Session2_3/wav_headMic/0230.wav	1.560	0.234	0.1499	fat	Файт.	[]		nvidia/parakeet-tdt-0.6b-v3	cpu
torgo-F03-Session2-0136	F03	dysarthric	/Users/animesh/Animesh/Project 2.0/echora/data/raw/torgo/F/F03/Session2/wav_headMic/0136.wav	1.560	0.234	0.1498	pit	Pit.	[]		nvidia/parakeet-tdt-0.6b-v3	cpu
torgo-M01-Session2_3-0080	M01	dysarthric	/Users/animesh/Animesh/Project 2.0/echora/data/raw/torgo/M/M01/Session2_3/wav_headMic/0080.wav	1.564	0.237	0.1514	though	Да?	[]		nvidia/parakeet-tdt-0.6b-v3	cpu
torgo-M01-Session2_3-0027	M01	dysarthric	/Users/animesh/Animesh/Project 2.0/echora/data/raw/torgo/M/M01/Session2_3/wav_headMic/0027.wav	1.565	0.237	0.1513	troop	Чуп.	[]		nvidia/parakeet-tdt-0.6b-v3	cpu
torgo-F03-Session3-0061	F03	dysarthric	/Users/animesh/Animesh/Project 2.0/echora/data/raw/torgo/F/F03/Session3/wav_headMic/0061.wav	1.565	0.237	0.1513	fork	Four.	[]		nvidia/parakeet-tdt-0.6b-v3	cpu
torgo-F03-Session3-0139	F03	dysarthric	/Users/animesh/Animesh/Project 2.0/echora/data/raw/torgo/F/F03/Session3/wav_headMic/0139.wav	1.565	0.237	0.1513	court	Quite.	[]		nvidia/parakeet-tdt-0.6b-v3	cpu
torgo-F04-Session2-0169	F04	dysarthric	/Users/animesh/Animesh/Project 2.0/echora/data/raw/torgo/F/F04/Session2/wav_headMic/0169.wav	1.565	0.237	0.1512	lima	Лайма.	[]		nvidia/parakeet-tdt-0.6b-v3	cpu
torgo-M01-Session2_3-0151	M01	dysarthric	/Users/animesh/Animesh/Project 2.0/echora/data/raw/torgo/M/M01/Session2_3/wav_headMic/0151.wav	1.567	0.237	0.1511	whoop	Воп.	[]		nvidia/parakeet-tdt-0.6b-v3	cpu
torgo-F03-Session3-0100	F03	dysarthric	/Users/animesh/Animesh/Project 2.0/echora/data/raw/torgo/F/F03/Session3/wav_headMic/0100.wav	1.570	0.237	0.1508	sew	So	[]		nvidia/parakeet-tdt-0.6b-v3	cpu
torgo-F03-Session3-0202	F03	dysarthric	/Users/animesh/Animesh/Project 2.0/echora/data/raw/torgo/F/F03/Session3/wav_headMic/0202.wav	1.570	0.237	0.1508	uniform	Yunnafar.	[]		nvidia/parakeet-tdt-0.6b-v3	cpu
torgo-M01-Session2_3-0231	M01	dysarthric	/Users/animesh/Animesh/Project 2.0/echora/data/raw/torgo/M/M01/Session2_3/wav_headMic/0231.wav	1.571	0.377	0.2400	golf	Гоф.	[]		nvidia/parakeet-tdt-0.6b-v3	cpu
torgo-F03-Session3-0049	F03	dysarthric	/Users/animesh/Animesh/Project 2.0/echora/data/raw/torgo/F/F03/Session3/wav_headMic/0049.wav	1.575	0.377	0.2394	geese	Peace.	[]		nvidia/parakeet-tdt-0.6b-v3	cpu
torgo-M01-Session2_3-0157	M01	dysarthric	/Users/animesh/Animesh/Project 2.0/echora/data/raw/torgo/M/M01/Session2_3/wav_headMic/0157.wav	1.577	0.377	0.2391	darn	Darn	[]		nvidia/parakeet-tdt-0.6b-v3	cpu
torgo-F03-Session3-0144	F03	dysarthric	/Users/animesh/Animesh/Project 2.0/echora/data/raw/torgo/F/F03/Session3/wav_headMic/0144.wav	1.580	0.377	0.2387	bill	Beah.	[]		nvidia/parakeet-tdt-0.6b-v3	cpu
torgo-F03-Session3-0195	F03	dysarthric	/Users/animesh/Animesh/Project 2.0/echora/data/raw/torgo/F/F03/Session3/wav_headMic/0195.wav	1.580	0.377	0.2387	foe	Fo.	[]		nvidia/parakeet-tdt-0.6b-v3	cpu
torgo-F04-Session2-0235	F04	dysarthric	/Users/animesh/Animesh/Project 2.0/echora/data/raw/torgo/F/F04/Session2/wav_headMic/0235.wav	1.580	0.377	0.2387	him	Him.	[]		nvidia/parakeet-tdt-0.6b-v3	cpu
torgo-M02-Session2-0136	M02	dysarthric	/Users/animesh/Animesh/Project 2.0/echora/data/raw/torgo/M/M02/Session2/wav_headMic/0136.wav	1.580	0.377	0.2387	knitting	Nathing.	[]		nvidia/parakeet-tdt-0.6b-v3	cpu
torgo-M01-Session2_3-0135	M01	dysarthric	/Users/animesh/Animesh/Project 2.0/echora/data/raw/torgo/M/M01/Session2_3/wav_headMic/0135.wav	1.581	0.377	0.2385	white	Лайт.	[]		nvidia/parakeet-tdt-0.6b-v3	cpu
torgo-M01-Session2_3-0144	M01	dysarthric	/Users/animesh/Animesh/Project 2.0/echora/data/raw/torgo/M/M01/Session2_3/wav_headMic/0144.wav	1.581	0.408	0.2580	hear	Yeah.	[]		nvidia/parakeet-tdt-0.6b-v3	cpu
torgo-F03-Session3-0079	F03	dysarthric	/Users/animesh/Animesh/Project 2.0/echora/data/raw/torgo/F/F03/Session3/wav_headMic/0079.wav	1.585	0.408	0.2573	snake	Снейк.	[]		nvidia/parakeet-tdt-0.6b-v3	cpu
torgo-M01-Session2_3-0075	M01	dysarthric	/Users/animesh/Animesh/Project 2.0/echora/data/raw/torgo/M/M01/Session2_3/wav_headMic/0075.wav	1.595	0.408	0.2558	bad	Bad	[]		nvidia/parakeet-tdt-0.6b-v3	cpu
torgo-M01-Session2_3-0079	M01	dysarthric	/Users/animesh/Animesh/Project 2.0/echora/data/raw/torgo/M/M01/Session2_3/wav_headMic/0079.wav	1.595	0.408	0.2558	pat	Пять.	[]		nvidia/parakeet-tdt-0.6b-v3	cpu
torgo-M01-Session2_3-0087	M01	dysarthric	/Users/animesh/Animesh/Project 2.0/echora/data/raw/torgo/M/M01/Session2_3/wav_headMic/0087.wav	1.595	0.408	0.2558	thigh	Sai	[]		nvidia/parakeet-tdt-0.6b-v3	cpu
torgo-M01-Session2_3-0214	M01	dysarthric	/Users/animesh/Animesh/Project 2.0/echora/data/raw/torgo/M/M01/Session2_3/wav_headMic/0214.wav	1.595	0.408	0.2557	mike	Майк.	[]		nvidia/parakeet-tdt-0.6b-v3	cpu
torgo-M01-Session2_3-0216	M01	dysarthric	/Users/animesh/Animesh/Project 2.0/echora/data/raw/torgo/M/M01/Session2_3/wav_headMic/0216.wav	1.595	0.408	0.2557	written	Руи блин.	[]		nvidia/parakeet-tdt-0.6b-v3	cpu
torgo-F03-Session3-0115	F03	dysarthric	/Users/animesh/Animesh/Project 2.0/echora/data/raw/torgo/F/F03/Session3/wav_headMic/0115.wav	1.595	0.408	0.2557	rip	Gripped.	[]		nvidia/parakeet-tdt-0.6b-v3	cpu
torgo-M01-Session2_3-0048	M01	dysarthric	/Users/animesh/Animesh/Project 2.0/echora/data/raw/torgo/M/M01/Session2_3/wav_headMic/0048.wav	1.599	0.245	0.1532	shoot	Sure.	[]		nvidia/parakeet-tdt-0.6b-v3	cpu
torgo-M01-Session2_3-0257	M01	dysarthric	/Users/animesh/Animesh/Project 2.0/echora/data/raw/torgo/M/M01/Session2_3/wav_headMic/0257.wav	1.599	0.245	0.1532	start	Тарт.	[]		nvidia/parakeet-tdt-0.6b-v3	cpu
torgo-F03-Session3-0035	F03	dysarthric	/Users/animesh/Animesh/Project 2.0/echora/data/raw/torgo/F/F03/Session3/wav_headMic/0035.wav	1.600	0.245	0.1531	bread	Right.	[]		nvidia/parakeet-tdt-0.6b-v3	cpu
torgo-M01-Session2_3-0110	M01	dysarthric	/Users/animesh/Animesh/Project 2.0/echora/data/raw/torgo/M/M01/Session2_3/wav_headMic/0110.wav	1.601	0.245	0.1530	of	Um	[]		nvidia/parakeet-tdt-0.6b-v3	cpu
torgo-M01-Session2_3-0118	M01	dysarthric	/Users/animesh/Animesh/Project 2.0/echora/data/raw/torgo/M/M01/Session2_3/wav_headMic/0118.wav	1.601	0.245	0.1530	mut	Майт.	[]		nvidia/parakeet-tdt-0.6b-v3	cpu
torgo-F03-Session3-0051	F03	dysarthric	/Users/animesh/Animesh/Project 2.0/echora/data/raw/torgo/F/F03/Session3/wav_headMic/0051.wav	1.605	0.245	0.1526	court	Court.	[]		nvidia/parakeet-tdt-0.6b-v3	cpu
torgo-M02-Session2-0129	M02	dysarthric	/Users/animesh/Animesh/Project 2.0/echora/data/raw/torgo/M/M02/Session2/wav_headMic/0129.wav	1.610	0.245	0.1522	reek	Who	[]		nvidia/parakeet-tdt-0.6b-v3	cpu
torgo-M01-Session2_3-0040	M01	dysarthric	/Users/animesh/Animesh/Project 2.0/echora/data/raw/torgo/M/M01/Session2_3/wav_headMic/0040.wav	1.611	0.245	0.1520	play	Okay.	[]		nvidia/parakeet-tdt-0.6b-v3	cpu
torgo-M05-Session1-0054	M05	dysarthric	/Users/animesh/Animesh/Project 2.0/echora/data/raw/torgo/M/M05/Session1/wav_headMic/0054.wav	1.615	0.247	0.1529	tear	K	[]		nvidia/parakeet-tdt-0.6b-v3	cpu
torgo-M01-Session2_3-0210	M01	dysarthric	/Users/animesh/Animesh/Project 2.0/echora/data/raw/torgo/M/M01/Session2_3/wav_headMic/0210.wav	1.616	0.247	0.1528	reek	Рейк.	[]		nvidia/parakeet-tdt-0.6b-v3	cpu
torgo-M01-Session2_3-0068	M01	dysarthric	/Users/animesh/Animesh/Project 2.0/echora/data/raw/torgo/M/M01/Session2_3/wav_headMic/0068.wav	1.616	0.247	0.1528	boot	Будет.	[]		nvidia/parakeet-tdt-0.6b-v3	cpu
torgo-M01-Session2_3-0099	M01	dysarthric	/Users/animesh/Animesh/Project 2.0/echora/data/raw/torgo/M/M01/Session2_3/wav_headMic/0099.wav	1.620	0.247	0.1525	sigh	Sai.	[]		nvidia/parakeet-tdt-0.6b-v3	cpu
torgo-M01-Session2_3-0119	M01	dysarthric	/Users/animesh/Animesh/Project 2.0/echora/data/raw/torgo/M/M01/Session2_3/wav_headMic/0119.wav	1.620	0.247	0.1525	delta	Der Urte.	[]		nvidia/parakeet-tdt-0.6b-v3	cpu
torgo-F03-Session3-0176	F03	dysarthric	/Users/animesh/Animesh/Project 2.0/echora/data/raw/torgo/F/F03/Session3/wav_headMic/0176.wav	1.625	0.247	0.1520	select	Слад.	[]		nvidia/parakeet-tdt-0.6b-v3	cpu
torgo-M01-Session2_3-0256	M01	dysarthric	/Users/animesh/Animesh/Project 2.0/echora/data/raw/torgo/M/M01/Session2_3/wav_headMic/0256.wav	1.631	0.247	0.1514	no	No.	[]		nvidia/parakeet-tdt-0.6b-v3	cpu
torgo-F03-Session2-0114	F03	dysarthric	/Users/animesh/Animesh/Project 2.0/echora/data/raw/torgo/F/F03/Session2/wav_headMic/0114.wav	1.635	0.247	0.1510	eight	Эт.	[]		nvidia/parakeet-tdt-0.6b-v3	cpu
torgo-F03-Session3-0075	F03	dysarthric	/Users/animesh/Animesh/Project 2.0/echora/data/raw/torgo/F/F03/Session3/wav_headMic/0075.wav	1.635	0.237	0.1449	glitter	Leather.	[]		nvidia/parakeet-tdt-0.6b-v3	cpu
torgo-F03-Session3-0108	F03	dysarthric	/Users/animesh/Animesh/Project 2.0/echora/data/raw/torgo/F/F03/Session3/wav_headMic/0108.wav	1.635	0.237	0.1449	best	Бест.	[]		nvidia/parakeet-tdt-0.6b-v3	cpu
torgo-F03-Session2-0121	F03	dysarthric	/Users/animesh/Animesh/Project 2.0/echora/data/raw/torgo/F/F03/Session2/wav_headMic/0121.wav	1.640	0.237	0.1444	thorn	Thorn.	[]		nvidia/parakeet-tdt-0.6b-v3	cpu
torgo-F03-Session3-0138	F03	dysarthric	/Users/animesh/Animesh/Project 2.0/echora/data/raw/torgo/F/F03/Session3/wav_headMic/0138.wav	1.640	0.237	0.1444	slicker	Сэка.	[]		nvidia/parakeet-tdt-0.6b-v3	cpu
torgo-F03-Session3-0104	F03	dysarthric	/Users/animesh/Animesh/Project 2.0/echora/data/raw/torgo/F/F03/Session3/wav_headMic/0104.wav	1.640	0.237	0.1444	rock	Рак.	[]		nvidia/parakeet-tdt-0.6b-v3	cpu
torgo-M02-Session1-0072	M02	dysarthric	/Users/animesh/Animesh/Project 2.0/echora/data/raw/torgo/M/M02/Session1/wav_headMic/0072.wav	1.641	0.237	0.1444	left	Left.	[]		nvidia/parakeet-tdt-0.6b-v3	cpu
torgo-M02-Session1-0017	M02	dysarthric	/Users/animesh/Animesh/Project 2.0/echora/data/raw/torgo/M/M02/Session1/wav_headMic/0017.wav	1.641	0.237	0.1444	feet	Pff	[]		nvidia/parakeet-tdt-0.6b-v3	cpu
torgo-F03-Session2-0150	F03	dysarthric	/Users/animesh/Animesh/Project 2.0/echora/data/raw/torgo/F/F03/Session2/wav_headMic/0150.wav	1.645	0.237	0.1440	vat	Right.	[]		nvidia/parakeet-tdt-0.6b-v3	cpu
torgo-M01-Session2_3-0012	M01	dysarthric	/Users/animesh/Animesh/Project 2.0/echora/data/raw/torgo/M/M01/Session2_3/wav_headMic/0012.wav	1.647	0.240	0.1460	sip	Се	[]		nvidia/parakeet-tdt-0.6b-v3	cpu
torgo-M01-Session2_3-0211	M01	dysarthric	/Users/animesh/Animesh/Project 2.0/echora/data/raw/torgo/M/M01/Session2_3/wav_headMic/0211.wav	1.649	0.240	0.1458	seeds	See	[]		nvidia/parakeet-tdt-0.6b-v3	cpu
torgo-F03-Session2-0051	F03	dysarthric	/Users/animesh/Animesh/Project 2.0/echora/data/raw/torgo/F/F03/Session2/wav_headMic/0051.wav	1.650	0.240	0.1457	snoop	Слюп.	[]		nvidia/parakeet-tdt-0.6b-v3	cpu
torgo-F03-Session2-0100	F03	dysarthric	/Users/animesh/Animesh/Project 2.0/echora/data/raw/torgo/F/F03/Session2/wav_headMic/0100.wav	1.650	0.240	0.1457	no	нам	[]		nvidia/parakeet-tdt-0.6b-v3	cpu
torgo-M01-Session2_3-0248	M01	dysarthric	/Users/animesh/Animesh/Project 2.0/echora/data/raw/torgo/M/M01/Session2_3/wav_headMic/0248.wav	1.652	0.240	0.1455	spit	Скрип.	[]		nvidia/parakeet-tdt-0.6b-v3	cpu
torgo-M02-Session1-0206	M02	dysarthric	/Users/animesh/Animesh/Project 2.0/echora/data/raw/torgo/M/M02/Session1/wav_headMic/0206.wav	1.653	0.240	0.1455	bear	Yeah.	[]		nvidia/parakeet-tdt-0.6b-v3	cpu
torgo-M01-Session2_3-0124	M01	dysarthric	/Users/animesh/Animesh/Project 2.0/echora/data/raw/torgo/M/M01/Session2_3/wav_headMic/0124.wav	1.655	0.240	0.1453	slip	Soup.	[]		nvidia/parakeet-tdt-0.6b-v3	cpu
torgo-M01-Session2_3-0126	M01	dysarthric	/Users/animesh/Animesh/Project 2.0/echora/data/raw/torgo/M/M01/Session2_3/wav_headMic/0126.wav	1.655	0.240	0.1453	four	four	[]		nvidia/parakeet-tdt-0.6b-v3	cpu
torgo-F03-Session2-0078	F03	dysarthric	/Users/animesh/Animesh/Project 2.0/echora/data/raw/torgo/F/F03/Session2/wav_headMic/0078.wav	1.660	0.247	0.1487	written	Reckon.	[]		nvidia/parakeet-tdt-0.6b-v3	cpu
torgo-F03-Session2-0148	F03	dysarthric	/Users/animesh/Animesh/Project 2.0/echora/data/raw/torgo/F/F03/Session2/wav_headMic/0148.wav	1.660	0.247	0.1487	knitting	Knitting.	[]		nvidia/parakeet-tdt-0.6b-v3	cpu
torgo-F03-Session3-0045	F03	dysarthric	/Users/animesh/Animesh/Project 2.0/echora/data/raw/torgo/F/F03/Session3/wav_headMic/0045.wav	1.660	0.247	0.1487	fed	Fred.	[]		nvidia/parakeet-tdt-0.6b-v3	cpu
torgo-M01-Session2_3-0171	M01	dysarthric	/Users/animesh/Animesh/Project 2.0/echora/data/raw/torgo/M/M01/Session2_3/wav_headMic/0171.wav	1.661	0.247	0.1486	cart	Кальт.	[]		nvidia/parakeet-tdt-0.6b-v3	cpu
torgo-M01-Session2_3-0201	M01	dysarthric	/Users/animesh/Animesh/Project 2.0/echora/data/raw/torgo/M/M01/Session2_3/wav_headMic/0201.wav	1.665	0.247	0.1483	pit	Пет.	[]		nvidia/parakeet-tdt-0.6b-v3	cpu
torgo-M03-Session2-0210	M03	dysarthric	/Users/animesh/Animesh/Project 2.0/echora/data/raw/torgo/M/M03/Session2/wav_headMic/0210.wav	1.670	0.247	0.1478	knot	not.	[]		nvidia/parakeet-tdt-0.6b-v3	cpu
torgo-M01-Session2_3-0090	M01	dysarthric	/Users/animesh/Animesh/Project 2.0/echora/data/raw/torgo/M/M01/Session2_3/wav_headMic/0090.wav	1.671	0.247	0.1477	lip	Ap	[]		nvidia/parakeet-tdt-0.6b-v3	cpu
torgo-F03-Session3-0077	F03	dysarthric	/Users/animesh/Animesh/Project 2.0/echora/data/raw/torgo/F/F03/Session3/wav_headMic/0077.wav	1.675	0.247	0.1474	bitter	Better.	[]		nvidia/parakeet-tdt-0.6b-v3	cpu
torgo-M01-Session2_3-0114	M01	dysarthric	/Users/animesh/Animesh/Project 2.0/echora/data/raw/torgo/M/M01/Session2_3/wav_headMic/0114.wav	1.676	0.234	0.1397	no	Но.	[]		nvidia/parakeet-tdt-0.6b-v3	cpu
torgo-M01-Session2_3-0237	M01	dysarthric	/Users/animesh/Animesh/Project 2.0/echora/data/raw/torgo/M/M01/Session2_3/wav_headMic/0237.wav	1.677	0.234	0.1397	nine	nej	[]		nvidia/parakeet-tdt-0.6b-v3	cpu
torgo-F03-Session3-0114	F03	dysarthric	/Users/animesh/Animesh/Project 2.0/echora/data/raw/torgo/F/F03/Session3/wav_headMic/0114.wav	1.680	0.234	0.1394	goat	Тот же.	[]		nvidia/parakeet-tdt-0.6b-v3	cpu
torgo-F03-Session3-0106	F03	dysarthric	/Users/animesh/Animesh/Project 2.0/echora/data/raw/torgo/F/F03/Session3/wav_headMic/0106.wav	1.690	0.234	0.1386	zulu	Цил.	[]		nvidia/parakeet-tdt-0.6b-v3	cpu
torgo-F03-Session3-0143	F03	dysarthric	/Users/animesh/Animesh/Project 2.0/echora/data/raw/torgo/F/F03/Session3/wav_headMic/0143.wav	1.690	0.234	0.1386	victor	Victor.	[]		nvidia/parakeet-tdt-0.6b-v3	cpu
torgo-F03-Session2-0074	F03	dysarthric	/Users/animesh/Animesh/Project 2.0/echora/data/raw/torgo/F/F03/Session2/wav_headMic/0074.wav	1.700	0.234	0.1378	rich	Rich.	[]		nvidia/parakeet-tdt-0.6b-v3	cpu
torgo-F03-Session3-0092	F03	dysarthric	/Users/animesh/Animesh/Project 2.0/echora/data/raw/torgo/F/F03/Session3/wav_headMic/0092.wav	1.700	0.234	0.1378	zip		[]		nvidia/parakeet-tdt-0.6b-v3	cpu
torgo-M01-Session2_3-0229	M01	dysarthric	/Users/animesh/Animesh/Project 2.0/echora/data/raw/torgo/M/M01/Session2_3/wav_headMic/0229.wav	1.700	0.234	0.1377	mitten	Minden	[]		nvidia/parakeet-tdt-0.6b-v3	cpu
torgo-M02-Session1-0008	M02	dysarthric	/Users/animesh/Animesh/Project 2.0/echora/data/raw/torgo/M/M02/Session1/wav_headMic/0008.wav	1.703	0.241	0.1414	alpha	Oh for the first time.	[]		nvidia/parakeet-tdt-0.6b-v3	cpu
torgo-M01-Session2_3-0252	M01	dysarthric	/Users/animesh/Animesh/Project 2.0/echora/data/raw/torgo/M/M01/Session2_3/wav_headMic/0252.wav	1.705	0.241	0.1413	lima	Райм.	[]		nvidia/parakeet-tdt-0.6b-v3	cpu
torgo-F03-Session2-0062	F03	dysarthric	/Users/animesh/Animesh/Project 2.0/echora/data/raw/torgo/F/F03/Session2/wav_headMic/0062.wav	1.710	0.241	0.1409	seven	Seven	[]		nvidia/parakeet-tdt-0.6b-v3	cpu
torgo-M02-Session1-0119	M02	dysarthric	/Users/animesh/Animesh/Project 2.0/echora/data/raw/torgo/M/M02/Session1/wav_headMic/0119.wav	1.712	0.241	0.1408	two	Cool.	[]		nvidia/parakeet-tdt-0.6b-v3	cpu
torgo-M01-Session2_3-0100	M01	dysarthric	/Users/animesh/Animesh/Project 2.0/echora/data/raw/torgo/M/M01/Session2_3/wav_headMic/0100.wav	1.714	0.241	0.1406	ate	Эйт.	[]		nvidia/parakeet-tdt-0.6b-v3	cpu
torgo-F03-Session3-0151	F03	dysarthric	/Users/animesh/Animesh/Project 2.0/echora/data/raw/torgo/F/F03/Session3/wav_headMic/0151.wav	1.715	0.241	0.1405	ray	Ray.	[]		nvidia/parakeet-tdt-0.6b-v3	cpu
torgo-M02-Session2-0079	M02	dysarthric	/Users/animesh/Animesh/Project 2.0/echora/data/raw/torgo/M/M02/Session2/wav_headMic/0079.wav	1.715	0.241	0.1405	air	Yeah.	[]		nvidia/parakeet-tdt-0.6b-v3	cpu
torgo-F03-Session3-0008	F03	dysarthric	/Users/animesh/Animesh/Project 2.0/echora/data/raw/torgo/F/F03/Session3/wav_headMic/0008.wav	1.720	0.241	0.1401	dread	Dread.	[]		nvidia/parakeet-tdt-0.6b-v3	cpu
torgo-F03-Session3-0086	F03	dysarthric	/Users/animesh/Animesh/Project 2.0/echora/data/raw/torgo/F/F03/Session3/wav_headMic/0086.wav	1.720	0.237	0.1379	sip	Sitten.	[]		nvidia/parakeet-tdt-0.6b-v3	cpu
torgo-F03-Session3-0089	F03	dysarthric	/Users/animesh/Animesh/Project 2.0/echora/data/raw/torgo/F/F03/Session3/wav_headMic/0089.wav	1.720	0.237	0.1379	dead	пять	[]		nvidia/parakeet-tdt-0.6b-v3	cpu
torgo-M02-Session1-0234	M02	dysarthric	/Users/animesh/Animesh/Project 2.0/echora/data/raw/torgo/M/M02/Session1/wav_headMic/0234.wav	1.722	0.237	0.1377	troop	Troops.	[]		nvidia/parakeet-tdt-0.6b-v3	cpu
torgo-M01-Session2_3-0158	M01	dysarthric	/Users/animesh/Animesh/Project 2.0/echora/data/raw/torgo/M/M01/Session2_3/wav_headMic/0158.wav	1.724	0.237	0.1375	barn	Бон.	[]		nvidia/parakeet-tdt-0.6b-v3	cpu
torgo-F03-Session3-0046	F03	dysarthric	/Users/animesh/Animesh/Project 2.0/echora/data/raw/torgo/F/F03/Session3/wav_headMic/0046.wav	1.725	0.237	0.1375	nice	Nice.	[]		nvidia/parakeet-tdt-0.6b-v3	cpu
torgo-M01-Session2_3-0285	M01	dysarthric	/Users/animesh/Animesh/Project 2.0/echora/data/raw/torgo/M/M01/Session2_3/wav_headMic/0285.wav	1.728	0.237	0.1373	yes	Yes.	[]		nvidia/parakeet-tdt-0.6b-v3	cpu
torgo-M01-Session2_3-0039	M01	dysarthric	/Users/animesh/Animesh/Project 2.0/echora/data/raw/torgo/M/M01/Session2_3/wav_headMic/0039.wav	1.728	0.237	0.1372	bad	Bad.	[]		nvidia/parakeet-tdt-0.6b-v3	cpu
torgo-M02-Session1-0151	M02	dysarthric	/Users/animesh/Animesh/Project 2.0/echora/data/raw/torgo/M/M02/Session1/wav_headMic/0151.wav	1.729	0.237	0.1371	fruit	Phew.	[]		nvidia/parakeet-tdt-0.6b-v3	cpu
torgo-F03-Session3-0112	F03	dysarthric	/Users/animesh/Animesh/Project 2.0/echora/data/raw/torgo/F/F03/Session3/wav_headMic/0112.wav	1.730	0.237	0.1369	cash	Cash.	[]		nvidia/parakeet-tdt-0.6b-v3	cpu
torgo-M03-Session2-0385	M03	dysarthric	/Users/animesh/Animesh/Project 2.0/echora/data/raw/torgo/M/M03/Session2/wav_headMic/0385.wav	1.730	0.237	0.1369	echo	Echo.	[]		nvidia/parakeet-tdt-0.6b-v3	cpu
torgo-M01-Session2_3-0192	M01	dysarthric	/Users/animesh/Animesh/Project 2.0/echora/data/raw/torgo/M/M01/Session2_3/wav_headMic/0192.wav	1.730	0.237	0.1369	blow	Вио.	[]		nvidia/parakeet-tdt-0.6b-v3	cpu
torgo-M01-Session2_3-0073	M01	dysarthric	/Users/animesh/Animesh/Project 2.0/echora/data/raw/torgo/M/M01/Session2_3/wav_headMic/0073.wav	1.733	0.237	0.1367	bear	Бен.	[]		nvidia/parakeet-tdt-0.6b-v3	cpu
torgo-M01-Session2_3-0082	M01	dysarthric	/Users/animesh/Animesh/Project 2.0/echora/data/raw/torgo/M/M01/Session2_3/wav_headMic/0082.wav	1.733	0.237	0.1367	snoop	Snoop.	[]		nvidia/parakeet-tdt-0.6b-v3	cpu
torgo-M01-Session2_3-0085	M01	dysarthric	/Users/animesh/Animesh/Project 2.0/echora/data/raw/torgo/M/M01/Session2_3/wav_headMic/0085.wav	1.733	0.237	0.1367	here	Yeah.	[]		nvidia/parakeet-tdt-0.6b-v3	cpu
torgo-M01-Session2_3-0093	M01	dysarthric	/Users/animesh/Animesh/Project 2.0/echora/data/raw/torgo/M/M01/Session2_3/wav_headMic/0093.wav	1.733	0.237	0.1367	group	Г	[]		nvidia/parakeet-tdt-0.6b-v3	cpu
torgo-F03-Session2-0040	F03	dysarthric	/Users/animesh/Animesh/Project 2.0/echora/data/raw/torgo/F/F03/Session2/wav_headMic/0040.wav	1.735	0.237	0.1365	three	Three.	[]		nvidia/parakeet-tdt-0.6b-v3	cpu
torgo-F03-Session2-0115	F03	dysarthric	/Users/animesh/Animesh/Project 2.0/echora/data/raw/torgo/F/F03/Session2/wav_headMic/0115.wav	1.735	0.242	0.1392	liar	Вайр.	[]		nvidia/parakeet-tdt-0.6b-v3	cpu
torgo-F03-Session3-0012	F03	dysarthric	/Users/animesh/Animesh/Project 2.0/echora/data/raw/torgo/F/F03/Session3/wav_headMic/0012.wav	1.735	0.242	0.1392	write	Right.	[]		nvidia/parakeet-tdt-0.6b-v3	cpu
torgo-F03-Session2-0091	F03	dysarthric	/Users/animesh/Animesh/Project 2.0/echora/data/raw/torgo/F/F03/Session2/wav_headMic/0091.wav	1.740	0.242	0.1388	much	Матч.	[]		nvidia/parakeet-tdt-0.6b-v3	cpu
torgo-F03-Session2-0140	F03	dysarthric	/Users/animesh/Animesh/Project 2.0/echora/data/raw/torgo/F/F03/Session2/wav_headMic/0140.wav	1.740	0.242	0.1388	hitting	Heaven	[]		nvidia/parakeet-tdt-0.6b-v3	cpu
torgo-F03-Session3-0078	F03	dysarthric	/Users/animesh/Animesh/Project 2.0/echora/data/raw/torgo/F/F03/Session3/wav_headMic/0078.wav	1.740	0.242	0.1388	three	Цей.	[]		nvidia/parakeet-tdt-0.6b-v3	cpu
torgo-F04-Session2-0006	F04	dysarthric	/Users/animesh/Animesh/Project 2.0/echora/data/raw/torgo/F/F04/Session2/wav_headMic/0006.wav	1.740	0.242	0.1388	prior	Prior.	[]		nvidia/parakeet-tdt-0.6b-v3	cpu
torgo-M01-Session2_3-0128	M01	dysarthric	/Users/animesh/Animesh/Project 2.0/echora/data/raw/torgo/M/M01/Session2_3/wav_headMic/0128.wav	1.744	0.242	0.1385	much	Найт.	[]		nvidia/parakeet-tdt-0.6b-v3	cpu
torgo-F03-Session3-0060	F03	dysarthric	/Users/animesh/Animesh/Project 2.0/echora/data/raw/torgo/F/F03/Session3/wav_headMic/0060.wav	1.745	0.242	0.1384	chair	Че?	[]		nvidia/parakeet-tdt-0.6b-v3	cpu
torgo-F03-Session3-0096	F03	dysarthric	/Users/animesh/Animesh/Project 2.0/echora/data/raw/torgo/F/F03/Session3/wav_headMic/0096.wav	1.745	0.237	0.1358	four	Фор.	[]		nvidia/parakeet-tdt-0.6b-v3	cpu
torgo-M01-Session2_3-0198	M01	dysarthric	/Users/animesh/Animesh/Project 2.0/echora/data/raw/torgo/M/M01/Session2_3/wav_headMic/0198.wav	1.746	0.237	0.1357	hem	Um	[]		nvidia/parakeet-tdt-0.6b-v3	cpu
torgo-M01-Session2_3-0238	M01	dysarthric	/Users/animesh/Animesh/Project 2.0/echora/data/raw/torgo/M/M01/Session2_3/wav_headMic/0238.wav	1.747	0.237	0.1356	spark	Сипарк.	[]		nvidia/parakeet-tdt-0.6b-v3	cpu
torgo-F03-Session2-0093	F03	dysarthric	/Users/animesh/Animesh/Project 2.0/echora/data/raw/torgo/F/F03/Session2/wav_headMic/0093.wav	1.750	0.237	0.1354	golf	Кав.	[]		nvidia/parakeet-tdt-0.6b-v3	cpu
torgo-F04-Session2-0007	F04	dysarthric	/Users/animesh/Animesh/Project 2.0/echora/data/raw/torgo/F/F04/Session2/wav_headMic/0007.wav	1.750	0.237	0.1354	play	Play.	[]		nvidia/parakeet-tdt-0.6b-v3	cpu
torgo-M01-Session2_3-0106	M01	dysarthric	/Users/animesh/Animesh/Project 2.0/echora/data/raw/torgo/M/M01/Session2_3/wav_headMic/0106.wav	1.752	0.237	0.1353	single	Сеньга.	[]		nvidia/parakeet-tdt-0.6b-v3	cpu
torgo-M01-Session2_3-0007	M01	dysarthric	/Users/animesh/Animesh/Project 2.0/echora/data/raw/torgo/M/M01/Session2_3/wav_headMic/0007.wav	1.753	0.237	0.1352	tear	There	[]		nvidia/parakeet-tdt-0.6b-v3	cpu
torgo-F03-Session2-0068	F03	dysarthric	/Users/animesh/Animesh/Project 2.0/echora/data/raw/torgo/F/F03/Session2/wav_headMic/0068.wav	1.755	0.237	0.1350	shy	Шай.	[]		nvidia/parakeet-tdt-0.6b-v3	cpu
torgo-M02-Session2-0225	M02	dysarthric	/Users/animesh/Animesh/Project 2.0/echora/data/raw/torgo/M/M02/Session2/wav_headMic/0225.wav	1.755	0.245	0.1393	xxx		[]		nvidia/parakeet-tdt-0.6b-v3	cpu
torgo-M01-Session2_3-0053	M01	dysarthric	/Users/animesh/Animesh/Project 2.0/echora/data/raw/torgo/M/M01/Session2_3/wav_headMic/0053.wav	1.755	0.245	0.1393	peer	Pure.	[]		nvidia/parakeet-tdt-0.6b-v3	cpu
torgo-F03-Session2-0107	F03	dysarthric	/Users/animesh/Animesh/Project 2.0/echora/data/raw/torgo/F/F03/Session2/wav_headMic/0107.wav	1.760	0.245	0.1389	bit	Bit.	[]		nvidia/parakeet-tdt-0.6b-v3	cpu
torgo-F04-Session2-0121	F04	dysarthric	/Users/animesh/Animesh/Project 2.0/echora/data/raw/torgo/F/F04/Session2/wav_headMic/0121.wav	1.760	0.245	0.1389	shy	Шай.	[]		nvidia/parakeet-tdt-0.6b-v3	cpu
torgo-F03-Session3-0113	F03	dysarthric	/Users/animesh/Animesh/Project 2.0/echora/data/raw/torgo/F/F03/Session3/wav_headMic/0113.wav	1.760	0.245	0.1389	goat	Карт.	[]		nvidia/parakeet-tdt-0.6b-v3	cpu
torgo-M01-Session2_3-0184	M01	dysarthric	/Users/animesh/Animesh/Project 2.0/echora/data/raw/torgo/M/M01/Session2_3/wav_headMic/0184.wav	1.763	0.245	0.1387	lair	Mm.	[]		nvidia/parakeet-tdt-0.6b-v3	cpu
torgo-F04-Session2-0087	F04	dysarthric	/Users/animesh/Animesh/Project 2.0/echora/data/raw/torgo/F/F04/Session2/wav_headMic/0087.wav	1.765	0.245	0.1385	fitting	Fitting.	[]		nvidia/parakeet-tdt-0.6b-v3	cpu
torgo-F03-Session2-0119	F03	dysarthric	/Users/animesh/Animesh/Project 2.0/echora/data/raw/torgo/F/F03/Session2/wav_headMic/0119.wav	1.770	0.245	0.1381	sigh	Vai.	[]		nvidia/parakeet-tdt-0.6b-v3	cpu
torgo-F03-Session2-0155	F03	dysarthric	/Users/animesh/Animesh/Project 2.0/echora/data/raw/torgo/F/F03/Session2/wav_headMic/0155.wav	1.770	0.238	0.1343	juliet	Juliet.	[]		nvidia/parakeet-tdt-0.6b-v3	cpu
torgo-M01-Session2_3-0057	M01	dysarthric	/Users/animesh/Animesh/Project 2.0/echora/data/raw/torgo/M/M01/Session2_3/wav_headMic/0057.wav	1.773	0.238	0.1341	root	Rule.	[]		nvidia/parakeet-tdt-0.6b-v3	cpu
torgo-M01-Session2_3-0140	M01	dysarthric	/Users/animesh/Animesh/Project 2.0/echora/data/raw/torgo/M/M01/Session2_3/wav_headMic/0140.wav	1.773	0.238	0.1341	we're	Уир.	[]		nvidia/parakeet-tdt-0.6b-v3	cpu
torgo-M01-Session2_3-0143	M01	dysarthric	/Users/animesh/Animesh/Project 2.0/echora/data/raw/torgo/M/M01/Session2_3/wav_headMic/0143.wav	1.773	0.238	0.1341	toot	Do it.	[]		nvidia/parakeet-tdt-0.6b-v3	cpu
torgo-F04-Session2-0003	F04	dysarthric	/Users/animesh/Animesh/Project 2.0/echora/data/raw/torgo/F/F04/Session2/wav_headMic/0003.wav	1.775	0.238	0.1340	slay	Флей.	[]		nvidia/parakeet-tdt-0.6b-v3	cpu
torgo-M01-Session2_3-0164	M01	dysarthric	/Users/animesh/Animesh/Project 2.0/echora/data/raw/torgo/M/M01/Session2_3/wav_headMic/0164.wav	1.777	0.238	0.1338	echo	Ecco.	[]		nvidia/parakeet-tdt-0.6b-v3	cpu
torgo-M01-Session2_3-0244	M01	dysarthric	/Users/animesh/Animesh/Project 2.0/echora/data/raw/torgo/M/M01/Session2_3/wav_headMic/0244.wav	1.779	0.238	0.1336	leak	Ик.	[]		nvidia/parakeet-tdt-0.6b-v3	cpu
torgo-F03-Session2-0157	F03	dysarthric	/Users/animesh/Animesh/Project 2.0/echora/data/raw/torgo/F/F03/Session2/wav_headMic/0157.wav	1.785	0.238	0.1332	pretty	Hurdy.	[]		nvidia/parakeet-tdt-0.6b-v3	cpu
torgo-F03-Session3-0070	F03	dysarthric	/Users/animesh/Animesh/Project 2.0/echora/data/raw/torgo/F/F03/Session3/wav_headMic/0070.wav	1.785	0.243	0.1363	kilo	Хелоу.	[]		nvidia/parakeet-tdt-0.6b-v3	cpu
torgo-F04-Session2-0063	F04	dysarthric	/Users/animesh/Animesh/Project 2.0/echora/data/raw/torgo/F/F04/Session2/wav_headMic/0063.wav	1.785	0.243	0.1363	back	Back.	[]		nvidia/parakeet-tdt-0.6b-v3	cpu
torgo-F03-Session2-0086	F03	dysarthric	/Users/animesh/Animesh/Project 2.0/echora/data/raw/torgo/F/F03/Session2/wav_headMic/0086.wav	1.790	0.243	0.1360	him	Him.	[]		nvidia/parakeet-tdt-0.6b-v3	cpu
torgo-F04-Session2-0209	F04	dysarthric	/Users/animesh/Animesh/Project 2.0/echora/data/raw/torgo/F/F04/Session2/wav_headMic/0209.wav	1.790	0.243	0.1360	dread	Dread.	[]		nvidia/parakeet-tdt-0.6b-v3	cpu
torgo-M05-Session2-0206	M05	dysarthric	/Users/animesh/Animesh/Project 2.0/echora/data/raw/torgo/M/M05/Session2/wav_headMic/0206.wav	1.790	0.243	0.1360	heart	Hard	[]		nvidia/parakeet-tdt-0.6b-v3	cpu
torgo-F03-Session2-0049	F03	dysarthric	/Users/animesh/Animesh/Project 2.0/echora/data/raw/torgo/F/F03/Session2/wav_headMic/0049.wav	1.795	0.243	0.1356	slay	Флэ.	[]		nvidia/parakeet-tdt-0.6b-v3	cpu
torgo-F03-Session3-0196	F03	dysarthric	/Users/animesh/Animesh/Project 2.0/echora/data/raw/torgo/F/F03/Session3/wav_headMic/0196.wav	1.795	0.243	0.1356	side	Садь.	[]		nvidia/parakeet-tdt-0.6b-v3	cpu
torgo-M02-Session1-0095	M02	dysarthric	/Users/animesh/Animesh/Project 2.0/echora/data/raw/torgo/M/M02/Session1/wav_headMic/0095.wav	1.795	0.243	0.1356	meat	Минут.	[]		nvidia/parakeet-tdt-0.6b-v3	cpu
torgo-M05-Session1-0052	M05	dysarthric	/Users/animesh/Animesh/Project 2.0/echora/data/raw/torgo/M/M05/Session1/wav_headMic/0052.wav	1.795	0.242	0.1347	jacket	Hey Kid?	[]		nvidia/parakeet-tdt-0.6b-v3	cpu
torgo-M01-Session2_3-0190	M01	dysarthric	/Users/animesh/Animesh/Project 2.0/echora/data/raw/torgo/M/M01/Session2_3/wav_headMic/0190.wav	1.796	0.242	0.1347	shy	Shy	[]		nvidia/parakeet-tdt-0.6b-v3	cpu
torgo-M02-Session1-0040	M02	dysarthric	/Users/animesh/Animesh/Project 2.0/echora/data/raw/torgo/M/M02/Session1/wav_headMic/0040.wav	1.797	0.242	0.1345	rate	Right.	[]		nvidia/parakeet-tdt-0.6b-v3	cpu
torgo-M01-Session2_3-0038	M01	dysarthric	/Users/animesh/Animesh/Project 2.0/echora/data/raw/torgo/M/M01/Session2_3/wav_headMic/0038.wav	1.798	0.242	0.1345	galore	Get over.	[]		nvidia/parakeet-tdt-0.6b-v3	cpu
torgo-F03-Session3-0014	F03	dysarthric	/Users/animesh/Animesh/Project 2.0/echora/data/raw/torgo/F/F03/Session3/wav_headMic/0014.wav	1.800	0.242	0.1343	blend	Lend	[]		nvidia/parakeet-tdt-0.6b-v3	cpu
torgo-F03-Session3-0031	F03	dysarthric	/Users/animesh/Animesh/Project 2.0/echora/data/raw/torgo/F/F03/Session3/wav_headMic/0031.wav	1.805	0.242	0.1340	hold	Hold.	[]		nvidia/parakeet-tdt-0.6b-v3	cpu
torgo-M03-Session2-0170	M03	dysarthric	/Users/animesh/Animesh/Project 2.0/echora/data/raw/torgo/M/M03/Session2/wav_headMic/0170.wav	1.805	0.242	0.1340	we're	We are	[]		nvidia/parakeet-tdt-0.6b-v3	cpu
torgo-M05-Session2-0327	M05	dysarthric	/Users/animesh/Animesh/Project 2.0/echora/data/raw/torgo/M/M05/Session2/wav_headMic/0327.wav	1.805	0.242	0.1340	dread	Дэд.	[]		nvidia/parakeet-tdt-0.6b-v3	cpu
torgo-M01-Session2_3-0020	M01	dysarthric	/Users/animesh/Animesh/Project 2.0/echora/data/raw/torgo/M/M01/Session2_3/wav_headMic/0020.wav	1.806	0.242	0.1338	feed	Трип.	[]		nvidia/parakeet-tdt-0.6b-v3	cpu
torgo-M01-Session2_3-0059	M01	dysarthric	/Users/animesh/Animesh/Project 2.0/echora/data/raw/torgo/M/M01/Session2_3/wav_headMic/0059.wav	1.808	0.242	0.1337	three		[]		nvidia/parakeet-tdt-0.6b-v3	cpu
torgo-M01-Session2_3-0063	M01	dysarthric	/Users/animesh/Animesh/Project 2.0/echora/data/raw/torgo/M/M01/Session2_3/wav_headMic/0063.wav	1.808	0.242	0.1337	rock	Рог.	[]		nvidia/parakeet-tdt-0.6b-v3	cpu
torgo-F04-Session2-0060	F04	dysarthric	/Users/animesh/Animesh/Project 2.0/echora/data/raw/torgo/F/F04/Session2/wav_headMic/0060.wav	1.810	0.242	0.1336	yes	Yes.	[]		nvidia/parakeet-tdt-0.6b-v3	cpu
torgo-M01-Session2_3-0203	M01	dysarthric	/Users/animesh/Animesh/Project 2.0/echora/data/raw/torgo/M/M01/Session2_3/wav_headMic/0203.wav	1.812	0.242	0.1334	cake	Кейк.	[]		nvidia/parakeet-tdt-0.6b-v3	cpu
torgo-F03-Session3-0040	F03	dysarthric	/Users/animesh/Animesh/Project 2.0/echora/data/raw/torgo/F/F03/Session3/wav_headMic/0040.wav	1.820	0.242	0.1328	xxx	Sorry.	[]		nvidia/parakeet-tdt-0.6b-v3	cpu
torgo-M01-Session2_3-0263	M01	dysarthric	/Users/animesh/Animesh/Project 2.0/echora/data/raw/torgo/M/M01/Session2_3/wav_headMic/0263.wav	1.822	0.242	0.1327	city	Зеды.	[]		nvidia/parakeet-tdt-0.6b-v3	cpu
torgo-M01-Session2_3-0101	M01	dysarthric	/Users/animesh/Animesh/Project 2.0/echora/data/raw/torgo/M/M01/Session2_3/wav_headMic/0101.wav	1.827	0.242	0.1323	knot	Нат.	[]		nvidia/parakeet-tdt-0.6b-v3	cpu
torgo-F03-Session3-0006	F03	dysarthric	/Users/animesh/Animesh/Project 2.0/echora/data/raw/torgo/F/F03/Session3/wav_headMic/0006.wav	1.830	0.240	0.1309	nice	Найс.	[]		nvidia/parakeet-tdt-0.6b-v3	cpu
torgo-F03-Session3-0110	F03	dysarthric	/Users/animesh/Animesh/Project 2.0/echora/data/raw/torgo/F/F03/Session3/wav_headMic/0110.wav	1.830	0.240	0.1309	nice	Not nice.	[]		nvidia/parakeet-tdt-0.6b-v3	cpu
torgo-M02-Session1-0207	M02	dysarthric	/Users/animesh/Animesh/Project 2.0/echora/data/raw/torgo/M/M02/Session1/wav_headMic/0207.wav	1.831	0.240	0.1309	suit	Soup	[]		nvidia/parakeet-tdt-0.6b-v3	cpu
torgo-M01-Session2_3-0259	M01	dysarthric	/Users/animesh/Animesh/Project 2.0/echora/data/raw/torgo/M/M01/Session2_3/wav_headMic/0259.wav	1.832	0.240	0.1308	harp	I	[]		nvidia/parakeet-tdt-0.6b-v3	cpu
torgo-M01-Session2_3-0014	M01	dysarthric	/Users/animesh/Animesh/Project 2.0/echora/data/raw/torgo/M/M01/Session2_3/wav_headMic/0014.wav	1.833	0.240	0.1307	the	Да?	[]		nvidia/parakeet-tdt-0.6b-v3	cpu
torgo-M02-Session2-0148	M02	dysarthric	/Users/animesh/Animesh/Project 2.0/echora/data/raw/torgo/M/M02/Session2/wav_headMic/0148.wav	1.835	0.240	0.1306	start		[]		nvidia/parakeet-tdt-0.6b-v3	cpu
torgo-M02-Session1-0042	M02	dysarthric	/Users/animesh/Animesh/Project 2.0/echora/data/raw/torgo/M/M02/Session1/wav_headMic/0042.wav	1.837	0.240	0.1305	tip	Т.	[]		nvidia/parakeet-tdt-0.6b-v3	cpu
torgo-M01-Session2_3-0091	M01	dysarthric	/Users/animesh/Animesh/Project 2.0/echora/data/raw/torgo/M/M01/Session2_3/wav_headMic/0091.wav	1.840	0.240	0.1302	sleep	Сейп.	[]		nvidia/parakeet-tdt-0.6b-v3	cpu
torgo-F04-Session2-0219	F04	dysarthric	/Users/animesh/Animesh/Project 2.0/echora/data/raw/torgo/F/F04/Session2/wav_headMic/0219.wav	1.840	0.254	0.1379	wicked	Wicked.	[]		nvidia/parakeet-tdt-0.6b-v3	cpu
torgo-F03-Session2-0082	F03	dysarthric	/Users/animesh/Animesh/Project 2.0/echora/data/raw/torgo/F/F03/Session2/wav_headMic/0082.wav	1.845	0.254	0.1376	seeds	Сы.	[]		nvidia/parakeet-tdt-0.6b-v3	cpu
torgo-F03-Session3-0175	F03	dysarthric	/Users/animesh/Animesh/Project 2.0/echora/data/raw/torgo/F/F03/Session3/wav_headMic/0175.wav	1.845	0.254	0.1376	xxx		[]		nvidia/parakeet-tdt-0.6b-v3	cpu
torgo-M05-Session2-0209	M05	dysarthric	/Users/animesh/Animesh/Project 2.0/echora/data/raw/torgo/M/M05/Session2/wav_headMic/0209.wav	1.845	0.254	0.1376	at	At	[]		nvidia/parakeet-tdt-0.6b-v3	cpu
torgo-F03-Session2-0050	F03	dysarthric	/Users/animesh/Animesh/Project 2.0/echora/data/raw/torgo/F/F03/Session2/wav_headMic/0050.wav	1.845	0.254	0.1376	root	Рют.	[]		nvidia/parakeet-tdt-0.6b-v3	cpu
torgo-M01-Session2_3-0282	M01	dysarthric	/Users/animesh/Animesh/Project 2.0/echora/data/raw/torgo/M/M01/Session2_3/wav_headMic/0282.wav	1.846	0.254	0.1375	seed	Си.	[]		nvidia/parakeet-tdt-0.6b-v3	cpu
torgo-M02-Session1-0097	M02	dysarthric	/Users/animesh/Animesh/Project 2.0/echora/data/raw/torgo/M/M02/Session1/wav_headMic/0097.wav	1.852	0.254	0.1371	up	Uh	[]		nvidia/parakeet-tdt-0.6b-v3	cpu
torgo-F03-Session3-0156	F03	dysarthric	/Users/animesh/Animesh/Project 2.0/echora/data/raw/torgo/F/F03/Session3/wav_headMic/0156.wav	1.855	0.254	0.1368	lend	Ленд.	[]		nvidia/parakeet-tdt-0.6b-v3	cpu
torgo-M02-Session2-0122	M02	dysarthric	/Users/animesh/Animesh/Project 2.0/echora/data/raw/torgo/M/M02/Session2/wav_headMic/0122.wav	1.855	0.245	0.1319	dark	Да.	[]		nvidia/parakeet-tdt-0.6b-v3	cpu
torgo-M01-Session2_3-0071	M01	dysarthric	/Users/animesh/Animesh/Project 2.0/echora/data/raw/torgo/M/M01/Session2_3/wav_headMic/0071.wav	1.860	0.245	0.1316	steer	Steer	[]		nvidia/parakeet-tdt-0.6b-v3	cpu
torgo-M02-Session1-0016	M02	dysarthric	/Users/animesh/Animesh/Project 2.0/echora/data/raw/torgo/M/M02/Session1/wav_headMic/0016.wav	1.860	0.245	0.1316	fair	Feira.	[]		nvidia/parakeet-tdt-0.6b-v3	cpu
torgo-M03-Session2-0005	M03	dysarthric	/Users/animesh/Animesh/Project 2.0/echora/data/raw/torgo/M/M03/Session2/wav_headMic/0005.wav	1.860	0.245	0.1315	rain	Rain.	[]		nvidia/parakeet-tdt-0.6b-v3	cpu
torgo-F04-Session2-0205	F04	dysarthric	/Users/animesh/Animesh/Project 2.0/echora/data/raw/torgo/F/F04/Session2/wav_headMic/0205.wav	1.860	0.245	0.1315	park	Park.	[]		nvidia/parakeet-tdt-0.6b-v3	cpu
torgo-M01-Session2_3-0243	M01	dysarthric	/Users/animesh/Animesh/Project 2.0/echora/data/raw/torgo/M/M01/Session2_3/wav_headMic/0243.wav	1.864	0.245	0.1313	bitten	Беден.	[]		nvidia/parakeet-tdt-0.6b-v3	cpu
torgo-M01-Session2_3-0097	M01	dysarthric	/Users/animesh/Animesh/Project 2.0/echora/data/raw/torgo/M/M01/Session2_3/wav_headMic/0097.wav	1.865	0.245	0.1312	briar	Браю.	[]		nvidia/parakeet-tdt-0.6b-v3	cpu
torgo-M01-Session2_3-0116	M01	dysarthric	/Users/animesh/Animesh/Project 2.0/echora/data/raw/torgo/M/M01/Session2_3/wav_headMic/0116.wav	1.865	0.245	0.1312	near	Нер.	[]		nvidia/parakeet-tdt-0.6b-v3	cpu
torgo-F03-Session2-0113	F03	dysarthric	/Users/animesh/Animesh/Project 2.0/echora/data/raw/torgo/F/F03/Session2/wav_headMic/0113.wav	1.865	0.244	0.1306	five	Пан.	[]		nvidia/parakeet-tdt-0.6b-v3	cpu
torgo-F03-Session3-0057	F03	dysarthric	/Users/animesh/Animesh/Project 2.0/echora/data/raw/torgo/F/F03/Session3/wav_headMic/0057.wav	1.865	0.244	0.1306	said	Sad.	[]		nvidia/parakeet-tdt-0.6b-v3	cpu
torgo-M02-Session2-0127	M02	dysarthric	/Users/animesh/Animesh/Project 2.0/echora/data/raw/torgo/M/M02/Session2/wav_headMic/0127.wav	1.865	0.244	0.1306	take	Who	[]		nvidia/parakeet-tdt-0.6b-v3	cpu
torgo-M01-Session2_3-0037	M01	dysarthric	/Users/animesh/Animesh/Project 2.0/echora/data/raw/torgo/M/M01/Session2_3/wav_headMic/0037.wav	1.868	0.244	0.1304	air	Er	[]		nvidia/parakeet-tdt-0.6b-v3	cpu
torgo-M01-Session2_3-0276	M01	dysarthric	/Users/animesh/Animesh/Project 2.0/echora/data/raw/torgo/M/M01/Session2_3/wav_headMic/0276.wav	1.869	0.244	0.1303	mush	Найс.	[]		nvidia/parakeet-tdt-0.6b-v3	cpu
torgo-F04-Session2-0211	F04	dysarthric	/Users/animesh/Animesh/Project 2.0/echora/data/raw/torgo/F/F04/Session2/wav_headMic/0211.wav	1.870	0.244	0.1302	sin	Сын.	[]		nvidia/parakeet-tdt-0.6b-v3	cpu
torgo-M02-Session2-0083	M02	dysarthric	/Users/animesh/Animesh/Project 2.0/echora/data/raw/torgo/M/M02/Session2/wav_headMic/0083.wav	1.870	0.244	0.1302	toot	Who	[]		nvidia/parakeet-tdt-0.6b-v3	cpu
torgo-M02-Session2-0143	M02	dysarthric	/Users/animesh/Animesh/Project 2.0/echora/data/raw/torgo/M/M02/Session2/wav_headMic/0143.wav	1.870	0.244	0.1302	november	No, but	[]		nvidia/parakeet-tdt-0.6b-v3	cpu
torgo-M03-Session2-0084	M03	dysarthric	/Users/animesh/Animesh/Project 2.0/echora/data/raw/torgo/M/M03/Session2/wav_headMic/0084.wav	1.870	0.245	0.1309	go	Go.	[]		nvidia/parakeet-tdt-0.6b-v3	cpu
torgo-M02-Session2-0077	M02	dysarthric	/Users/animesh/Animesh/Project 2.0/echora/data/raw/torgo/M/M02/Session2/wav_headMic/0077.wav	1.870	0.245	0.1309	gnaw	Whoa.	[]		nvidia/parakeet-tdt-0.6b-v3	cpu
torgo-F03-Session3-0004	F03	dysarthric	/Users/animesh/Animesh/Project 2.0/echora/data/raw/torgo/F/F03/Session3/wav_headMic/0004.wav	1.875	0.245	0.1306	rock	Рак.	[]		nvidia/parakeet-tdt-0.6b-v3	cpu
torgo-F03-Session3-0010	F03	dysarthric	/Users/animesh/Animesh/Project 2.0/echora/data/raw/torgo/F/F03/Session3/wav_headMic/0010.wav	1.875	0.245	0.1306	wicker	What are	[]		nvidia/parakeet-tdt-0.6b-v3	cpu
torgo-M05-Session1-0086	M05	dysarthric	/Users/animesh/Animesh/Project 2.0/echora/data/raw/torgo/M/M05/Session1/wav_headMic/0086.wav	1.875	0.245	0.1306	pat	Pat	[]		nvidia/parakeet-tdt-0.6b-v3	cpu
torgo-F03-Session3-0059	F03	dysarthric	/Users/animesh/Animesh/Project 2.0/echora/data/raw/torgo/F/F03/Session3/wav_headMic/0059.wav	1.880	0.245	0.1302	tread	Short.	[]		nvidia/parakeet-tdt-0.6b-v3	cpu
torgo-M03-Session2-0049	M03	dysarthric	/Users/animesh/Animesh/Project 2.0/echora/data/raw/torgo/M/M03/Session2/wav_headMic/0049.wav	1.880	0.245	0.1302	up	Up.	[]		nvidia/parakeet-tdt-0.6b-v3	cpu
torgo-M03-Session2-0130	M03	dysarthric	/Users/animesh/Animesh/Project 2.0/echora/data/raw/torgo/M/M03/Session2/wav_headMic/0130.wav	1.880	0.245	0.1302	know	No.	[]		nvidia/parakeet-tdt-0.6b-v3	cpu
torgo-M03-Session2-0224	M03	dysarthric	/Users/animesh/Animesh/Project 2.0/echora/data/raw/torgo/M/M03/Session2/wav_headMic/0224.wav	1.880	0.244	0.1296	peer	Pierre.	[]		nvidia/parakeet-tdt-0.6b-v3	cpu
torgo-M05-Session2-0052	M05	dysarthric	/Users/animesh/Animesh/Project 2.0/echora/data/raw/torgo/M/M05/Session2/wav_headMic/0052.wav	1.885	0.244	0.1292	area	Uh yeah.	[]		nvidia/parakeet-tdt-0.6b-v3	cpu
torgo-M02-Session1-0070	M02	dysarthric	/Users/animesh/Animesh/Project 2.0/echora/data/raw/torgo/M/M02/Session1/wav_headMic/0070.wav	1.891	0.244	0.1288	weed	Well	[]		nvidia/parakeet-tdt-0.6b-v3	cpu
torgo-M01-Session2_3-0200	M01	dysarthric	/Users/animesh/Animesh/Project 2.0/echora/data/raw/torgo/M/M01/Session2_3/wav_headMic/0200.wav	1.893	0.244	0.1287	rich	Рейдж.	[]		nvidia/parakeet-tdt-0.6b-v3	cpu
torgo-M01-Session2_3-0055	M01	dysarthric	/Users/animesh/Animesh/Project 2.0/echora/data/raw/torgo/M/M01/Session2_3/wav_headMic/0055.wav	1.894	0.244	0.1286	gnaw	на	[]		nvidia/parakeet-tdt-0.6b-v3	cpu
torgo-M01-Session2_3-0060	M01	dysarthric	/Users/animesh/Animesh/Project 2.0/echora/data/raw/torgo/M/M01/Session2_3/wav_headMic/0060.wav	1.894	0.244	0.1286	error	U	[]		nvidia/parakeet-tdt-0.6b-v3	cpu
torgo-F03-Session2-0070	F03	dysarthric	/Users/animesh/Animesh/Project 2.0/echora/data/raw/torgo/F/F03/Session2/wav_headMic/0070.wav	1.895	0.244	0.1286	fat	Фра.	[]		nvidia/parakeet-tdt-0.6b-v3	cpu
torgo-M02-Session2-0095	M02	dysarthric	/Users/animesh/Animesh/Project 2.0/echora/data/raw/torgo/M/M02/Session2/wav_headMic/0095.wav	1.895	0.244	0.1286	and	And	[]		nvidia/parakeet-tdt-0.6b-v3	cpu
torgo-M03-Session2-0205	M03	dysarthric	/Users/animesh/Animesh/Project 2.0/echora/data/raw/torgo/M/M03/Session2/wav_headMic/0205.wav	1.895	0.244	0.1289	pat	Pat.	[]		nvidia/parakeet-tdt-0.6b-v3	cpu
torgo-M02-Session2-0107	M02	dysarthric	/Users/animesh/Animesh/Project 2.0/echora/data/raw/torgo/M/M02/Session2/wav_headMic/0107.wav	1.895	0.244	0.1289	sigh	Sorry.	[]		nvidia/parakeet-tdt-0.6b-v3	cpu
torgo-F03-Session3-0039	F03	dysarthric	/Users/animesh/Animesh/Project 2.0/echora/data/raw/torgo/F/F03/Session3/wav_headMic/0039.wav	1.900	0.244	0.1285	spit	Space.	[]		nvidia/parakeet-tdt-0.6b-v3	cpu
torgo-F04-Session2-0022	F04	dysarthric	/Users/animesh/Animesh/Project 2.0/echora/data/raw/torgo/F/F04/Session2/wav_headMic/0022.wav	1.900	0.244	0.1285	rocks	Рокс.	[]		nvidia/parakeet-tdt-0.6b-v3	cpu
torgo-M03-Session2-0206	M03	dysarthric	/Users/animesh/Animesh/Project 2.0/echora/data/raw/torgo/M/M03/Session2/wav_headMic/0206.wav	1.900	0.244	0.1285	menu	Menu.	[]		nvidia/parakeet-tdt-0.6b-v3	cpu
torgo-M03-Session2-0411	M03	dysarthric	/Users/animesh/Animesh/Project 2.0/echora/data/raw/torgo/M/M03/Session2/wav_headMic/0411.wav	1.900	0.244	0.1285	dread	Dread.	[]		nvidia/parakeet-tdt-0.6b-v3	cpu
torgo-M01-Session2_3-0120	M01	dysarthric	/Users/animesh/Animesh/Project 2.0/echora/data/raw/torgo/M/M01/Session2_3/wav_headMic/0120.wav	1.902	0.244	0.1284	menu	Меню.	[]		nvidia/parakeet-tdt-0.6b-v3	cpu
torgo-M02-Session1-0048	M02	dysarthric	/Users/animesh/Animesh/Project 2.0/echora/data/raw/torgo/M/M02/Session1/wav_headMic/0048.wav	1.905	0.244	0.1282	chair	Че?	[]		nvidia/parakeet-tdt-0.6b-v3	cpu
torgo-F03-Session3-0158	F03	dysarthric	/Users/animesh/Animesh/Project 2.0/echora/data/raw/torgo/F/F03/Session3/wav_headMic/0158.wav	1.905	0.243	0.1276	brought	Pi	[]		nvidia/parakeet-tdt-0.6b-v3	cpu
torgo-M01-Session2_3-0196	M01	dysarthric	/Users/animesh/Animesh/Project 2.0/echora/data/raw/torgo/M/M01/Session2_3/wav_headMic/0196.wav	1.910	0.243	0.1273	pretty	Проеды.	[]		nvidia/parakeet-tdt-0.6b-v3	cpu
torgo-M03-Session2-0208	M03	dysarthric	/Users/animesh/Animesh/Project 2.0/echora/data/raw/torgo/M/M03/Session2/wav_headMic/0208.wav	1.910	0.243	0.1273	tie	Ty.	[]		nvidia/parakeet-tdt-0.6b-v3	cpu
torgo-M03-Session2-0268	M03	dysarthric	/Users/animesh/Animesh/Project 2.0/echora/data/raw/torgo/M/M03/Session2/wav_headMic/0268.wav	1.910	0.243	0.1273	kilo	Kilo	[]		nvidia/parakeet-tdt-0.6b-v3	cpu
torgo-M01-Session2_3-0047	M01	dysarthric	/Users/animesh/Animesh/Project 2.0/echora/data/raw/torgo/M/M01/Session2_3/wav_headMic/0047.wav	1.912	0.243	0.1272	forward	Форвор.	[]		nvidia/parakeet-tdt-0.6b-v3	cpu
torgo-F03-Session3-0020	F03	dysarthric	/Users/animesh/Animesh/Project 2.0/echora/data/raw/torgo/F/F03/Session3/wav_headMic/0020.wav	1.915	0.243	0.1270	pit		[]		nvidia/parakeet-tdt-0.6b-v3	cpu
torgo-F03-Session3-0042	F03	dysarthric	/Users/animesh/Animesh/Project 2.0/echora/data/raw/torgo/F/F03/Session3/wav_headMic/0042.wav	1.915	0.243	0.1270	mill	Мяу.	[]		nvidia/parakeet-tdt-0.6b-v3	cpu
torgo-M03-Session2-0020	M03	dysarthric	/Users/animesh/Animesh/Project 2.0/echora/data/raw/torgo/M/M03/Session2/wav_headMic/0020.wav	1.915	0.243	0.1270	glow	Low.	[]		nvidia/parakeet-tdt-0.6b-v3	cpu
torgo-M05-Session2-0372	M05	dysarthric	/Users/animesh/Animesh/Project 2.0/echora/data/raw/torgo/M/M05/Session2/wav_headMic/0372.wav	1.915	0.250	0.1303	witch	Уэч.	[]		nvidia/parakeet-tdt-0.6b-v3	cpu
torgo-M01-Session2_3-0267	M01	dysarthric	/Users/animesh/Animesh/Project 2.0/echora/data/raw/torgo/M/M01/Session2_3/wav_headMic/0267.wav	1.917	0.250	0.1302	vat	Да ид.	[]		nvidia/parakeet-tdt-0.6b-v3	cpu
torgo-M05-Session1-0071	M05	dysarthric	/Users/animesh/Animesh/Project 2.0/echora/data/raw/torgo/M/M05/Session1/wav_headMic/0071.wav	1.920	0.250	0.1300	fair	F	[]		nvidia/parakeet-tdt-0.6b-v3	cpu
torgo-M01-Session2_3-0104	M01	dysarthric	/Users/animesh/Animesh/Project 2.0/echora/data/raw/torgo/M/M01/Session2_3/wav_headMic/0104.wav	1.921	0.250	0.1299	prior	Прай.	[]		nvidia/parakeet-tdt-0.6b-v3	cpu
torgo-M02-Session1-0006	M02	dysarthric	/Users/animesh/Animesh/Project 2.0/echora/data/raw/torgo/M/M02/Session1/wav_headMic/0006.wav	1.922	0.250	0.1298	grow	Grow.	[]		nvidia/parakeet-tdt-0.6b-v3	cpu
torgo-M02-Session1-0021	M02	dysarthric	/Users/animesh/Animesh/Project 2.0/echora/data/raw/torgo/M/M02/Session1/wav_headMic/0021.wav	1.924	0.250	0.1297	bubble	Побол.	[]		nvidia/parakeet-tdt-0.6b-v3	cpu
torgo-F03-Session2-0081	F03	dysarthric	/Users/animesh/Animesh/Project 2.0/echora/data/raw/torgo/F/F03/Session2/wav_headMic/0081.wav	1.925	0.250	0.1296	him	Хэм.	[]		nvidia/parakeet-tdt-0.6b-v3	cpu
torgo-F04-Session2-0242	F04	dysarthric	/Users/animesh/Animesh/Project 2.0/echora/data/raw/torgo/F/F04/Session2/wav_headMic/0242.wav	1.925	0.250	0.1296	witch	Which	[]		nvidia/parakeet-tdt-0.6b-v3	cpu
torgo-M02-Session2-0240	M02	dysarthric	/Users/animesh/Animesh/Project 2.0/echora/data/raw/torgo/M/M02/Session2/wav_headMic/0240.wav	1.925	0.247	0.1283	sitter	Cedar	[]		nvidia/parakeet-tdt-0.6b-v3	cpu
torgo-M01-Session2_3-0251	M01	dysarthric	/Users/animesh/Animesh/Project 2.0/echora/data/raw/torgo/M/M01/Session2_3/wav_headMic/0251.wav	1.927	0.247	0.1282	brawn	Бронь.	[]		nvidia/parakeet-tdt-0.6b-v3	cpu
torgo-M01-Session2_3-0051	M01	dysarthric	/Users/animesh/Animesh/Project 2.0/echora/data/raw/torgo/M/M01/Session2_3/wav_headMic/0051.wav	1.929	0.247	0.1280	droop	Дуп.	[]		nvidia/parakeet-tdt-0.6b-v3	cpu
torgo-F04-Session2-0195	F04	dysarthric	/Users/animesh/Animesh/Project 2.0/echora/data/raw/torgo/F/F04/Session2/wav_headMic/0195.wav	1.930	0.247	0.1280	thorn	Thorn.	[]		nvidia/parakeet-tdt-0.6b-v3	cpu
torgo-M03-Session2-0307	M03	dysarthric	/Users/animesh/Animesh/Project 2.0/echora/data/raw/torgo/M/M03/Session2/wav_headMic/0307.wav	1.930	0.247	0.1280	november	N November.	[]		nvidia/parakeet-tdt-0.6b-v3	cpu
torgo-M02-Session1-0086	M02	dysarthric	/Users/animesh/Animesh/Project 2.0/echora/data/raw/torgo/M/M02/Session1/wav_headMic/0086.wav	1.930	0.247	0.1280	glow	Glau.	[]		nvidia/parakeet-tdt-0.6b-v3	cpu
torgo-F03-Session2-0127	F03	dysarthric	/Users/animesh/Animesh/Project 2.0/echora/data/raw/torgo/F/F03/Session2/wav_headMic/0127.wav	1.935	0.247	0.1277	side	Псай.	[]		nvidia/parakeet-tdt-0.6b-v3	cpu
torgo-F03-Session3-0141	F03	dysarthric	/Users/animesh/Animesh/Project 2.0/echora/data/raw/torgo/F/F03/Session3/wav_headMic/0141.wav	1.935	0.247	0.1277	whisky	Уэски.	[]		nvidia/parakeet-tdt-0.6b-v3	cpu
torgo-M03-Session2-0371	M03	dysarthric	/Users/animesh/Animesh/Project 2.0/echora/data/raw/torgo/M/M03/Session2/wav_headMic/0371.wav	1.935	0.251	0.1295	heart	Heart.	[]		nvidia/parakeet-tdt-0.6b-v3	cpu
torgo-M02-Session1-0149	M02	dysarthric	/Users/animesh/Animesh/Project 2.0/echora/data/raw/torgo/M/M02/Session1/wav_headMic/0149.wav	1.936	0.251	0.1294	shoot	Shoot.	[]		nvidia/parakeet-tdt-0.6b-v3	cpu
torgo-M02-Session1-0009	M02	dysarthric	/Users/animesh/Animesh/Project 2.0/echora/data/raw/torgo/M/M02/Session1/wav_headMic/0009.wav	1.938	0.251	0.1293	pat	Pot.	[]		nvidia/parakeet-tdt-0.6b-v3	cpu
torgo-M02-Session1-0014	M02	dysarthric	/Users/animesh/Animesh/Project 2.0/echora/data/raw/torgo/M/M02/Session1/wav_headMic/0014.wav	1.938	0.251	0.1293	dagger	There you go.	[]		nvidia/parakeet-tdt-0.6b-v3	cpu
torgo-M01-Session2_3-0026	M01	dysarthric	/Users/animesh/Animesh/Project 2.0/echora/data/raw/torgo/M/M01/Session2_3/wav_headMic/0026.wav	1.938	0.251	0.1293	sigh	All right.	[]		nvidia/parakeet-tdt-0.6b-v3	cpu
torgo-M01-Session2_3-0003	M01	dysarthric	/Users/animesh/Animesh/Project 2.0/echora/data/raw/torgo/M/M01/Session2_3/wav_headMic/0003.wav	1.939	0.251	0.1293	gadget	Got it.	[]		nvidia/parakeet-tdt-0.6b-v3	cpu
torgo-M01-Session2_3-0009	M01	dysarthric	/Users/animesh/Animesh/Project 2.0/echora/data/raw/torgo/M/M01/Session2_3/wav_headMic/0009.wav	1.939	0.251	0.1293	store	Торн.	[]		nvidia/parakeet-tdt-0.6b-v3	cpu
torgo-M01-Session2_3-0112	M01	dysarthric	/Users/animesh/Animesh/Project 2.0/echora/data/raw/torgo/M/M01/Session2_3/wav_headMic/0112.wav	1.940	0.251	0.1292	fruit	Food.	[]		nvidia/parakeet-tdt-0.6b-v3	cpu
torgo-M01-Session2_3-0274	M01	dysarthric	/Users/animesh/Animesh/Project 2.0/echora/data/raw/torgo/M/M01/Session2_3/wav_headMic/0274.wav	1.940	0.250	0.1286	witty	Уеди.	[]		nvidia/parakeet-tdt-0.6b-v3	cpu
torgo-M01-Session2_3-0182	M01	dysarthric	/Users/animesh/Animesh/Project 2.0/echora/data/raw/torgo/M/M01/Session2_3/wav_headMic/0182.wav	1.942	0.250	0.1285	bloat	No.	[]		nvidia/parakeet-tdt-0.6b-v3	cpu
torgo-M02-Session1-0019	M02	dysarthric	/Users/animesh/Animesh/Project 2.0/echora/data/raw/torgo/M/M02/Session1/wav_headMic/0019.wav	1.944	0.250	0.1284	park	Торок.	[]		nvidia/parakeet-tdt-0.6b-v3	cpu
torgo-F04-Session2-0210	F04	dysarthric	/Users/animesh/Animesh/Project 2.0/echora/data/raw/torgo/F/F04/Session2/wav_headMic/0210.wav	1.945	0.250	0.1283	shell	Shelly.	[]		nvidia/parakeet-tdt-0.6b-v3	cpu
torgo-M02-Session2-0112	M02	dysarthric	/Users/animesh/Animesh/Project 2.0/echora/data/raw/torgo/M/M02/Session2/wav_headMic/0112.wav	1.945	0.250	0.1283	tell	How do you think that's the same?	[]		nvidia/parakeet-tdt-0.6b-v3	cpu
torgo-M01-Session2_3-0217	M01	dysarthric	/Users/animesh/Animesh/Project 2.0/echora/data/raw/torgo/M/M01/Session2_3/wav_headMic/0217.wav	1.947	0.250	0.1282	kitten	He kidding.	[]		nvidia/parakeet-tdt-0.6b-v3	cpu
torgo-F04-Session2-0046	F04	dysarthric	/Users/animesh/Animesh/Project 2.0/echora/data/raw/torgo/F/F04/Session2/wav_headMic/0046.wav	1.950	0.250	0.1280	mere	Yeah.	[]		nvidia/parakeet-tdt-0.6b-v3	cpu
torgo-F04-Session2-0212	F04	dysarthric	/Users/animesh/Animesh/Project 2.0/echora/data/raw/torgo/F/F04/Session2/wav_headMic/0212.wav	1.950	0.250	0.1280	knot	Not	[]		nvidia/parakeet-tdt-0.6b-v3	cpu
torgo-M03-Session2-0240	M03	dysarthric	/Users/animesh/Animesh/Project 2.0/echora/data/raw/torgo/M/M03/Session2/wav_headMic/0240.wav	1.950	0.248	0.1274	pot	Pot.	[]		nvidia/parakeet-tdt-0.6b-v3	cpu
torgo-F04-Session2-0030	F04	dysarthric	/Users/animesh/Animesh/Project 2.0/echora/data/raw/torgo/F/F04/Session2/wav_headMic/0030.wav	1.955	0.248	0.1271	cycle	Cycle.	[]		nvidia/parakeet-tdt-0.6b-v3	cpu
torgo-M05-Session2-0003	M05	dysarthric	/Users/animesh/Animesh/Project 2.0/echora/data/raw/torgo/M/M05/Session2/wav_headMic/0003.wav	1.955	0.248	0.1271	boot	Худь.	[]		nvidia/parakeet-tdt-0.6b-v3	cpu
torgo-M02-Session1-0161	M02	dysarthric	/Users/animesh/Animesh/Project 2.0/echora/data/raw/torgo/M/M02/Session1/wav_headMic/0161.wav	1.958	0.248	0.1269	mut	Not	[]		nvidia/parakeet-tdt-0.6b-v3	cpu
torgo-M02-Session1-0177	M02	dysarthric	/Users/animesh/Animesh/Project 2.0/echora/data/raw/torgo/M/M02/Session1/wav_headMic/0177.wav	1.958	0.248	0.1269	witch	Барнч.	[]		nvidia/parakeet-tdt-0.6b-v3	cpu
torgo-M01-Session2_3-0030	M01	dysarthric	/Users/animesh/Animesh/Project 2.0/echora/data/raw/torgo/M/M01/Session2_3/wav_headMic/0030.wav	1.962	0.248	0.1267	slip	Сип.	[]		nvidia/parakeet-tdt-0.6b-v3	cpu
torgo-M01-Session2_3-0077	M01	dysarthric	/Users/animesh/Animesh/Project 2.0/echora/data/raw/torgo/M/M01/Session2_3/wav_headMic/0077.wav	1.963	0.248	0.1266	fear	Свер.	[]		nvidia/parakeet-tdt-0.6b-v3	cpu
torgo-M02-Session1-0041	M02	dysarthric	/Users/animesh/Animesh/Project 2.0/echora/data/raw/torgo/M/M02/Session1/wav_headMic/0041.wav	1.963	0.248	0.1265	knew	No.	[]		nvidia/parakeet-tdt-0.6b-v3	cpu
torgo-M01-Session2_3-0054	M01	dysarthric	/Users/animesh/Animesh/Project 2.0/echora/data/raw/torgo/M/M01/Session2_3/wav_headMic/0054.wav	1.964	0.259	0.1319	jaw	Джа.	[]		nvidia/parakeet-tdt-0.6b-v3	cpu
torgo-M01-Session2_3-0067	M01	dysarthric	/Users/animesh/Animesh/Project 2.0/echora/data/raw/torgo/M/M01/Session2_3/wav_headMic/0067.wav	1.964	0.259	0.1319	charlie	Чарли.	[]		nvidia/parakeet-tdt-0.6b-v3	cpu
torgo-M01-Session2_3-0269	M01	dysarthric	/Users/animesh/Animesh/Project 2.0/echora/data/raw/torgo/M/M01/Session2_3/wav_headMic/0269.wav	1.964	0.259	0.1319	spain	Sitten	[]		nvidia/parakeet-tdt-0.6b-v3	cpu
torgo-M02-Session2-0241	M02	dysarthric	/Users/animesh/Animesh/Project 2.0/echora/data/raw/torgo/M/M02/Session2/wav_headMic/0241.wav	1.965	0.259	0.1318	said	So	[]		nvidia/parakeet-tdt-0.6b-v3	cpu
torgo-M02-Session1-0093	M02	dysarthric	/Users/animesh/Animesh/Project 2.0/echora/data/raw/torgo/M/M02/Session1/wav_headMic/0093.wav	1.969	0.259	0.1316	dug	Так	[]		nvidia/parakeet-tdt-0.6b-v3	cpu
torgo-F04-Session2-0089	F04	dysarthric	/Users/animesh/Animesh/Project 2.0/echora/data/raw/torgo/F/F04/Session2/wav_headMic/0089.wav	1.970	0.259	0.1315	pit	Pitt.	[]		nvidia/parakeet-tdt-0.6b-v3	cpu
torgo-M02-Session2-0234	M02	dysarthric	/Users/animesh/Animesh/Project 2.0/echora/data/raw/torgo/M/M02/Session2/wav_headMic/0234.wav	1.970	0.259	0.1315	bread	Blair.	[]		nvidia/parakeet-tdt-0.6b-v3	cpu
torgo-F03-Session3-0194	F03	dysarthric	/Users/animesh/Animesh/Project 2.0/echora/data/raw/torgo/F/F03/Session3/wav_headMic/0194.wav	1.975	0.259	0.1311	hotel	Home towel.	[]		nvidia/parakeet-tdt-0.6b-v3	cpu
torgo-M03-Session2-0085	M03	dysarthric	/Users/animesh/Animesh/Project 2.0/echora/data/raw/torgo/M/M03/Session2/wav_headMic/0085.wav	1.975	0.254	0.1286	meat	Meet.	[]		nvidia/parakeet-tdt-0.6b-v3	cpu
torgo-M01-Session2_3-0241	M01	dysarthric	/Users/animesh/Animesh/Project 2.0/echora/data/raw/torgo/M/M01/Session2_3/wav_headMic/0241.wav	1.980	0.254	0.1282	kilo	Kilo	[]		nvidia/parakeet-tdt-0.6b-v3	cpu
torgo-M01-Session2_3-0220	M01	dysarthric	/Users/animesh/Animesh/Project 2.0/echora/data/raw/torgo/M/M01/Session2_3/wav_headMic/0220.wav	1.982	0.254	0.1281	november	Новбр.	[]		nvidia/parakeet-tdt-0.6b-v3	cpu
torgo-F04-Session2-0033	F04	dysarthric	/Users/animesh/Animesh/Project 2.0/echora/data/raw/torgo/F/F04/Session2/wav_headMic/0033.wav	1.985	0.254	0.1279	bear	Yeah.	[]		nvidia/parakeet-tdt-0.6b-v3	cpu
torgo-F03-Session3-0203	F03	dysarthric	/Users/animesh/Animesh/Project 2.0/echora/data/raw/torgo/F/F03/Session3/wav_headMic/0203.wav	1.990	0.254	0.1276	sheet	Sheet.	[]		nvidia/parakeet-tdt-0.6b-v3	cpu
torgo-M05-Session2-0310	M05	dysarthric	/Users/animesh/Animesh/Project 2.0/echora/data/raw/torgo/M/M05/Session2/wav_headMic/0310.wav	1.990	0.254	0.1276	sit	сет	[]		nvidia/parakeet-tdt-0.6b-v3	cpu
torgo-M01-Session2_3-0195	M01	dysarthric	/Users/animesh/Animesh/Project 2.0/echora/data/raw/torgo/M/M01/Session2_3/wav_headMic/0195.wav	1.991	0.254	0.1275	at	Альт.	[]		nvidia/parakeet-tdt-0.6b-v3	cpu
torgo-M01-Session2_3-0137	M01	dysarthric	/Users/animesh/Animesh/Project 2.0/echora/data/raw/torgo/M/M01/Session2_3/wav_headMic/0137.wav	1.995	0.254	0.1273	ate	Eight	[]		nvidia/parakeet-tdt-0.6b-v3	cpu
torgo-F03-Session2-0076	F03	dysarthric	/Users/animesh/Animesh/Project 2.0/echora/data/raw/torgo/F/F03/Session2/wav_headMic/0076.wav	1.995	0.252	0.1263	park	Парк.	[]		nvidia/parakeet-tdt-0.6b-v3	cpu
torgo-M03-Session2-0207	M03	dysarthric	/Users/animesh/Animesh/Project 2.0/echora/data/raw/torgo/M/M03/Session2/wav_headMic/0207.wav	1.995	0.252	0.1263	single	Single.	[]		nvidia/parakeet-tdt-0.6b-v3	cpu
torgo-M05-Session2-0312	M05	dysarthric	/Users/animesh/Animesh/Project 2.0/echora/data/raw/torgo/M/M05/Session2/wav_headMic/0312.wav	1.999	0.252	0.1261	xxx	N	[]		nvidia/parakeet-tdt-0.6b-v3	cpu
torgo-M03-Session2-0030	M03	dysarthric	/Users/animesh/Animesh/Project 2.0/echora/data/raw/torgo/M/M03/Session2/wav_headMic/0030.wav	2.000	0.252	0.1260	feed	Фид.	[]		nvidia/parakeet-tdt-0.6b-v3	cpu
torgo-F04-Session2-0018	F04	dysarthric	/Users/animesh/Animesh/Project 2.0/echora/data/raw/torgo/F/F04/Session2/wav_headMic/0018.wav	2.005	0.252	0.1257	snoop	Слюп.	[]		nvidia/parakeet-tdt-0.6b-v3	cpu
torgo-M02-Session1-0088	M02	dysarthric	/Users/animesh/Animesh/Project 2.0/echora/data/raw/torgo/M/M02/Session1/wav_headMic/0088.wav	2.007	0.252	0.1256	warm	Boom.	[]		nvidia/parakeet-tdt-0.6b-v3	cpu
torgo-M02-Session1-0216	M02	dysarthric	/Users/animesh/Animesh/Project 2.0/echora/data/raw/torgo/M/M02/Session1/wav_headMic/0216.wav	2.009	0.252	0.1255	slip	Слоп.	[]		nvidia/parakeet-tdt-0.6b-v3	cpu
torgo-M02-Session1-0221	M02	dysarthric	/Users/animesh/Animesh/Project 2.0/echora/data/raw/torgo/M/M02/Session1/wav_headMic/0221.wav	2.009	0.252	0.1255	back	Паеок.	[]		nvidia/parakeet-tdt-0.6b-v3	cpu
torgo-F03-Session2-0048	F03	dysarthric	/Users/animesh/Animesh/Project 2.0/echora/data/raw/torgo/F/F03/Session2/wav_headMic/0048.wav	2.010	0.261	0.1299	group	Group.	[]		nvidia/parakeet-tdt-0.6b-v3	cpu
torgo-F03-Session3-0081	F03	dysarthric	/Users/animesh/Animesh/Project 2.0/echora/data/raw/torgo/F/F03/Session3/wav_headMic/0081.wav	2.010	0.261	0.1299	chop	Ciao.	[]		nvidia/parakeet-tdt-0.6b-v3	cpu
torgo-M02-Session2-0196	M02	dysarthric	/Users/animesh/Animesh/Project 2.0/echora/data/raw/torgo/M/M02/Session2/wav_headMic/0196.wav	2.010	0.261	0.1299	him	Him.	[]		nvidia/parakeet-tdt-0.6b-v3	cpu
torgo-F03-Session3-0011	F03	dysarthric	/Users/animesh/Animesh/Project 2.0/echora/data/raw/torgo/F/F03/Session3/wav_headMic/0011.wav	2.010	0.261	0.1299	night	Night.	[]		nvidia/parakeet-tdt-0.6b-v3	cpu
torgo-M02-Session1-0038	M02	dysarthric	/Users/animesh/Animesh/Project 2.0/echora/data/raw/torgo/M/M02/Session1/wav_headMic/0038.wav	2.012	0.261	0.1297	feet	Food.	[]		nvidia/parakeet-tdt-0.6b-v3	cpu
torgo-F04-Session2-0076	F04	dysarthric	/Users/animesh/Animesh/Project 2.0/echora/data/raw/torgo/F/F04/Session2/wav_headMic/0076.wav	2.015	0.261	0.1296	seeds	Seeds.	[]		nvidia/parakeet-tdt-0.6b-v3	cpu
torgo-M03-Session2-0056	M03	dysarthric	/Users/animesh/Animesh/Project 2.0/echora/data/raw/torgo/M/M03/Session2/wav_headMic/0056.wav	2.015	0.261	0.1296	beta	Beta.	[]		nvidia/parakeet-tdt-0.6b-v3	cpu
torgo-M03-Session2-0305	M03	dysarthric	/Users/animesh/Animesh/Project 2.0/echora/data/raw/torgo/M/M03/Session2/wav_headMic/0305.wav	2.015	0.261	0.1296	vat	That's the same.	[]		nvidia/parakeet-tdt-0.6b-v3	cpu
torgo-M01-Session2_3-0092	M01	dysarthric	/Users/animesh/Animesh/Project 2.0/echora/data/raw/torgo/M/M01/Session2_3/wav_headMic/0092.wav	2.018	0.251	0.1242	hate	Эй	[]		nvidia/parakeet-tdt-0.6b-v3	cpu
torgo-M03-Session2-0234	M03	dysarthric	/Users/animesh/Animesh/Project 2.0/echora/data/raw/torgo/M/M03/Session2/wav_headMic/0234.wav	2.020	0.251	0.1241	rock	Rock.	[]		nvidia/parakeet-tdt-0.6b-v3	cpu
torgo-M02-Session1-0101	M02	dysarthric	/Users/animesh/Animesh/Project 2.0/echora/data/raw/torgo/M/M02/Session1/wav_headMic/0101.wav	2.020	0.251	0.1241	race	Rice.	[]		nvidia/parakeet-tdt-0.6b-v3	cpu
torgo-M01-Session2_3-0193	M01	dysarthric	/Users/animesh/Animesh/Project 2.0/echora/data/raw/torgo/M/M01/Session2_3/wav_headMic/0193.wav	2.024	0.251	0.1239	loyal	How are you?	[]		nvidia/parakeet-tdt-0.6b-v3	cpu
torgo-M01-Session2_3-0194	M01	dysarthric	/Users/animesh/Animesh/Project 2.0/echora/data/raw/torgo/M/M01/Session2_3/wav_headMic/0194.wav	2.024	0.251	0.1239	seven	Yeah.	[]		nvidia/parakeet-tdt-0.6b-v3	cpu
torgo-F03-Session2-0046	F03	dysarthric	/Users/animesh/Animesh/Project 2.0/echora/data/raw/torgo/F/F03/Session2/wav_headMic/0046.wav	2.025	0.251	0.1238	sparkle	Спаркл.	[]		nvidia/parakeet-tdt-0.6b-v3	cpu
torgo-M03-Session2-0297	M03	dysarthric	/Users/animesh/Animesh/Project 2.0/echora/data/raw/torgo/M/M03/Session2/wav_headMic/0297.wav	2.025	0.251	0.1238	fat	Fat.	[]		nvidia/parakeet-tdt-0.6b-v3	cpu
torgo-M03-Session2-0053	M03	dysarthric	/Users/animesh/Animesh/Project 2.0/echora/data/raw/torgo/M/M03/Session2/wav_headMic/0053.wav	2.030	0.251	0.1235	trait	Trait.	[]		nvidia/parakeet-tdt-0.6b-v3	cpu
torgo-M01-Session2_3-0041	M01	dysarthric	/Users/animesh/Animesh/Project 2.0/echora/data/raw/torgo/M/M01/Session2_3/wav_headMic/0041.wav	2.032	0.254	0.1251	urgent	Айдинт.	[]		nvidia/parakeet-tdt-0.6b-v3	cpu
torgo-F03-Session3-0028	F03	dysarthric	/Users/animesh/Animesh/Project 2.0/echora/data/raw/torgo/F/F03/Session3/wav_headMic/0028.wav	2.035	0.254	0.1248	knot	No.	[]		nvidia/parakeet-tdt-0.6b-v3	cpu
torgo-M03-Session2-0150	M03	dysarthric	/Users/animesh/Animesh/Project 2.0/echora/data/raw/torgo/M/M03/Session2/wav_headMic/0150.wav	2.035	0.254	0.1248	deer	Dear	[]		nvidia/parakeet-tdt-0.6b-v3	cpu
torgo-M01-Session2_3-0280	M01	dysarthric	/Users/animesh/Animesh/Project 2.0/echora/data/raw/torgo/M/M01/Session2_3/wav_headMic/0280.wav	2.035	0.254	0.1248	six	Yik.	[]		nvidia/parakeet-tdt-0.6b-v3	cpu
torgo-F03-Session3-0186	F03	dysarthric	/Users/animesh/Animesh/Project 2.0/echora/data/raw/torgo/F/F03/Session3/wav_headMic/0186.wav	2.040	0.254	0.1245	goose	Кус.	[]		nvidia/parakeet-tdt-0.6b-v3	cpu
torgo-M03-Session2-0023	M03	dysarthric	/Users/animesh/Animesh/Project 2.0/echora/data/raw/torgo/M/M03/Session2/wav_headMic/0023.wav	2.040	0.254	0.1245	knew	New.	[]		nvidia/parakeet-tdt-0.6b-v3	cpu
torgo-M03-Session2-0061	M03	dysarthric	/Users/animesh/Animesh/Project 2.0/echora/data/raw/torgo/M/M03/Session2/wav_headMic/0061.wav	2.040	0.254	0.1245	bubble	Bubble.	[]		nvidia/parakeet-tdt-0.6b-v3	cpu
torgo-M03-Session2-0266	M03	dysarthric	/Users/animesh/Animesh/Project 2.0/echora/data/raw/torgo/M/M03/Session2/wav_headMic/0266.wav	2.040	0.254	0.1245	and	And	[]		nvidia/parakeet-tdt-0.6b-v3	cpu
torgo-M01-Session2_3-0183	M01	dysarthric	/Users/animesh/Animesh/Project 2.0/echora/data/raw/torgo/M/M01/Session2_3/wav_headMic/0183.wav	2.040	0.253	0.1238	sergeant	Sargent.	[]		nvidia/parakeet-tdt-0.6b-v3	cpu
torgo-M03-Session2-0032	M03	dysarthric	/Users/animesh/Animesh/Project 2.0/echora/data/raw/torgo/M/M03/Session2/wav_headMic/0032.wav	2.045	0.253	0.1235	fair	Fair.	[]		nvidia/parakeet-tdt-0.6b-v3	cpu
torgo-M01-Session2_3-0017	M01	dysarthric	/Users/animesh/Animesh/Project 2.0/echora/data/raw/torgo/M/M01/Session2_3/wav_headMic/0017.wav	2.045	0.253	0.1235	beat	Блит.	[]		nvidia/parakeet-tdt-0.6b-v3	cpu
torgo-M02-Session1-0076	M02	dysarthric	/Users/animesh/Animesh/Project 2.0/echora/data/raw/torgo/M/M02/Session1/wav_headMic/0076.wav	2.046	0.253	0.1235	right	Раюб.	[]		nvidia/parakeet-tdt-0.6b-v3	cpu
torgo-M05-Session2-0119	M05	dysarthric	/Users/animesh/Animesh/Project 2.0/echora/data/raw/torgo/M/M05/Session2/wav_headMic/0119.wav	2.050	0.253	0.1232	slip	Север.	[]		nvidia/parakeet-tdt-0.6b-v3	cpu
torgo-M02-Session1-0224	M02	dysarthric	/Users/animesh/Animesh/Project 2.0/echora/data/raw/torgo/M/M02/Session1/wav_headMic/0224.wav	2.053	0.253	0.1231	fate	Fake.	[]		nvidia/parakeet-tdt-0.6b-v3	cpu
torgo-M03-Session2-0075	M03	dysarthric	/Users/animesh/Animesh/Project 2.0/echora/data/raw/torgo/M/M03/Session2/wav_headMic/0075.wav	2.055	0.253	0.1229	beat	Beat	[]		nvidia/parakeet-tdt-0.6b-v3	cpu
torgo-M02-Session1-0180	M02	dysarthric	/Users/animesh/Animesh/Project 2.0/echora/data/raw/torgo/M/M02/Session1/wav_headMic/0180.wav	2.059	0.253	0.1227	steer	Сты	[]		nvidia/parakeet-tdt-0.6b-v3	cpu
torgo-F04-Session2-0023	F04	dysarthric	/Users/animesh/Animesh/Project 2.0/echora/data/raw/torgo/F/F04/Session2/wav_headMic/0023.wav	2.060	0.249	0.1208	witch	Which	[]		nvidia/parakeet-tdt-0.6b-v3	cpu
torgo-M02-Session2-0197	M02	dysarthric	/Users/animesh/Animesh/Project 2.0/echora/data/raw/torgo/M/M02/Session2/wav_headMic/0197.wav	2.060	0.249	0.1208	thought	So	[]		nvidia/parakeet-tdt-0.6b-v3	cpu
torgo-M03-Session2-0261	M03	dysarthric	/Users/animesh/Animesh/Project 2.0/echora/data/raw/torgo/M/M03/Session2/wav_headMic/0261.wav	2.060	0.249	0.1208	park	Park.	[]		nvidia/parakeet-tdt-0.6b-v3	cpu
torgo-F03-Session3-0125	F03	dysarthric	/Users/animesh/Animesh/Project 2.0/echora/data/raw/torgo/F/F03/Session3/wav_headMic/0125.wav	2.065	0.249	0.1205	bitten	Betton.	[]		nvidia/parakeet-tdt-0.6b-v3	cpu
torgo-F04-Session2-0150	F04	dysarthric	/Users/animesh/Animesh/Project 2.0/echora/data/raw/torgo/F/F04/Session2/wav_headMic/0150.wav	2.065	0.249	0.1205	take	Take	[]		nvidia/parakeet-tdt-0.6b-v3	cpu
torgo-M05-Session2-0380	M05	dysarthric	/Users/animesh/Animesh/Project 2.0/echora/data/raw/torgo/M/M05/Session2/wav_headMic/0380.wav	2.065	0.249	0.1205	dead	Дэдды.	[]		nvidia/parakeet-tdt-0.6b-v3	cpu
torgo-M01-Session2_3-0049	M01	dysarthric	/Users/animesh/Animesh/Project 2.0/echora/data/raw/torgo/M/M01/Session2_3/wav_headMic/0049.wav	2.068	0.249	0.1203	shear	Си	[]		nvidia/parakeet-tdt-0.6b-v3	cpu
torgo-F03-Session3-0155	F03	dysarthric	/Users/animesh/Animesh/Project 2.0/echora/data/raw/torgo/F/F03/Session3/wav_headMic/0155.wav	2.070	0.249	0.1202	fork	Fort.	[]		nvidia/parakeet-tdt-0.6b-v3	cpu
torgo-F04-Session2-0037	F04	dysarthric	/Users/animesh/Animesh/Project 2.0/echora/data/raw/torgo/F/F04/Session2/wav_headMic/0037.wav	2.070	0.252	0.1215	menu	Меню.	[]		nvidia/parakeet-tdt-0.6b-v3	cpu
torgo-M05-Session2-0284	M05	dysarthric	/Users/animesh/Animesh/Project 2.0/echora/data/raw/torgo/M/M05/Session2/wav_headMic/0284.wav	2.070	0.252	0.1215	wit	With	[]		nvidia/parakeet-tdt-0.6b-v3	cpu
torgo-M01-Session2_3-0186	M01	dysarthric	/Users/animesh/Animesh/Project 2.0/echora/data/raw/torgo/M/M01/Session2_3/wav_headMic/0186.wav	2.073	0.252	0.1214	oscar	Айдка.	[]		nvidia/parakeet-tdt-0.6b-v3	cpu
torgo-F04-Session2-0117	F04	dysarthric	/Users/animesh/Animesh/Project 2.0/echora/data/raw/torgo/F/F04/Session2/wav_headMic/0117.wav	2.075	0.252	0.1213	bloat	Float.	[]		nvidia/parakeet-tdt-0.6b-v3	cpu
torgo-M03-Session2-0172	M03	dysarthric	/Users/animesh/Animesh/Project 2.0/echora/data/raw/torgo/M/M03/Session2/wav_headMic/0172.wav	2.075	0.252	0.1213	near	Near	[]		nvidia/parakeet-tdt-0.6b-v3	cpu
torgo-M03-Session2-0395	M03	dysarthric	/Users/animesh/Animesh/Project 2.0/echora/data/raw/torgo/M/M03/Session2/wav_headMic/0395.wav	2.075	0.252	0.1213	dress	Dress	[]		nvidia/parakeet-tdt-0.6b-v3	cpu
torgo-M03-Session2-0412	M03	dysarthric	/Users/animesh/Animesh/Project 2.0/echora/data/raw/torgo/M/M03/Session2/wav_headMic/0412.wav	2.075	0.252	0.1213	Ned	Ned	[]		nvidia/parakeet-tdt-0.6b-v3	cpu
torgo-M04-Session2-0173	M04	dysarthric	/Users/animesh/Animesh/Project 2.0/echora/data/raw/torgo/M/M04/Session2/wav_headMic/0173.wav	2.075	0.252	0.1213	knot	Not.	[]		nvidia/parakeet-tdt-0.6b-v3	cpu
torgo-F04-Session2-0124	F04	dysarthric	/Users/animesh/Animesh/Project 2.0/echora/data/raw/torgo/F/F04/Session2/wav_headMic/0124.wav	2.080	0.256	0.1232	hitting	Hitting.	[]		nvidia/parakeet-tdt-0.6b-v3	cpu
torgo-M01-Session2_3-0277	M01	dysarthric	/Users/animesh/Animesh/Project 2.0/echora/data/raw/torgo/M/M01/Session2_3/wav_headMic/0277.wav	2.082	0.256	0.1230	heart	Альт.	[]		nvidia/parakeet-tdt-0.6b-v3	cpu
torgo-M02-Session1-0192	M02	dysarthric	/Users/animesh/Animesh/Project 2.0/echora/data/raw/torgo/M/M02/Session1/wav_headMic/0192.wav	2.085	0.256	0.1229	through	Тру.	[]		nvidia/parakeet-tdt-0.6b-v3	cpu
torgo-M03-Session2-0083	M03	dysarthric	/Users/animesh/Animesh/Project 2.0/echora/data/raw/torgo/M/M03/Session2/wav_headMic/0083.wav	2.085	0.256	0.1229	yes	Yes.	[]		nvidia/parakeet-tdt-0.6b-v3	cpu
torgo-M03-Session2-0247	M03	dysarthric	/Users/animesh/Animesh/Project 2.0/echora/data/raw/torgo/M/M03/Session2/wav_headMic/0247.wav	2.085	0.256	0.1229	play	Плей.	[]		nvidia/parakeet-tdt-0.6b-v3	cpu
torgo-M03-Session2-0143	M03	dysarthric	/Users/animesh/Animesh/Project 2.0/echora/data/raw/torgo/M/M03/Session2/wav_headMic/0143.wav	2.085	0.256	0.1229	four	Four.	[]		nvidia/parakeet-tdt-0.6b-v3	cpu
torgo-M03-Session2-0181	M03	dysarthric	/Users/animesh/Animesh/Project 2.0/echora/data/raw/torgo/M/M03/Session2/wav_headMic/0181.wav	2.085	0.256	0.1229	slay	Slay.	[]		nvidia/parakeet-tdt-0.6b-v3	cpu
torgo-M05-Session1-0069	M05	dysarthric	/Users/animesh/Animesh/Project 2.0/echora/data/raw/torgo/M/M05/Session1/wav_headMic/0069.wav	2.085	0.256	0.1229	sip	Shimp.	[]		nvidia/parakeet-tdt-0.6b-v3	cpu
torgo-F03-Session3-0017	F03	dysarthric	/Users/animesh/Animesh/Project 2.0/echora/data/raw/torgo/F/F03/Session3/wav_headMic/0017.wav	2.090	0.316	0.1512	sierra	Слева.	[]		nvidia/parakeet-tdt-0.6b-v3	cpu
torgo-F04-Session2-0184	F04	dysarthric	/Users/animesh/Animesh/Project 2.0/echora/data/raw/torgo/F/F04/Session2/wav_headMic/0184.wav	2.090	0.316	0.1512	leak	Leak.	[]		nvidia/parakeet-tdt-0.6b-v3	cpu
torgo-M03-Session2-0356	M03	dysarthric	/Users/animesh/Animesh/Project 2.0/echora/data/raw/torgo/M/M03/Session2/wav_headMic/0356.wav	2.090	0.316	0.1512	golf	Golf.	[]		nvidia/parakeet-tdt-0.6b-v3	cpu
torgo-M02-Session1-0029	M02	dysarthric	/Users/animesh/Animesh/Project 2.0/echora/data/raw/torgo/M/M02/Session1/wav_headMic/0029.wav	2.090	0.316	0.1512	one	Run.	[]		nvidia/parakeet-tdt-0.6b-v3	cpu
torgo-F03-Session3-0174	F03	dysarthric	/Users/animesh/Animesh/Project 2.0/echora/data/raw/torgo/F/F03/Session3/wav_headMic/0174.wav	2.095	0.316	0.1508	You want him to do well.	You want him to do well.	[]		nvidia/parakeet-tdt-0.6b-v3	cpu
torgo-F04-Session2-0175	F04	dysarthric	/Users/animesh/Animesh/Project 2.0/echora/data/raw/torgo/F/F04/Session2/wav_headMic/0175.wav	2.095	0.316	0.1508	sigh	Сай.	[]		nvidia/parakeet-tdt-0.6b-v3	cpu
torgo-M03-Session2-0223	M03	dysarthric	/Users/animesh/Animesh/Project 2.0/echora/data/raw/torgo/M/M03/Session2/wav_headMic/0223.wav	2.095	0.316	0.1508	knew	New	[]		nvidia/parakeet-tdt-0.6b-v3	cpu
torgo-M03-Session2-0309	M03	dysarthric	/Users/animesh/Animesh/Project 2.0/echora/data/raw/torgo/M/M03/Session2/wav_headMic/0309.wav	2.095	0.316	0.1508	sell	Yeah.	[]		nvidia/parakeet-tdt-0.6b-v3	cpu
torgo-M01-Session2_3-0023	M01	dysarthric	/Users/animesh/Animesh/Project 2.0/echora/data/raw/torgo/M/M01/Session2_3/wav_headMic/0023.wav	2.098	0.434	0.2069	sip	Се	[]		nvidia/parakeet-tdt-0.6b-v3	cpu
torgo-F04-Session2-0078	F04	dysarthric	/Users/animesh/Animesh/Project 2.0/echora/data/raw/torgo/F/F04/Session2/wav_headMic/0078.wav	2.100	0.434	0.2068	november	November	[]		nvidia/parakeet-tdt-0.6b-v3	cpu
torgo-M03-Session2-0203	M03	dysarthric	/Users/animesh/Animesh/Project 2.0/echora/data/raw/torgo/M/M03/Session2/wav_headMic/0203.wav	2.100	0.434	0.2068	snoop	Snoop.	[]		nvidia/parakeet-tdt-0.6b-v3	cpu
torgo-M03-Session2-0341	M03	dysarthric	/Users/animesh/Animesh/Project 2.0/echora/data/raw/torgo/M/M03/Session2/wav_headMic/0341.wav	2.100	0.434	0.2068	seven	Seven.	[]		nvidia/parakeet-tdt-0.6b-v3	cpu
torgo-M03-Session2-0399	M03	dysarthric	/Users/animesh/Animesh/Project 2.0/echora/data/raw/torgo/M/M03/Session2/wav_headMic/0399.wav	2.100	0.434	0.2068	yankee	Yankee.	[]		nvidia/parakeet-tdt-0.6b-v3	cpu
torgo-M05-Session2-0007	M05	dysarthric	/Users/animesh/Animesh/Project 2.0/echora/data/raw/torgo/M/M05/Session2/wav_headMic/0007.wav	2.100	0.434	0.2068	sigh	Сяй.	[]		nvidia/parakeet-tdt-0.6b-v3	cpu
torgo-F03-Session3-0149	F03	dysarthric	/Users/animesh/Animesh/Project 2.0/echora/data/raw/torgo/F/F03/Session3/wav_headMic/0149.wav	2.100	0.434	0.2068	shoot	Soup.	[]		nvidia/parakeet-tdt-0.6b-v3	cpu
torgo-M01-Session2_3-0169	M01	dysarthric	/Users/animesh/Animesh/Project 2.0/echora/data/raw/torgo/M/M01/Session2_3/wav_headMic/0169.wav	2.103	0.434	0.2065	fitting	Fierty.	[]		nvidia/parakeet-tdt-0.6b-v3	cpu
torgo-M02-Session1-0125	M02	dysarthric	/Users/animesh/Animesh/Project 2.0/echora/data/raw/torgo/M/M02/Session1/wav_headMic/0125.wav	2.104	0.252	0.1200	of	Uh	[]		nvidia/parakeet-tdt-0.6b-v3	cpu
torgo-F03-Session2-0145	F03	dysarthric	/Users/animesh/Animesh/Project 2.0/echora/data/raw/torgo/F/F03/Session2/wav_headMic/0145.wav	2.105	0.252	0.1199	foxtrot	Фокстро.	[]		nvidia/parakeet-tdt-0.6b-v3	cpu
torgo-M03-Session2-0248	M03	dysarthric	/Users/animesh/Animesh/Project 2.0/echora/data/raw/torgo/M/M03/Session2/wav_headMic/0248.wav	2.105	0.252	0.1199	sigh		[]		nvidia/parakeet-tdt-0.6b-v3	cpu
torgo-M01-Session2_3-0261	M01	dysarthric	/Users/animesh/Animesh/Project 2.0/echora/data/raw/torgo/M/M01/Session2_3/wav_headMic/0261.wav	2.106	0.252	0.1199	dark	Дарк.	[]		nvidia/parakeet-tdt-0.6b-v3	cpu
torgo-M01-Session2_3-0264	M01	dysarthric	/Users/animesh/Animesh/Project 2.0/echora/data/raw/torgo/M/M01/Session2_3/wav_headMic/0264.wav	2.106	0.252	0.1199	witch	Уидж.	[]		nvidia/parakeet-tdt-0.6b-v3	cpu
torgo-F03-Session2-0071	F03	dysarthric	/Users/animesh/Animesh/Project 2.0/echora/data/raw/torgo/F/F03/Session2/wav_headMic/0071.wav	2.110	0.252	0.1196	blow	Плау.	[]		nvidia/parakeet-tdt-0.6b-v3	cpu
torgo-M03-Session2-0066	M03	dysarthric	/Users/animesh/Animesh/Project 2.0/echora/data/raw/torgo/M/M03/Session2/wav_headMic/0066.wav	2.110	0.252	0.1196	beat	Beat.	[]		nvidia/parakeet-tdt-0.6b-v3	cpu
torgo-M03-Session2-0090	M03	dysarthric	/Users/animesh/Animesh/Project 2.0/echora/data/raw/torgo/M/M03/Session2/wav_headMic/0090.wav	2.110	0.252	0.1196	down	Down.	[]		nvidia/parakeet-tdt-0.6b-v3	cpu
torgo-M02-Session1-0165	M02	dysarthric	/Users/animesh/Animesh/Project 2.0/echora/data/raw/torgo/M/M02/Session1/wav_headMic/0165.wav	2.110	0.244	0.1155	suit	So	[]		nvidia/parakeet-tdt-0.6b-v3	cpu
torgo-M03-Session2-0317	M03	dysarthric	/Users/animesh/Animesh/Project 2.0/echora/data/raw/torgo/M/M03/Session2/wav_headMic/0317.wav	2.115	0.244	0.1152	fat	Fat.	[]		nvidia/parakeet-tdt-0.6b-v3	cpu
torgo-M03-Session2-0386	M03	dysarthric	/Users/animesh/Animesh/Project 2.0/echora/data/raw/torgo/M/M03/Session2/wav_headMic/0386.wav	2.115	0.244	0.1152	start	Start	[]		nvidia/parakeet-tdt-0.6b-v3	cpu
torgo-M03-Session2-0396	M03	dysarthric	/Users/animesh/Animesh/Project 2.0/echora/data/raw/torgo/M/M03/Session2/wav_headMic/0396.wav	2.115	0.244	0.1152	sin	Sin	[]		nvidia/parakeet-tdt-0.6b-v3	cpu
torgo-M02-Session1-0225	M02	dysarthric	/Users/animesh/Animesh/Project 2.0/echora/data/raw/torgo/M/M02/Session1/wav_headMic/0225.wav	2.119	0.244	0.1150	bat	But	[]		nvidia/parakeet-tdt-0.6b-v3	cpu
torgo-M02-Session1-0231	M02	dysarthric	/Users/animesh/Animesh/Project 2.0/echora/data/raw/torgo/M/M02/Session1/wav_headMic/0231.wav	2.119	0.244	0.1150	rock	Raw.	[]		nvidia/parakeet-tdt-0.6b-v3	cpu
torgo-F03-Session3-0034	F03	dysarthric	/Users/animesh/Animesh/Project 2.0/echora/data/raw/torgo/F/F03/Session3/wav_headMic/0034.wav	2.120	0.244	0.1150	dress	Stress.	[]		nvidia/parakeet-tdt-0.6b-v3	cpu
torgo-M02-Session2-0238	M02	dysarthric	/Users/animesh/Animesh/Project 2.0/echora/data/raw/torgo/M/M02/Session2/wav_headMic/0238.wav	2.120	0.244	0.1150	hand	Hr.	[]		nvidia/parakeet-tdt-0.6b-v3	cpu
torgo-M03-Session2-0375	M03	dysarthric	/Users/animesh/Animesh/Project 2.0/echora/data/raw/torgo/M/M03/Session2/wav_headMic/0375.wav	2.120	0.215	0.1014	at		[]		nvidia/parakeet-tdt-0.6b-v3	cpu
torgo-M01-Session2_3-0022	M01	dysarthric	/Users/animesh/Animesh/Project 2.0/echora/data/raw/torgo/M/M01/Session2_3/wav_headMic/0022.wav	2.125	0.215	0.1012	floor	Фревор.	[]		nvidia/parakeet-tdt-0.6b-v3	cpu
torgo-M03-Session2-0051	M03	dysarthric	/Users/animesh/Animesh/Project 2.0/echora/data/raw/torgo/M/M03/Session2/wav_headMic/0051.wav	2.125	0.215	0.1012	stubble	Stubble.	[]		nvidia/parakeet-tdt-0.6b-v3	cpu
torgo-M03-Session2-0313	M03	dysarthric	/Users/animesh/Animesh/Project 2.0/echora/data/raw/torgo/M/M03/Session2/wav_headMic/0313.wav	2.125	0.215	0.1012	harp	Harp.	[]		nvidia/parakeet-tdt-0.6b-v3	cpu
torgo-M05-Session1-0011	M05	dysarthric	/Users/animesh/Animesh/Project 2.0/echora/data/raw/torgo/M/M05/Session1/wav_headMic/0011.wav	2.125	0.215	0.1012	feet	Feet	[]		nvidia/parakeet-tdt-0.6b-v3	cpu
torgo-M02-Session1-0010	M02	dysarthric	/Users/animesh/Animesh/Project 2.0/echora/data/raw/torgo/M/M02/Session1/wav_headMic/0010.wav	2.125	0.215	0.1012	farm	From	[]		nvidia/parakeet-tdt-0.6b-v3	cpu
torgo-M02-Session1-0012	M02	dysarthric	/Users/animesh/Animesh/Project 2.0/echora/data/raw/torgo/M/M02/Session1/wav_headMic/0012.wav	2.125	0.215	0.1012	sip	Shit.	[]		nvidia/parakeet-tdt-0.6b-v3	cpu
torgo-M01-Session2_3-0265	M01	dysarthric	/Users/animesh/Animesh/Project 2.0/echora/data/raw/torgo/M/M01/Session2_3/wav_headMic/0265.wav	2.130	0.215	0.1009	him	Um	[]		nvidia/parakeet-tdt-0.6b-v3	cpu
torgo-F04-Session2-0113	F04	dysarthric	/Users/animesh/Animesh/Project 2.0/echora/data/raw/torgo/F/F04/Session2/wav_headMic/0113.wav	2.130	0.224	0.1054	side	Файд.	[]		nvidia/parakeet-tdt-0.6b-v3	cpu
torgo-F04-Session2-0174	F04	dysarthric	/Users/animesh/Animesh/Project 2.0/echora/data/raw/torgo/F/F04/Session2/wav_headMic/0174.wav	2.130	0.224	0.1054	blow	Well	[]		nvidia/parakeet-tdt-0.6b-v3	cpu
torgo-M03-Session2-0167	M03	dysarthric	/Users/animesh/Animesh/Project 2.0/echora/data/raw/torgo/M/M03/Session2/wav_headMic/0167.wav	2.130	0.224	0.1054	white	White.	[]		nvidia/parakeet-tdt-0.6b-v3	cpu
torgo-M02-Session1-0104	M02	dysarthric	/Users/animesh/Animesh/Project 2.0/echora/data/raw/torgo/M/M02/Session1/wav_headMic/0104.wav	2.132	0.224	0.1052	air	Э	[]		nvidia/parakeet-tdt-0.6b-v3	cpu
torgo-M02-Session1-0138	M02	dysarthric	/Users/animesh/Animesh/Project 2.0/echora/data/raw/torgo/M/M02/Session1/wav_headMic/0138.wav	2.132	0.224	0.1052	ate	Anyway,	[]		nvidia/parakeet-tdt-0.6b-v3	cpu
torgo-F04-Session2-0086	F04	dysarthric	/Users/animesh/Animesh/Project 2.0/echora/data/raw/torgo/F/F04/Session2/wav_headMic/0086.wav	2.135	0.224	0.1051	hill	Hill	[]		nvidia/parakeet-tdt-0.6b-v3	cpu
torgo-M03-Session2-0252	M03	dysarthric	/Users/animesh/Animesh/Project 2.0/echora/data/raw/torgo/M/M03/Session2/wav_headMic/0252.wav	2.135	0.224	0.1051	brawn	Brawn.	[]		nvidia/parakeet-tdt-0.6b-v3	cpu
torgo-M05-Session1-0070	M05	dysarthric	/Users/animesh/Animesh/Project 2.0/echora/data/raw/torgo/M/M05/Session1/wav_headMic/0070.wav	2.135	0.224	0.1051	park	Porque	[]		nvidia/parakeet-tdt-0.6b-v3	cpu
torgo-M05-Session2-0371	M05	dysarthric	/Users/animesh/Animesh/Project 2.0/echora/data/raw/torgo/M/M05/Session2/wav_headMic/0371.wav	2.135	0.237	0.1108	bed	Бэд.	[]		nvidia/parakeet-tdt-0.6b-v3	cpu
torgo-M03-Session2-0316	M03	dysarthric	/Users/animesh/Animesh/Project 2.0/echora/data/raw/torgo/M/M03/Session2/wav_headMic/0316.wav	2.135	0.237	0.1108	sitting	Sitting	[]		nvidia/parakeet-tdt-0.6b-v3	cpu
torgo-M02-Session1-0205	M02	dysarthric	/Users/animesh/Animesh/Project 2.0/echora/data/raw/torgo/M/M02/Session1/wav_headMic/0205.wav	2.136	0.237	0.1107	jungle	Ченго.	[]		nvidia/parakeet-tdt-0.6b-v3	cpu
torgo-M01-Session2_3-0050	M01	dysarthric	/Users/animesh/Animesh/Project 2.0/echora/data/raw/torgo/M/M01/Session2_3/wav_headMic/0050.wav	2.138	0.237	0.1106	suit	Сюд.	[]		nvidia/parakeet-tdt-0.6b-v3	cpu
torgo-M02-Session2-0206	M02	dysarthric	/Users/animesh/Animesh/Project 2.0/echora/data/raw/torgo/M/M02/Session2/wav_headMic/0206.wav	2.140	0.237	0.1105	league	Lake.	[]		nvidia/parakeet-tdt-0.6b-v3	cpu
torgo-M03-Session2-0408	M03	dysarthric	/Users/animesh/Animesh/Project 2.0/echora/data/raw/torgo/M/M03/Session2/wav_headMic/0408.wav	2.140	0.237	0.1105	tread	Tread.	[]		nvidia/parakeet-tdt-0.6b-v3	cpu
torgo-M02-Session2-0144	M02	dysarthric	/Users/animesh/Animesh/Project 2.0/echora/data/raw/torgo/M/M02/Session2/wav_headMic/0144.wav	2.145	0.237	0.1103	eight	Mm.	[]		nvidia/parakeet-tdt-0.6b-v3	cpu
torgo-M03-Session2-0093	M03	dysarthric	/Users/animesh/Animesh/Project 2.0/echora/data/raw/torgo/M/M03/Session2/wav_headMic/0093.wav	2.145	0.237	0.1103	knew	New	[]		nvidia/parakeet-tdt-0.6b-v3	cpu
torgo-M03-Session2-0267	M03	dysarthric	/Users/animesh/Animesh/Project 2.0/echora/data/raw/torgo/M/M03/Session2/wav_headMic/0267.wav	2.145	0.233	0.1087	hill	Hell	[]		nvidia/parakeet-tdt-0.6b-v3	cpu
torgo-M04-Session2-0113	M04	dysarthric	/Users/animesh/Animesh/Project 2.0/echora/data/raw/torgo/M/M04/Session2/wav_headMic/0113.wav	2.150	0.233	0.1085	knee	Не	[]		nvidia/parakeet-tdt-0.6b-v3	cpu
torgo-M04-Session2-0257	M04	dysarthric	/Users/animesh/Animesh/Project 2.0/echora/data/raw/torgo/M/M04/Session2/wav_headMic/0257.wav	2.150	0.233	0.1085	pot	But	[]		nvidia/parakeet-tdt-0.6b-v3	cpu
torgo-M05-Session2-0095	M05	dysarthric	/Users/animesh/Animesh/Project 2.0/echora/data/raw/torgo/M/M05/Session2/wav_headMic/0095.wav	2.150	0.233	0.1085	tie	Таи.	[]		nvidia/parakeet-tdt-0.6b-v3	cpu
torgo-M01-Session2_3-0019	M01	dysarthric	/Users/animesh/Animesh/Project 2.0/echora/data/raw/torgo/M/M01/Session2_3/wav_headMic/0019.wav	2.152	0.233	0.1084	dark	Дарк.	[]		nvidia/parakeet-tdt-0.6b-v3	cpu
torgo-M01-Session2_3-0273	M01	dysarthric	/Users/animesh/Animesh/Project 2.0/echora/data/raw/torgo/M/M01/Session2_3/wav_headMic/0273.wav	2.153	0.233	0.1083	witty	Уэйды.	[]		nvidia/parakeet-tdt-0.6b-v3	cpu
torgo-F03-Session2-0035	F03	dysarthric	/Users/animesh/Animesh/Project 2.0/echora/data/raw/torgo/F/F03/Session2/wav_headMic/0035.wav	2.155	0.233	0.1082	charlie	Чарли.	[]		nvidia/parakeet-tdt-0.6b-v3	cpu
torgo-M03-Session2-0295	M03	dysarthric	/Users/animesh/Animesh/Project 2.0/echora/data/raw/torgo/M/M03/Session2/wav_headMic/0295.wav	2.155	0.233	0.1082	no	No.	[]		nvidia/parakeet-tdt-0.6b-v3	cpu
torgo-M03-Session2-0350	M03	dysarthric	/Users/animesh/Animesh/Project 2.0/echora/data/raw/torgo/M/M03/Session2/wav_headMic/0350.wav	2.155	0.219	0.1017	bit		[]		nvidia/parakeet-tdt-0.6b-v3	cpu
torgo-M04-Session2-0215	M04	dysarthric	/Users/animesh/Animesh/Project 2.0/echora/data/raw/torgo/M/M04/Session2/wav_headMic/0215.wav	2.155	0.219	0.1017	ate	Эйдь.	[]		nvidia/parakeet-tdt-0.6b-v3	cpu
torgo-M02-Session1-0028	M02	dysarthric	/Users/animesh/Animesh/Project 2.0/echora/data/raw/torgo/M/M02/Session1/wav_headMic/0028.wav	2.159	0.219	0.1016	gadget	Каждый	[]		nvidia/parakeet-tdt-0.6b-v3	cpu
torgo-F04-Session2-0021	F04	dysarthric	/Users/animesh/Animesh/Project 2.0/echora/data/raw/torgo/F/F04/Session2/wav_headMic/0021.wav	2.160	0.219	0.1015	boot	Boot.	[]		nvidia/parakeet-tdt-0.6b-v3	cpu
torgo-F04-Session2-0125	F04	dysarthric	/Users/animesh/Animesh/Project 2.0/echora/data/raw/torgo/F/F04/Session2/wav_headMic/0125.wav	2.160	0.219	0.1015	city	City.	[]		nvidia/parakeet-tdt-0.6b-v3	cpu
torgo-M05-Session2-0202	M05	dysarthric	/Users/animesh/Animesh/Project 2.0/echora/data/raw/torgo/M/M05/Session2/wav_headMic/0202.wav	2.160	0.219	0.1015	sign	Сянь.	[]		nvidia/parakeet-tdt-0.6b-v3	cpu
torgo-M02-Session1-0155	M02	dysarthric	/Users/animesh/Animesh/Project 2.0/echora/data/raw/torgo/M/M02/Session1/wav_headMic/0155.wav	2.161	0.219	0.1015	knot	Not	[]		nvidia/parakeet-tdt-0.6b-v3	cpu
torgo-M05-Session2-0301	M05	dysarthric	/Users/animesh/Animesh/Project 2.0/echora/data/raw/torgo/M/M05/Session2/wav_headMic/0301.wav	2.164	0.219	0.1013	whisky		[]		nvidia/parakeet-tdt-0.6b-v3	cpu
torgo-M01-Session2_3-0098	M01	dysarthric	/Users/animesh/Animesh/Project 2.0/echora/data/raw/torgo/M/M01/Session2_3/wav_headMic/0098.wav	2.166	0.217	0.1001	cycle	Sia icko.	[]		nvidia/parakeet-tdt-0.6b-v3	cpu
torgo-M03-Session2-0091	M03	dysarthric	/Users/animesh/Animesh/Project 2.0/echora/data/raw/torgo/M/M03/Session2/wav_headMic/0091.wav	2.170	0.217	0.0999	slip	Slip.	[]		nvidia/parakeet-tdt-0.6b-v3	cpu
torgo-M05-Session2-0153	M05	dysarthric	/Users/animesh/Animesh/Project 2.0/echora/data/raw/torgo/M/M05/Session2/wav_headMic/0153.wav	2.170	0.217	0.0999	hill	Hello.	[]		nvidia/parakeet-tdt-0.6b-v3	cpu
torgo-M01-Session2_3-0199	M01	dysarthric	/Users/animesh/Animesh/Project 2.0/echora/data/raw/torgo/M/M01/Session2_3/wav_headMic/0199.wav	2.171	0.217	0.0999	juliet	Enjoy it.	[]		nvidia/parakeet-tdt-0.6b-v3	cpu
torgo-M02-Session1-0015	M02	dysarthric	/Users/animesh/Animesh/Project 2.0/echora/data/raw/torgo/M/M02/Session1/wav_headMic/0015.wav	2.172	0.217	0.0998	rain	Right.	[]		nvidia/parakeet-tdt-0.6b-v3	cpu
torgo-F03-Session3-0005	F03	dysarthric	/Users/animesh/Animesh/Project 2.0/echora/data/raw/torgo/F/F03/Session3/wav_headMic/0005.wav	2.175	0.217	0.0997	shop	Шап.	[]		nvidia/parakeet-tdt-0.6b-v3	cpu
torgo-F04-Session2-0114	F04	dysarthric	/Users/animesh/Animesh/Project 2.0/echora/data/raw/torgo/F/F04/Session2/wav_headMic/0114.wav	2.175	0.217	0.0997	reek	Reek.	[]		nvidia/parakeet-tdt-0.6b-v3	cpu
torgo-F04-Session2-0192	F04	dysarthric	/Users/animesh/Animesh/Project 2.0/echora/data/raw/torgo/F/F04/Session2/wav_headMic/0192.wav	2.175	0.217	0.0997	bit	But	[]		nvidia/parakeet-tdt-0.6b-v3	cpu
torgo-M03-Session2-0160	M03	dysarthric	/Users/animesh/Animesh/Project 2.0/echora/data/raw/torgo/M/M03/Session2/wav_headMic/0160.wav	2.175	0.228	0.1050	briar	Yeah.	[]		nvidia/parakeet-tdt-0.6b-v3	cpu
torgo-M03-Session2-0302	M03	dysarthric	/Users/animesh/Animesh/Project 2.0/echora/data/raw/torgo/M/M03/Session2/wav_headMic/0302.wav	2.175	0.228	0.1050	shy	Shy	[]		nvidia/parakeet-tdt-0.6b-v3	cpu
torgo-M05-Session2-0037	M05	dysarthric	/Users/animesh/Animesh/Project 2.0/echora/data/raw/torgo/M/M05/Session2/wav_headMic/0037.wav	2.175	0.228	0.1050	group	Goop.	[]		nvidia/parakeet-tdt-0.6b-v3	cpu
torgo-M01-Session2_3-0260	M01	dysarthric	/Users/animesh/Animesh/Project 2.0/echora/data/raw/torgo/M/M01/Session2_3/wav_headMic/0260.wav	2.177	0.228	0.1049	sitting	семь	[]		nvidia/parakeet-tdt-0.6b-v3	cpu
torgo-F04-Session2-0026	F04	dysarthric	/Users/animesh/Animesh/Project 2.0/echora/data/raw/torgo/F/F04/Session2/wav_headMic/0026.wav	2.180	0.228	0.1048	though	No	[]		nvidia/parakeet-tdt-0.6b-v3	cpu
torgo-M03-Session2-0281	M03	dysarthric	/Users/animesh/Animesh/Project 2.0/echora/data/raw/torgo/M/M03/Session2/wav_headMic/0281.wav	2.180	0.228	0.1048	pit	Pit.	[]		nvidia/parakeet-tdt-0.6b-v3	cpu
torgo-M01-Session2_3-0107	M01	dysarthric	/Users/animesh/Animesh/Project 2.0/echora/data/raw/torgo/M/M01/Session2_3/wav_headMic/0107.wav	2.185	0.228	0.1045	explore	Эгпеор.	[]		nvidia/parakeet-tdt-0.6b-v3	cpu
torgo-F03-Session3-0018	F03	dysarthric	/Users/animesh/Animesh/Project 2.0/echora/data/raw/torgo/F/F03/Session3/wav_headMic/0018.wav	2.185	0.228	0.1045	one	One	[]		nvidia/parakeet-tdt-0.6b-v3	cpu
torgo-F04-Session2-0080	F04	dysarthric	/Users/animesh/Animesh/Project 2.0/echora/data/raw/torgo/F/F04/Session2/wav_headMic/0080.wav	2.185	0.215	0.0983	mush	Маш	[]		nvidia/parakeet-tdt-0.6b-v3	cpu
torgo-M03-Session2-0227	M03	dysarthric	/Users/animesh/Animesh/Project 2.0/echora/data/raw/torgo/M/M03/Session2/wav_headMic/0227.wav	2.185	0.215	0.0983	yes	Yes.	[]		nvidia/parakeet-tdt-0.6b-v3	cpu
torgo-M03-Session2-0258	M03	dysarthric	/Users/animesh/Animesh/Project 2.0/echora/data/raw/torgo/M/M03/Session2/wav_headMic/0258.wav	2.185	0.215	0.0983	barn	Barn.	[]		nvidia/parakeet-tdt-0.6b-v3	cpu
torgo-M04-Session2-0049	M04	dysarthric	/Users/animesh/Animesh/Project 2.0/echora/data/raw/torgo/M/M04/Session2/wav_headMic/0049.wav	2.185	0.215	0.0983	feed	Feed.	[]		nvidia/parakeet-tdt-0.6b-v3	cpu
torgo-M02-Session1-0178	M02	dysarthric	/Users/animesh/Animesh/Project 2.0/echora/data/raw/torgo/M/M02/Session1/wav_headMic/0178.wav	2.187	0.215	0.0983	shear	Чем?	[]		nvidia/parakeet-tdt-0.6b-v3	cpu
torgo-F03-Session3-0098	F03	dysarthric	/Users/animesh/Animesh/Project 2.0/echora/data/raw/torgo/F/F03/Session3/wav_headMic/0098.wav	2.190	0.215	0.0981	two	Two.	[]		nvidia/parakeet-tdt-0.6b-v3	cpu
torgo-F04-Session2-0059	F04	dysarthric	/Users/animesh/Animesh/Project 2.0/echora/data/raw/torgo/F/F04/Session2/wav_headMic/0059.wav	2.190	0.215	0.0981	loop	Люб.	[]		nvidia/parakeet-tdt-0.6b-v3	cpu
torgo-M03-Session2-0006	M03	dysarthric	/Users/animesh/Animesh/Project 2.0/echora/data/raw/torgo/M/M03/Session2/wav_headMic/0006.wav	2.190	0.215	0.0981	gadget		[]		nvidia/parakeet-tdt-0.6b-v3	cpu
torgo-M03-Session2-0383	M03	dysarthric	/Users/animesh/Animesh/Project 2.0/echora/data/raw/torgo/M/M03/Session2/wav_headMic/0383.wav	2.190	0.217	0.0991	knitting	Knitting.	[]		nvidia/parakeet-tdt-0.6b-v3	cpu
torgo-M05-Session2-0142	M05	dysarthric	/Users/animesh/Animesh/Project 2.0/echora/data/raw/torgo/M/M05/Session2/wav_headMic/0142.wav	2.190	0.217	0.0991	pitting	Okay.	[]		nvidia/parakeet-tdt-0.6b-v3	cpu
torgo-M03-Session2-0363	M03	dysarthric	/Users/animesh/Animesh/Project 2.0/echora/data/raw/torgo/M/M03/Session2/wav_headMic/0363.wav	2.195	0.217	0.0989	cake	Кейк.	[]		nvidia/parakeet-tdt-0.6b-v3	cpu
torgo-M05-Session2-0364	M05	dysarthric	/Users/animesh/Animesh/Project 2.0/echora/data/raw/torgo/M/M05/Session2/wav_headMic/0364.wav	2.195	0.217	0.0989	hand	And	[]		nvidia/parakeet-tdt-0.6b-v3	cpu
torgo-F03-Session3-0099	F03	dysarthric	/Users/animesh/Animesh/Project 2.0/echora/data/raw/torgo/F/F03/Session3/wav_headMic/0099.wav	2.200	0.217	0.0987	The hotel owner shrugged.	The hotel own was shoved.	[]		nvidia/parakeet-tdt-0.6b-v3	cpu
torgo-M03-Session2-0076	M03	dysarthric	/Users/animesh/Animesh/Project 2.0/echora/data/raw/torgo/M/M03/Session2/wav_headMic/0076.wav	2.200	0.217	0.0987	beat	Sorry.	[]		nvidia/parakeet-tdt-0.6b-v3	cpu
torgo-M02-Session1-0075	M02	dysarthric	/Users/animesh/Animesh/Project 2.0/echora/data/raw/torgo/M/M02/Session1/wav_headMic/0075.wav	2.200	0.217	0.0986	knew	No.	[]		nvidia/parakeet-tdt-0.6b-v3	cpu
torgo-M01-Session2_3-0130	M01	dysarthric	/Users/animesh/Animesh/Project 2.0/echora/data/raw/torgo/M/M01/Session2_3/wav_headMic/0130.wav	2.202	0.217	0.0986	write	Райт.	[]		nvidia/parakeet-tdt-0.6b-v3	cpu
torgo-F03-Session2-0120	F03	dysarthric	/Users/animesh/Animesh/Project 2.0/echora/data/raw/torgo/F/F03/Session2/wav_headMic/0120.wav	2.205	0.231	0.1046	fitting	Fritting.	[]		nvidia/parakeet-tdt-0.6b-v3	cpu
torgo-F03-Session2-0153	F03	dysarthric	/Users/animesh/Animesh/Project 2.0/echora/data/raw/torgo/F/F03/Session2/wav_headMic/0153.wav	2.205	0.231	0.1046	It was a good win for us.	It was a good win for us.	[]		nvidia/parakeet-tdt-0.6b-v3	cpu
torgo-F03-Session3-0154	F03	dysarthric	/Users/animesh/Animesh/Project 2.0/echora/data/raw/torgo/F/F03/Session3/wav_headMic/0154.wav	2.205	0.231	0.1046	nut	на	[]		nvidia/parakeet-tdt-0.6b-v3	cpu
torgo-F04-Session2-0216	F04	dysarthric	/Users/animesh/Animesh/Project 2.0/echora/data/raw/torgo/F/F04/Session2/wav_headMic/0216.wav	2.205	0.231	0.1046	uniform	Uniform.	[]		nvidia/parakeet-tdt-0.6b-v3	cpu
torgo-M03-Session2-0246	M03	dysarthric	/Users/animesh/Animesh/Project 2.0/echora/data/raw/torgo/M/M03/Session2/wav_headMic/0246.wav	2.205	0.231	0.1046	bad	Bad.	[]		nvidia/parakeet-tdt-0.6b-v3	cpu
torgo-M03-Session2-0134	M03	dysarthric	/Users/animesh/Animesh/Project 2.0/echora/data/raw/torgo/M/M03/Session2/wav_headMic/0134.wav	2.205	0.231	0.1046	shear	Shear.	[]		nvidia/parakeet-tdt-0.6b-v3	cpu
torgo-M01-Session2_3-0070	M01	dysarthric	/Users/animesh/Animesh/Project 2.0/echora/data/raw/torgo/M/M01/Session2_3/wav_headMic/0070.wav	2.207	0.231	0.1045	area	Эээ.	[]		nvidia/parakeet-tdt-0.6b-v3	cpu
torgo-M02-Session1-0220	M02	dysarthric	/Users/animesh/Animesh/Project 2.0/echora/data/raw/torgo/M/M02/Session1/wav_headMic/0220.wav	2.207	0.231	0.1045	fear	Ф	[]		nvidia/parakeet-tdt-0.6b-v3	cpu
torgo-F03-Session3-0190	F03	dysarthric	/Users/animesh/Animesh/Project 2.0/echora/data/raw/torgo/F/F03/Session3/wav_headMic/0190.wav	2.210	0.230	0.1042	She wore a she	She wore a shoe.	[]		nvidia/parakeet-tdt-0.6b-v3	cpu
torgo-M02-Session2-0120	M02	dysarthric	/Users/animesh/Animesh/Project 2.0/echora/data/raw/torgo/M/M02/Session2/wav_headMic/0120.wav	2.210	0.230	0.1042	papa	Папа.	[]		nvidia/parakeet-tdt-0.6b-v3	cpu
torgo-M03-Session2-0308	M03	dysarthric	/Users/animesh/Animesh/Project 2.0/echora/data/raw/torgo/M/M03/Session2/wav_headMic/0308.wav	2.210	0.230	0.1042	bitten	Bitten.	[]		nvidia/parakeet-tdt-0.6b-v3	cpu
torgo-M03-Session2-0327	M03	dysarthric	/Users/animesh/Animesh/Project 2.0/echora/data/raw/torgo/M/M03/Session2/wav_headMic/0327.wav	2.210	0.230	0.1042	him	Him	[]		nvidia/parakeet-tdt-0.6b-v3	cpu
torgo-M02-Session1-0166	M02	dysarthric	/Users/animesh/Animesh/Project 2.0/echora/data/raw/torgo/M/M02/Session1/wav_headMic/0166.wav	2.212	0.230	0.1041	single	Цинго.	[]		nvidia/parakeet-tdt-0.6b-v3	cpu
torgo-F03-Session2-0041	F03	dysarthric	/Users/animesh/Animesh/Project 2.0/echora/data/raw/torgo/F/F03/Session2/wav_headMic/0041.wav	2.215	0.230	0.1040	slip	Фэп.	[]		nvidia/parakeet-tdt-0.6b-v3	cpu
torgo-F04-Session2-0137	F04	dysarthric	/Users/animesh/Animesh/Project 2.0/echora/data/raw/torgo/F/F04/Session2/wav_headMic/0137.wav	2.215	0.230	0.1040	written	Written.	[]		nvidia/parakeet-tdt-0.6b-v3	cpu
torgo-M03-Session2-0050	M03	dysarthric	/Users/animesh/Animesh/Project 2.0/echora/data/raw/torgo/M/M03/Session2/wav_headMic/0050.wav	2.215	0.230	0.1040	air	Air	[]		nvidia/parakeet-tdt-0.6b-v3	cpu
torgo-M04-Session2-0234	M04	dysarthric	/Users/animesh/Animesh/Project 2.0/echora/data/raw/torgo/M/M04/Session2/wav_headMic/0234.wav	2.215	0.225	0.1015	ate	A	[]		nvidia/parakeet-tdt-0.6b-v3	cpu
torgo-M04-Session2-0297	M04	dysarthric	/Users/animesh/Animesh/Project 2.0/echora/data/raw/torgo/M/M04/Session2/wav_headMic/0297.wav	2.215	0.225	0.1015	bit	But	[]		nvidia/parakeet-tdt-0.6b-v3	cpu
torgo-M02-Session1-0146	M02	dysarthric	/Users/animesh/Animesh/Project 2.0/echora/data/raw/torgo/M/M02/Session1/wav_headMic/0146.wav	2.217	0.225	0.1015	slip	Sleep.	[]		nvidia/parakeet-tdt-0.6b-v3	cpu
torgo-M02-Session1-0078	M02	dysarthric	/Users/animesh/Animesh/Project 2.0/echora/data/raw/torgo/M/M02/Session1/wav_headMic/0078.wav	2.220	0.225	0.1013	sip	Серп.	[]		nvidia/parakeet-tdt-0.6b-v3	cpu
torgo-M02-Session2-0106	M02	dysarthric	/Users/animesh/Animesh/Project 2.0/echora/data/raw/torgo/M/M02/Session2/wav_headMic/0106.wav	2.220	0.225	0.1013	pretty	Okay.	[]		nvidia/parakeet-tdt-0.6b-v3	cpu
torgo-M02-Session2-0147	M02	dysarthric	/Users/animesh/Animesh/Project 2.0/echora/data/raw/torgo/M/M02/Session2/wav_headMic/0147.wav	2.220	0.225	0.1013	him	Hmm.	[]		nvidia/parakeet-tdt-0.6b-v3	cpu
torgo-M03-Session2-0070	M03	dysarthric	/Users/animesh/Animesh/Project 2.0/echora/data/raw/torgo/M/M03/Session2/wav_headMic/0070.wav	2.220	0.225	0.1013	one	One	[]		nvidia/parakeet-tdt-0.6b-v3	cpu
torgo-M03-Session2-0204	M03	dysarthric	/Users/animesh/Animesh/Project 2.0/echora/data/raw/torgo/M/M03/Session2/wav_headMic/0204.wav	2.220	0.225	0.1013	bear	Yeah.	[]		nvidia/parakeet-tdt-0.6b-v3	cpu
torgo-M04-Session2-0056	M04	dysarthric	/Users/animesh/Animesh/Project 2.0/echora/data/raw/torgo/M/M04/Session2/wav_headMic/0056.wav	2.220	0.223	0.1005	sip	Slip.	[]		nvidia/parakeet-tdt-0.6b-v3	cpu
torgo-M01-Session2_3-0089	M01	dysarthric	/Users/animesh/Animesh/Project 2.0/echora/data/raw/torgo/M/M01/Session2_3/wav_headMic/0089.wav	2.223	0.223	0.1003	floor	Fill	[]		nvidia/parakeet-tdt-0.6b-v3	cpu
torgo-M01-Session2_3-0281	M01	dysarthric	/Users/animesh/Animesh/Project 2.0/echora/data/raw/torgo/M/M01/Session2_3/wav_headMic/0281.wav	2.224	0.223	0.1003	pit	Pitt.	[]		nvidia/parakeet-tdt-0.6b-v3	cpu
torgo-M01-Session2_3-0286	M01	dysarthric	/Users/animesh/Animesh/Project 2.0/echora/data/raw/torgo/M/M01/Session2_3/wav_headMic/0286.wav	2.224	0.223	0.1003	brought	Брайт.	[]		nvidia/parakeet-tdt-0.6b-v3	cpu
torgo-M01-Session2_3-0287	M01	dysarthric	/Users/animesh/Animesh/Project 2.0/echora/data/raw/torgo/M/M01/Session2_3/wav_headMic/0287.wav	2.224	0.223	0.1003	ticker	Дика.	[]		nvidia/parakeet-tdt-0.6b-v3	cpu
torgo-F04-Session2-0038	F04	dysarthric	/Users/animesh/Animesh/Project 2.0/echora/data/raw/torgo/F/F04/Session2/wav_headMic/0038.wav	2.225	0.223	0.1002	peer	Пир.	[]		nvidia/parakeet-tdt-0.6b-v3	cpu
torgo-M03-Session2-0171	M03	dysarthric	/Users/animesh/Animesh/Project 2.0/echora/data/raw/torgo/M/M03/Session2/wav_headMic/0171.wav	2.225	0.223	0.1002	mut	Mutt	[]		nvidia/parakeet-tdt-0.6b-v3	cpu
torgo-M02-Session1-0051	M02	dysarthric	/Users/animesh/Animesh/Project 2.0/echora/data/raw/torgo/M/M02/Session1/wav_headMic/0051.wav	2.227	0.223	0.1001	bat	Bath.	[]		nvidia/parakeet-tdt-0.6b-v3	cpu
torgo-F04-Session2-0199	F04	dysarthric	/Users/animesh/Animesh/Project 2.0/echora/data/raw/torgo/F/F04/Session2/wav_headMic/0199.wav	2.230	0.255	0.1144	harp	Harp.	[]		nvidia/parakeet-tdt-0.6b-v3	cpu
torgo-F04-Session2-0226	F04	dysarthric	/Users/animesh/Animesh/Project 2.0/echora/data/raw/torgo/F/F04/Session2/wav_headMic/0226.wav	2.230	0.255	0.1144	slicker	Slicker.	[]		nvidia/parakeet-tdt-0.6b-v3	cpu
torgo-M03-Session2-0080	M03	dysarthric	/Users/animesh/Animesh/Project 2.0/echora/data/raw/torgo/M/M03/Session2/wav_headMic/0080.wav	2.230	0.255	0.1144	swore	Swore.	[]		nvidia/parakeet-tdt-0.6b-v3	cpu
torgo-M03-Session2-0136	M03	dysarthric	/Users/animesh/Animesh/Project 2.0/echora/data/raw/torgo/M/M03/Session2/wav_headMic/0136.wav	2.230	0.255	0.1144	sleep	Слип.	[]		nvidia/parakeet-tdt-0.6b-v3	cpu
torgo-M03-Session2-0330	M03	dysarthric	/Users/animesh/Animesh/Project 2.0/echora/data/raw/torgo/M/M03/Session2/wav_headMic/0330.wav	2.230	0.255	0.1144	hat	Hot.	[]		nvidia/parakeet-tdt-0.6b-v3	cpu
torgo-M04-Session2-0252	M04	dysarthric	/Users/animesh/Animesh/Project 2.0/echora/data/raw/torgo/M/M04/Session2/wav_headMic/0252.wav	2.230	0.255	0.1144	dot	Дад.	[]		nvidia/parakeet-tdt-0.6b-v3	cpu
torgo-M05-Session2-0308	M05	dysarthric	/Users/animesh/Animesh/Project 2.0/echora/data/raw/torgo/M/M05/Session2/wav_headMic/0308.wav	2.230	0.255	0.1144	rock		[]		nvidia/parakeet-tdt-0.6b-v3	cpu
torgo-M01-Session2_3-0015	M01	dysarthric	/Users/animesh/Animesh/Project 2.0/echora/data/raw/torgo/M/M01/Session2_3/wav_headMic/0015.wav	2.231	0.255	0.1143	swore	Уор.	[]		nvidia/parakeet-tdt-0.6b-v3	cpu
torgo-M01-Session2_3-0134	M01	dysarthric	/Users/animesh/Animesh/Project 2.0/echora/data/raw/torgo/M/M01/Session2_3/wav_headMic/0134.wav	2.231	0.260	0.1165	coupe	К	[]		nvidia/parakeet-tdt-0.6b-v3	cpu
torgo-F03-Session2-0053	F03	dysarthric	/Users/animesh/Animesh/Project 2.0/echora/data/raw/torgo/F/F03/Session2/wav_headMic/0053.wav	2.235	0.260	0.1163	four	Фор.	[]		nvidia/parakeet-tdt-0.6b-v3	cpu
torgo-F03-Session3-0019	F03	dysarthric	/Users/animesh/Animesh/Project 2.0/echora/data/raw/torgo/F/F03/Session3/wav_headMic/0019.wav	2.235	0.260	0.1163	muck	Мак.	[]		nvidia/parakeet-tdt-0.6b-v3	cpu
torgo-M03-Session2-0009	M03	dysarthric	/Users/animesh/Animesh/Project 2.0/echora/data/raw/torgo/M/M03/Session2/wav_headMic/0009.wav	2.235	0.260	0.1163	ship	Ship.	[]		nvidia/parakeet-tdt-0.6b-v3	cpu
torgo-M03-Session2-0077	M03	dysarthric	/Users/animesh/Animesh/Project 2.0/echora/data/raw/torgo/M/M03/Session2/wav_headMic/0077.wav	2.235	0.260	0.1163	trace	Trace.	[]		nvidia/parakeet-tdt-0.6b-v3	cpu
torgo-M03-Session2-0235	M03	dysarthric	/Users/animesh/Animesh/Project 2.0/echora/data/raw/torgo/M/M03/Session2/wav_headMic/0235.wav	2.235	0.260	0.1163	boot	Boot.	[]		nvidia/parakeet-tdt-0.6b-v3	cpu
torgo-F03-Session3-0024	F03	dysarthric	/Users/animesh/Animesh/Project 2.0/echora/data/raw/torgo/F/F03/Session3/wav_headMic/0024.wav	2.235	0.260	0.1163	chip	Sure.	[]		nvidia/parakeet-tdt-0.6b-v3	cpu
torgo-M01-Session2_3-0189	M01	dysarthric	/Users/animesh/Animesh/Project 2.0/echora/data/raw/torgo/M/M01/Session2_3/wav_headMic/0189.wav	2.236	0.260	0.1163	quebec	Go back.	[]		nvidia/parakeet-tdt-0.6b-v3	cpu
torgo-M02-Session1-0212	M02	dysarthric	/Users/animesh/Animesh/Project 2.0/echora/data/raw/torgo/M/M02/Session1/wav_headMic/0212.wav	2.238	0.230	0.1030	four	Цоа.	[]		nvidia/parakeet-tdt-0.6b-v3	cpu
torgo-M02-Session1-0065	M02	dysarthric	/Users/animesh/Animesh/Project 2.0/echora/data/raw/torgo/M/M02/Session1/wav_headMic/0065.wav	2.239	0.230	0.1029	no	Não.	[]		nvidia/parakeet-tdt-0.6b-v3	cpu
torgo-M02-Session1-0074	M02	dysarthric	/Users/animesh/Animesh/Project 2.0/echora/data/raw/torgo/M/M02/Session1/wav_headMic/0074.wav	2.239	0.230	0.1029	beat	Brilliant.	[]		nvidia/parakeet-tdt-0.6b-v3	cpu
torgo-M05-Session1-0047	M05	dysarthric	/Users/animesh/Animesh/Project 2.0/echora/data/raw/torgo/M/M05/Session1/wav_headMic/0047.wav	2.240	0.230	0.1028	warm	Woom	[]		nvidia/parakeet-tdt-0.6b-v3	cpu
torgo-F04-Session2-0168	F04	dysarthric	/Users/animesh/Animesh/Project 2.0/echora/data/raw/torgo/F/F04/Session2/wav_headMic/0168.wav	2.245	0.230	0.1026	mike	Mike.	[]		nvidia/parakeet-tdt-0.6b-v3	cpu
torgo-M03-Session2-0251	M03	dysarthric	/Users/animesh/Animesh/Project 2.0/echora/data/raw/torgo/M/M03/Session2/wav_headMic/0251.wav	2.245	0.230	0.1026	droop	Труп.	[]		nvidia/parakeet-tdt-0.6b-v3	cpu
torgo-M04-Session2-0043	M04	dysarthric	/Users/animesh/Animesh/Project 2.0/echora/data/raw/torgo/M/M04/Session2/wav_headMic/0043.wav	2.245	0.230	0.1026	meat	Мить.	[]		nvidia/parakeet-tdt-0.6b-v3	cpu
torgo-M05-Session2-0173	M05	dysarthric	/Users/animesh/Animesh/Project 2.0/echora/data/raw/torgo/M/M05/Session2/wav_headMic/0173.wav	2.245	0.230	0.1026	at	Uh	[]		nvidia/parakeet-tdt-0.6b-v3	cpu
torgo-M05-Session2-0375	M05	dysarthric	/Users/animesh/Animesh/Project 2.0/echora/data/raw/torgo/M/M05/Session2/wav_headMic/0375.wav	2.245	0.235	0.1047	no	No.	[]		nvidia/parakeet-tdt-0.6b-v3	cpu
torgo-M03-Session2-0016	M03	dysarthric	/Users/animesh/Animesh/Project 2.0/echora/data/raw/torgo/M/M03/Session2/wav_headMic/0016.wav	2.250	0.235	0.1045	alpha	Alpha.	[]		nvidia/parakeet-tdt-0.6b-v3	cpu
torgo-M03-Session2-0092	M03	dysarthric	/Users/animesh/Animesh/Project 2.0/echora/data/raw/torgo/M/M03/Session2/wav_headMic/0092.wav	2.250	0.235	0.1045	share	Share.	[]		nvidia/parakeet-tdt-0.6b-v3	cpu
torgo-M03-Session2-0139	M03	dysarthric	/Users/animesh/Animesh/Project 2.0/echora/data/raw/torgo/M/M03/Session2/wav_headMic/0139.wav	2.250	0.235	0.1045	no	No.	[]		nvidia/parakeet-tdt-0.6b-v3	cpu
torgo-M03-Session2-0402	M03	dysarthric	/Users/animesh/Animesh/Project 2.0/echora/data/raw/torgo/M/M03/Session2/wav_headMic/0402.wav	2.250	0.235	0.1045	right	Right.	[]		nvidia/parakeet-tdt-0.6b-v3	cpu
torgo-M03-Session2-0417	M03	dysarthric	/Users/animesh/Animesh/Project 2.0/echora/data/raw/torgo/M/M03/Session2/wav_headMic/0417.wav	2.250	0.235	0.1045	bread	Bread.	[]		nvidia/parakeet-tdt-0.6b-v3	cpu
torgo-M04-Session2-0122	M04	dysarthric	/Users/animesh/Animesh/Project 2.0/echora/data/raw/torgo/M/M04/Session2/wav_headMic/0122.wav	2.250	0.235	0.1045	bat	But	[]		nvidia/parakeet-tdt-0.6b-v3	cpu
torgo-M02-Session2-0110	M02	dysarthric	/Users/animesh/Animesh/Project 2.0/echora/data/raw/torgo/M/M02/Session2/wav_headMic/0110.wav	2.255	0.235	0.1042	lick	Лек.	[]		nvidia/parakeet-tdt-0.6b-v3	cpu
torgo-M03-Session2-0121	M03	dysarthric	/Users/animesh/Animesh/Project 2.0/echora/data/raw/torgo/M/M03/Session2/wav_headMic/0121.wav	2.255	0.230	0.1019	dot	Dot.	[]		nvidia/parakeet-tdt-0.6b-v3	cpu
torgo-M03-Session2-0228	M03	dysarthric	/Users/animesh/Animesh/Project 2.0/echora/data/raw/torgo/M/M03/Session2/wav_headMic/0228.wav	2.255	0.230	0.1019	jungle	Чанго.	[]		nvidia/parakeet-tdt-0.6b-v3	cpu
torgo-F03-Session2-0112	F03	dysarthric	/Users/animesh/Animesh/Project 2.0/echora/data/raw/torgo/F/F03/Session2/wav_headMic/0112.wav	2.255	0.230	0.1019	league	The	[]		nvidia/parakeet-tdt-0.6b-v3	cpu
torgo-F04-Session2-0164	F04	dysarthric	/Users/animesh/Animesh/Project 2.0/echora/data/raw/torgo/F/F04/Session2/wav_headMic/0164.wav	2.255	0.230	0.1019	echo	Echo.	[]		nvidia/parakeet-tdt-0.6b-v3	cpu
torgo-M01-Session2_3-0011	M01	dysarthric	/Users/animesh/Animesh/Project 2.0/echora/data/raw/torgo/M/M01/Session2_3/wav_headMic/0011.wav	2.258	0.230	0.1018	range	Рейндж.	[]		nvidia/parakeet-tdt-0.6b-v3	cpu
torgo-M03-Session2-0054	M03	dysarthric	/Users/animesh/Animesh/Project 2.0/echora/data/raw/torgo/M/M03/Session2/wav_headMic/0054.wav	2.260	0.230	0.1017	store		[]		nvidia/parakeet-tdt-0.6b-v3	cpu
torgo-M04-Session2-0137	M04	dysarthric	/Users/animesh/Animesh/Project 2.0/echora/data/raw/torgo/M/M04/Session2/wav_headMic/0137.wav	2.260	0.230	0.1017	back	Back.	[]		nvidia/parakeet-tdt-0.6b-v3	cpu
torgo-M05-Session1-0114	M05	dysarthric	/Users/animesh/Animesh/Project 2.0/echora/data/raw/torgo/M/M05/Session1/wav_headMic/0114.wav	2.260	0.230	0.1017	beat	Beat	[]		nvidia/parakeet-tdt-0.6b-v3	cpu
torgo-M03-Session2-0031	M03	dysarthric	/Users/animesh/Animesh/Project 2.0/echora/data/raw/torgo/M/M03/Session2/wav_headMic/0031.wav	2.265	0.324	0.1432	right	Right.	[]		nvidia/parakeet-tdt-0.6b-v3	cpu
torgo-M03-Session2-0146	M03	dysarthric	/Users/animesh/Animesh/Project 2.0/echora/data/raw/torgo/M/M03/Session2/wav_headMic/0146.wav	2.265	0.324	0.1432	gnaw	No.	[]		nvidia/parakeet-tdt-0.6b-v3	cpu
torgo-M03-Session2-0343	M03	dysarthric	/Users/animesh/Animesh/Project 2.0/echora/data/raw/torgo/M/M03/Session2/wav_headMic/0343.wav	2.265	0.324	0.1432	seeds	Seeds.	[]		nvidia/parakeet-tdt-0.6b-v3	cpu
torgo-M04-Session2-0107	M04	dysarthric	/Users/animesh/Animesh/Project 2.0/echora/data/raw/torgo/M/M04/Session2/wav_headMic/0107.wav	2.265	0.324	0.1432	raid	Wait.	[]		nvidia/parakeet-tdt-0.6b-v3	cpu
torgo-M04-Session2-0054	M04	dysarthric	/Users/animesh/Animesh/Project 2.0/echora/data/raw/torgo/M/M04/Session2/wav_headMic/0054.wav	2.265	0.324	0.1432	bit	Bit	[]		nvidia/parakeet-tdt-0.6b-v3	cpu
torgo-M02-Session1-0007	M02	dysarthric	/Users/animesh/Animesh/Project 2.0/echora/data/raw/torgo/M/M02/Session1/wav_headMic/0007.wav	2.266	0.324	0.1432	feed	Фит.	[]		nvidia/parakeet-tdt-0.6b-v3	cpu
torgo-F04-Session2-0043	F04	dysarthric	/Users/animesh/Animesh/Project 2.0/echora/data/raw/torgo/F/F04/Session2/wav_headMic/0043.wav	2.270	0.324	0.1429	tie	Why?	[]		nvidia/parakeet-tdt-0.6b-v3	cpu
torgo-M03-Session2-0319	M03	dysarthric	/Users/animesh/Animesh/Project 2.0/echora/data/raw/torgo/M/M03/Session2/wav_headMic/0319.wav	2.270	0.324	0.1429	leak	Лик.	[]		nvidia/parakeet-tdt-0.6b-v3	cpu
torgo-M01-Session2_3-0272	M01	dysarthric	/Users/animesh/Animesh/Project 2.0/echora/data/raw/torgo/M/M01/Session2_3/wav_headMic/0272.wav	2.272	0.248	0.1094	hitting	Я дым.	[]		nvidia/parakeet-tdt-0.6b-v3	cpu
torgo-M02-Session1-0148	M02	dysarthric	/Users/animesh/Animesh/Project 2.0/echora/data/raw/torgo/M/M02/Session1/wav_headMic/0148.wav	2.273	0.248	0.1093	shout	Шаут.	[]		nvidia/parakeet-tdt-0.6b-v3	cpu
torgo-M01-Session2_3-0212	M01	dysarthric	/Users/animesh/Animesh/Project 2.0/echora/data/raw/torgo/M/M01/Session2_3/wav_headMic/0212.wav	2.275	0.248	0.1092	foxtrot	Подро.	[]		nvidia/parakeet-tdt-0.6b-v3	cpu
torgo-M02-Session2-0169	M02	dysarthric	/Users/animesh/Animesh/Project 2.0/echora/data/raw/torgo/M/M02/Session2/wav_headMic/0169.wav	2.275	0.248	0.1092	spit	Back.	[]		nvidia/parakeet-tdt-0.6b-v3	cpu
torgo-M03-Session2-0079	M03	dysarthric	/Users/animesh/Animesh/Project 2.0/echora/data/raw/torgo/M/M03/Session2/wav_headMic/0079.wav	2.275	0.248	0.1092	read	Read.	[]		nvidia/parakeet-tdt-0.6b-v3	cpu
torgo-M03-Session2-0175	M03	dysarthric	/Users/animesh/Animesh/Project 2.0/echora/data/raw/torgo/M/M03/Session2/wav_headMic/0175.wav	2.275	0.248	0.1092	suit	Suit.	[]		nvidia/parakeet-tdt-0.6b-v3	cpu
torgo-M03-Session2-0212	M03	dysarthric	/Users/animesh/Animesh/Project 2.0/echora/data/raw/torgo/M/M03/Session2/wav_headMic/0212.wav	2.275	0.248	0.1092	group	Круп.	[]		nvidia/parakeet-tdt-0.6b-v3	cpu
torgo-M03-Session2-0370	M03	dysarthric	/Users/animesh/Animesh/Project 2.0/echora/data/raw/torgo/M/M03/Session2/wav_headMic/0370.wav	2.275	0.248	0.1092	much	Much.	[]		nvidia/parakeet-tdt-0.6b-v3	cpu
torgo-M02-Session1-0090	M02	dysarthric	/Users/animesh/Animesh/Project 2.0/echora/data/raw/torgo/M/M02/Session1/wav_headMic/0090.wav	2.278	0.246	0.1082	warm	Well	[]		nvidia/parakeet-tdt-0.6b-v3	cpu
torgo-M02-Session2-0201	M02	dysarthric	/Users/animesh/Animesh/Project 2.0/echora/data/raw/torgo/M/M02/Session2/wav_headMic/0201.wav	2.280	0.246	0.1081	pit	Back.	[]		nvidia/parakeet-tdt-0.6b-v3	cpu
torgo-M03-Session2-0298	M03	dysarthric	/Users/animesh/Animesh/Project 2.0/echora/data/raw/torgo/M/M03/Session2/wav_headMic/0298.wav	2.280	0.246	0.1081	oscar	Oscar	[]		nvidia/parakeet-tdt-0.6b-v3	cpu
torgo-M03-Session2-0382	M03	dysarthric	/Users/animesh/Animesh/Project 2.0/echora/data/raw/torgo/M/M03/Session2/wav_headMic/0382.wav	2.280	0.246	0.1081	hitting	Hitting	[]		nvidia/parakeet-tdt-0.6b-v3	cpu
torgo-M05-Session1-0079	M05	dysarthric	/Users/animesh/Animesh/Project 2.0/echora/data/raw/torgo/M/M05/Session1/wav_headMic/0079.wav	2.280	0.246	0.1081	beat	Бить.	[]		nvidia/parakeet-tdt-0.6b-v3	cpu
torgo-M05-Session2-0136	M05	dysarthric	/Users/animesh/Animesh/Project 2.0/echora/data/raw/torgo/M/M05/Session2/wav_headMic/0136.wav	2.280	0.246	0.1081	loop	You	[]		nvidia/parakeet-tdt-0.6b-v3	cpu
torgo-F03-Session3-0103	F03	dysarthric	/Users/animesh/Animesh/Project 2.0/echora/data/raw/torgo/F/F03/Session3/wav_headMic/0103.wav	2.285	0.246	0.1079	dice	Тайс.	[]		nvidia/parakeet-tdt-0.6b-v3	cpu
torgo-F03-Session3-0121	F03	dysarthric	/Users/animesh/Animesh/Project 2.0/echora/data/raw/torgo/F/F03/Session3/wav_headMic/0121.wav	2.285	0.246	0.1079	The pair of shoes was new.	The pair of shields was new	[]		nvidia/parakeet-tdt-0.6b-v3	cpu
torgo-M03-Session2-0088	M03	dysarthric	/Users/animesh/Animesh/Project 2.0/echora/data/raw/torgo/M/M03/Session2/wav_headMic/0088.wav	2.285	0.239	0.1047	car	Right.	[]		nvidia/parakeet-tdt-0.6b-v3	cpu
torgo-M04-Session2-0112	M04	dysarthric	/Users/animesh/Animesh/Project 2.0/echora/data/raw/torgo/M/M04/Session2/wav_headMic/0112.wav	2.285	0.239	0.1047	beat	Бить.	[]		nvidia/parakeet-tdt-0.6b-v3	cpu
torgo-M02-Session1-0170	M02	dysarthric	/Users/animesh/Animesh/Project 2.0/echora/data/raw/torgo/M/M02/Session1/wav_headMic/0170.wav	2.288	0.239	0.1045	pay	Pay.	[]		nvidia/parakeet-tdt-0.6b-v3	cpu
torgo-M02-Session1-0189	M02	dysarthric	/Users/animesh/Animesh/Project 2.0/echora/data/raw/torgo/M/M02/Session1/wav_headMic/0189.wav	2.288	0.239	0.1045	light	Like	[]		nvidia/parakeet-tdt-0.6b-v3	cpu
torgo-M02-Session1-0204	M02	dysarthric	/Users/animesh/Animesh/Project 2.0/echora/data/raw/torgo/M/M02/Session1/wav_headMic/0204.wav	2.288	0.239	0.1045	urgent	Эджин.	[]		nvidia/parakeet-tdt-0.6b-v3	cpu
torgo-M02-Session2-0102	M02	dysarthric	/Users/animesh/Animesh/Project 2.0/echora/data/raw/torgo/M/M02/Session2/wav_headMic/0102.wav	2.290	0.239	0.1044	sell	What? Oh.	[]		nvidia/parakeet-tdt-0.6b-v3	cpu
torgo-M03-Session2-0035	M03	dysarthric	/Users/animesh/Animesh/Project 2.0/echora/data/raw/torgo/M/M03/Session2/wav_headMic/0035.wav	2.290	0.239	0.1044	trouble	Trouble.	[]		nvidia/parakeet-tdt-0.6b-v3	cpu
torgo-M04-Session2-0035	M04	dysarthric	/Users/animesh/Animesh/Project 2.0/echora/data/raw/torgo/M/M04/Session2/wav_headMic/0035.wav	2.290	0.239	0.1044	sip	Flip.	[]		nvidia/parakeet-tdt-0.6b-v3	cpu
torgo-M05-Session1-0030	M05	dysarthric	/Users/animesh/Animesh/Project 2.0/echora/data/raw/torgo/M/M05/Session1/wav_headMic/0030.wav	2.290	0.217	0.0949	slip	Ship.	[]		nvidia/parakeet-tdt-0.6b-v3	cpu
torgo-F04-Session2-0231	F04	dysarthric	/Users/animesh/Animesh/Project 2.0/echora/data/raw/torgo/F/F04/Session2/wav_headMic/0231.wav	2.295	0.217	0.0947	sip	Сып.	[]		nvidia/parakeet-tdt-0.6b-v3	cpu
torgo-M03-Session2-0131	M03	dysarthric	/Users/animesh/Animesh/Project 2.0/echora/data/raw/torgo/M/M03/Session2/wav_headMic/0131.wav	2.295	0.217	0.0947	error	Error.	[]		nvidia/parakeet-tdt-0.6b-v3	cpu
torgo-M03-Session2-0159	M03	dysarthric	/Users/animesh/Animesh/Project 2.0/echora/data/raw/torgo/M/M03/Session2/wav_headMic/0159.wav	2.295	0.217	0.0947	charlie	Charlie.	[]		nvidia/parakeet-tdt-0.6b-v3	cpu
torgo-M04-Session2-0210	M04	dysarthric	/Users/animesh/Animesh/Project 2.0/echora/data/raw/torgo/M/M04/Session2/wav_headMic/0210.wav	2.295	0.217	0.0947	knew	No.	[]		nvidia/parakeet-tdt-0.6b-v3	cpu
torgo-M05-Session1-0039	M05	dysarthric	/Users/animesh/Animesh/Project 2.0/echora/data/raw/torgo/M/M05/Session1/wav_headMic/0039.wav	2.295	0.217	0.0947	tip	Yep.	[]		nvidia/parakeet-tdt-0.6b-v3	cpu
torgo-M05-Session2-0061	M05	dysarthric	/Users/animesh/Animesh/Project 2.0/echora/data/raw/torgo/M/M05/Session2/wav_headMic/0061.wav	2.295	0.217	0.0947	bat	But	[]		nvidia/parakeet-tdt-0.6b-v3	cpu
torgo-M05-Session2-0226	M05	dysarthric	/Users/animesh/Animesh/Project 2.0/echora/data/raw/torgo/M/M05/Session2/wav_headMic/0226.wav	2.295	0.217	0.0947	eight		[]		nvidia/parakeet-tdt-0.6b-v3	cpu
torgo-M02-Session1-0213	M02	dysarthric	/Users/animesh/Animesh/Project 2.0/echora/data/raw/torgo/M/M02/Session1/wav_headMic/0213.wav	2.296	0.224	0.0977	peer	Here.	[]		nvidia/parakeet-tdt-0.6b-v3	cpu
torgo-M02-Session1-0054	M02	dysarthric	/Users/animesh/Animesh/Project 2.0/echora/data/raw/torgo/M/M02/Session1/wav_headMic/0054.wav	2.296	0.224	0.0977	trait	Трейд.	[]		nvidia/parakeet-tdt-0.6b-v3	cpu
torgo-M02-Session1-0083	M02	dysarthric	/Users/animesh/Animesh/Project 2.0/echora/data/raw/torgo/M/M02/Session1/wav_headMic/0083.wav	2.297	0.224	0.0977	double	Дабо.	[]		nvidia/parakeet-tdt-0.6b-v3	cpu
torgo-F04-Session2-0185	F04	dysarthric	/Users/animesh/Animesh/Project 2.0/echora/data/raw/torgo/F/F04/Session2/wav_headMic/0185.wav	2.300	0.224	0.0975	spain	Spain.	[]		nvidia/parakeet-tdt-0.6b-v3	cpu
torgo-M03-Session2-0078	M03	dysarthric	/Users/animesh/Animesh/Project 2.0/echora/data/raw/torgo/M/M03/Session2/wav_headMic/0078.wav	2.300	0.224	0.0975	swarm	Swarm.	[]		nvidia/parakeet-tdt-0.6b-v3	cpu
torgo-M04-Session2-0013	M04	dysarthric	/Users/animesh/Animesh/Project 2.0/echora/data/raw/torgo/M/M04/Session2/wav_headMic/0013.wav	2.300	0.224	0.0975	form	Фон.	[]		nvidia/parakeet-tdt-0.6b-v3	cpu
torgo-M02-Session2-0142	M02	dysarthric	/Users/animesh/Animesh/Project 2.0/echora/data/raw/torgo/M/M02/Session2/wav_headMic/0142.wav	2.305	0.224	0.0973	pit	Yeah.	[]		nvidia/parakeet-tdt-0.6b-v3	cpu
torgo-M03-Session2-0046	M03	dysarthric	/Users/animesh/Animesh/Project 2.0/echora/data/raw/torgo/M/M03/Session2/wav_headMic/0046.wav	2.305	0.224	0.0973	grow	Grow.	[]		nvidia/parakeet-tdt-0.6b-v3	cpu
torgo-F03-Session3-0015	F03	dysarthric	/Users/animesh/Animesh/Project 2.0/echora/data/raw/torgo/F/F03/Session3/wav_headMic/0015.wav	2.310	0.218	0.0943	blend	Blend.	[]		nvidia/parakeet-tdt-0.6b-v3	cpu
torgo-F04-Session2-0010	F04	dysarthric	/Users/animesh/Animesh/Project 2.0/echora/data/raw/torgo/F/F04/Session2/wav_headMic/0010.wav	2.310	0.218	0.0943	shear	Sheer.	[]		nvidia/parakeet-tdt-0.6b-v3	cpu
torgo-M03-Session2-0157	M03	dysarthric	/Users/animesh/Animesh/Project 2.0/echora/data/raw/torgo/M/M03/Session2/wav_headMic/0157.wav	2.310	0.218	0.0943	slip	Slip.	[]		nvidia/parakeet-tdt-0.6b-v3	cpu
torgo-M03-Session2-0349	M03	dysarthric	/Users/animesh/Animesh/Project 2.0/echora/data/raw/torgo/M/M03/Session2/wav_headMic/0349.wav	2.310	0.218	0.0943	lima	Lima.	[]		nvidia/parakeet-tdt-0.6b-v3	cpu
torgo-M03-Session2-0392	M03	dysarthric	/Users/animesh/Animesh/Project 2.0/echora/data/raw/torgo/M/M03/Session2/wav_headMic/0392.wav	2.310	0.218	0.0943	sink	Sink.	[]		nvidia/parakeet-tdt-0.6b-v3	cpu
torgo-M05-Session2-0059	M05	dysarthric	/Users/animesh/Animesh/Project 2.0/echora/data/raw/torgo/M/M05/Session2/wav_headMic/0059.wav	2.310	0.218	0.0943	pot	But	[]		nvidia/parakeet-tdt-0.6b-v3	cpu
torgo-M05-Session2-0083	M05	dysarthric	/Users/animesh/Animesh/Project 2.0/echora/data/raw/torgo/M/M05/Session2/wav_headMic/0083.wav	2.310	0.218	0.0943	toot	Do it.	[]		nvidia/parakeet-tdt-0.6b-v3	cpu
torgo-M01-Session2_3-0010	M01	dysarthric	/Users/animesh/Animesh/Project 2.0/echora/data/raw/torgo/M/M01/Session2_3/wav_headMic/0010.wav	2.311	0.218	0.0943	sheet		[]		nvidia/parakeet-tdt-0.6b-v3	cpu
torgo-M01-Session2_3-0058	M01	dysarthric	/Users/animesh/Animesh/Project 2.0/echora/data/raw/torgo/M/M01/Session2_3/wav_headMic/0058.wav	2.312	0.225	0.0972	witch	Уильт.	[]		nvidia/parakeet-tdt-0.6b-v3	cpu
torgo-M01-Session2_3-0031	M01	dysarthric	/Users/animesh/Animesh/Project 2.0/echora/data/raw/torgo/M/M01/Session2_3/wav_headMic/0031.wav	2.312	0.225	0.0972	fate	Fate.	[]		nvidia/parakeet-tdt-0.6b-v3	cpu
torgo-M02-Session1-0175	M02	dysarthric	/Users/animesh/Animesh/Project 2.0/echora/data/raw/torgo/M/M02/Session1/wav_headMic/0175.wav	2.314	0.225	0.0971	write	Right.	[]		nvidia/parakeet-tdt-0.6b-v3	cpu
torgo-M03-Session2-0104	M03	dysarthric	/Users/animesh/Animesh/Project 2.0/echora/data/raw/torgo/M/M03/Session2/wav_headMic/0104.wav	2.315	0.225	0.0971	for	Four.	[]		nvidia/parakeet-tdt-0.6b-v3	cpu
torgo-M03-Session2-0310	M03	dysarthric	/Users/animesh/Animesh/Project 2.0/echora/data/raw/torgo/M/M03/Session2/wav_headMic/0310.wav	2.315	0.225	0.0971	fitting	Fitting.	[]		nvidia/parakeet-tdt-0.6b-v3	cpu
torgo-M03-Session2-0321	M03	dysarthric	/Users/animesh/Animesh/Project 2.0/echora/data/raw/torgo/M/M03/Session2/wav_headMic/0321.wav	2.315	0.225	0.0971	rich	Rich.	[]		nvidia/parakeet-tdt-0.6b-v3	cpu
torgo-M03-Session2-0360	M03	dysarthric	/Users/animesh/Animesh/Project 2.0/echora/data/raw/torgo/M/M03/Session2/wav_headMic/0360.wav	2.315	0.225	0.0971	bloat	Bloat.	[]		nvidia/parakeet-tdt-0.6b-v3	cpu
torgo-M05-Session2-0268	M05	dysarthric	/Users/animesh/Animesh/Project 2.0/echora/data/raw/torgo/M/M05/Session2/wav_headMic/0268.wav	2.315	0.225	0.0971	pit	It's a good thing.	[]		nvidia/parakeet-tdt-0.6b-v3	cpu
torgo-M05-Session2-0362	M05	dysarthric	/Users/animesh/Animesh/Project 2.0/echora/data/raw/torgo/M/M05/Session2/wav_headMic/0362.wav	2.315	0.221	0.0954	sell	Well	[]		nvidia/parakeet-tdt-0.6b-v3	cpu
torgo-F03-Session2-0036	F03	dysarthric	/Users/animesh/Animesh/Project 2.0/echora/data/raw/torgo/F/F03/Session2/wav_headMic/0036.wav	2.320	0.221	0.0952	thigh	Тай.	[]		nvidia/parakeet-tdt-0.6b-v3	cpu
torgo-F03-Session3-0013	F03	dysarthric	/Users/animesh/Animesh/Project 2.0/echora/data/raw/torgo/F/F03/Session3/wav_headMic/0013.wav	2.320	0.221	0.0952	geese	Okay.	[]		nvidia/parakeet-tdt-0.6b-v3	cpu
torgo-M03-Session2-0140	M03	dysarthric	/Users/animesh/Animesh/Project 2.0/echora/data/raw/torgo/M/M03/Session2/wav_headMic/0140.wav	2.320	0.221	0.0952	of		[]		nvidia/parakeet-tdt-0.6b-v3	cpu
torgo-M03-Session2-0336	M03	dysarthric	/Users/animesh/Animesh/Project 2.0/echora/data/raw/torgo/M/M03/Session2/wav_headMic/0336.wav	2.320	0.221	0.0952	spain	Spain.	[]		nvidia/parakeet-tdt-0.6b-v3	cpu
torgo-M04-Session2-0063	M04	dysarthric	/Users/animesh/Animesh/Project 2.0/echora/data/raw/torgo/M/M04/Session2/wav_headMic/0063.wav	2.320	0.221	0.0952	for	Four.	[]		nvidia/parakeet-tdt-0.6b-v3	cpu
torgo-F03-Session3-0026	F03	dysarthric	/Users/animesh/Animesh/Project 2.0/echora/data/raw/torgo/F/F03/Session3/wav_headMic/0026.wav	2.320	0.221	0.0952	meat	Мит.	[]		nvidia/parakeet-tdt-0.6b-v3	cpu
torgo-F04-Session2-0092	F04	dysarthric	/Users/animesh/Animesh/Project 2.0/echora/data/raw/torgo/F/F04/Session2/wav_headMic/0092.wav	2.325	0.221	0.0950	fat	That's	[]		nvidia/parakeet-tdt-0.6b-v3	cpu
torgo-M03-Session2-0126	M03	dysarthric	/Users/animesh/Animesh/Project 2.0/echora/data/raw/torgo/M/M03/Session2/wav_headMic/0126.wav	2.325	0.211	0.0906	pad	Pad	[]		nvidia/parakeet-tdt-0.6b-v3	cpu
torgo-M03-Session2-0149	M03	dysarthric	/Users/animesh/Animesh/Project 2.0/echora/data/raw/torgo/M/M03/Session2/wav_headMic/0149.wav	2.325	0.211	0.0906	hear	Here.	[]		nvidia/parakeet-tdt-0.6b-v3	cpu
torgo-M03-Session2-0176	M03	dysarthric	/Users/animesh/Animesh/Project 2.0/echora/data/raw/torgo/M/M03/Session2/wav_headMic/0176.wav	2.325	0.211	0.0906	tear		[]		nvidia/parakeet-tdt-0.6b-v3	cpu
torgo-M03-Session2-0229	M03	dysarthric	/Users/animesh/Animesh/Project 2.0/echora/data/raw/torgo/M/M03/Session2/wav_headMic/0229.wav	2.325	0.211	0.0906	jungle	Чонгл.	[]		nvidia/parakeet-tdt-0.6b-v3	cpu
torgo-M03-Session2-0288	M03	dysarthric	/Users/animesh/Animesh/Project 2.0/echora/data/raw/torgo/M/M03/Session2/wav_headMic/0288.wav	2.325	0.211	0.0906	pit	Pit.	[]		nvidia/parakeet-tdt-0.6b-v3	cpu
torgo-M03-Session2-0407	M03	dysarthric	/Users/animesh/Animesh/Project 2.0/echora/data/raw/torgo/M/M03/Session2/wav_headMic/0407.wav	2.325	0.211	0.0906	said	Said	[]		nvidia/parakeet-tdt-0.6b-v3	cpu
torgo-M05-Session1-0080	M05	dysarthric	/Users/animesh/Animesh/Project 2.0/echora/data/raw/torgo/M/M05/Session1/wav_headMic/0080.wav	2.325	0.211	0.0906	for	For	[]		nvidia/parakeet-tdt-0.6b-v3	cpu
torgo-M02-Session1-0110	M02	dysarthric	/Users/animesh/Animesh/Project 2.0/echora/data/raw/torgo/M/M02/Session1/wav_headMic/0110.wav	2.329	0.211	0.0904	for	Four	[]		nvidia/parakeet-tdt-0.6b-v3	cpu
torgo-M03-Session2-0127	M03	dysarthric	/Users/animesh/Animesh/Project 2.0/echora/data/raw/torgo/M/M03/Session2/wav_headMic/0127.wav	2.330	0.215	0.0921	urgent	Urgent.	[]		nvidia/parakeet-tdt-0.6b-v3	cpu
torgo-M03-Session2-0289	M03	dysarthric	/Users/animesh/Animesh/Project 2.0/echora/data/raw/torgo/M/M03/Session2/wav_headMic/0289.wav	2.330	0.215	0.0921	leak	Leak	[]		nvidia/parakeet-tdt-0.6b-v3	cpu
torgo-M05-Session2-0010	M05	dysarthric	/Users/animesh/Animesh/Project 2.0/echora/data/raw/torgo/M/M05/Session2/wav_headMic/0010.wav	2.330	0.215	0.0921	light	Right.	[]		nvidia/parakeet-tdt-0.6b-v3	cpu
torgo-F04-Session2-0070	F04	dysarthric	/Users/animesh/Animesh/Project 2.0/echora/data/raw/torgo/F/F04/Session2/wav_headMic/0070.wav	2.335	0.215	0.0920	witch	Which	[]		nvidia/parakeet-tdt-0.6b-v3	cpu
torgo-F04-Session2-0142	F04	dysarthric	/Users/animesh/Animesh/Project 2.0/echora/data/raw/torgo/F/F04/Session2/wav_headMic/0142.wav	2.335	0.215	0.0920	lick	Ук.	[]		nvidia/parakeet-tdt-0.6b-v3	cpu
torgo-F04-Session2-0188	F04	dysarthric	/Users/animesh/Animesh/Project 2.0/echora/data/raw/torgo/F/F04/Session2/wav_headMic/0188.wav	2.335	0.215	0.0920	fat	But	[]		nvidia/parakeet-tdt-0.6b-v3	cpu
torgo-M04-Session2-0198	M04	dysarthric	/Users/animesh/Animesh/Project 2.0/echora/data/raw/torgo/M/M04/Session2/wav_headMic/0198.wav	2.335	0.215	0.0920	light	Light.	[]		nvidia/parakeet-tdt-0.6b-v3	cpu
torgo-M05-Session2-0378	M05	dysarthric	/Users/animesh/Animesh/Project 2.0/echora/data/raw/torgo/M/M05/Session2/wav_headMic/0378.wav	2.335	0.215	0.0920	knot		[]		nvidia/parakeet-tdt-0.6b-v3	cpu
torgo-M02-Session1-0239	M02	dysarthric	/Users/animesh/Animesh/Project 2.0/echora/data/raw/torgo/M/M02/Session1/wav_headMic/0239.wav	2.340	0.212	0.0906	deer	Тир.	[]		nvidia/parakeet-tdt-0.6b-v3	cpu
torgo-F04-Session2-0197	F04	dysarthric	/Users/animesh/Animesh/Project 2.0/echora/data/raw/torgo/F/F04/Session2/wav_headMic/0197.wav	2.340	0.212	0.0906	at	Alright.	[]		nvidia/parakeet-tdt-0.6b-v3	cpu
torgo-M03-Session2-0103	M03	dysarthric	/Users/animesh/Animesh/Project 2.0/echora/data/raw/torgo/M/M03/Session2/wav_headMic/0103.wav	2.340	0.212	0.0906	sip	Sip.	[]		nvidia/parakeet-tdt-0.6b-v3	cpu
torgo-M03-Session2-0269	M03	dysarthric	/Users/animesh/Animesh/Project 2.0/echora/data/raw/torgo/M/M03/Session2/wav_headMic/0269.wav	2.340	0.212	0.0906	brought	Brought	[]		nvidia/parakeet-tdt-0.6b-v3	cpu
torgo-M03-Session2-0403	M03	dysarthric	/Users/animesh/Animesh/Project 2.0/echora/data/raw/torgo/M/M03/Session2/wav_headMic/0403.wav	2.340	0.212	0.0906	sand	Sand.	[]		nvidia/parakeet-tdt-0.6b-v3	cpu
torgo-M05-Session2-0011	M05	dysarthric	/Users/animesh/Animesh/Project 2.0/echora/data/raw/torgo/M/M05/Session2/wav_headMic/0011.wav	2.340	0.212	0.0906	charlie	Чарди.	[]		nvidia/parakeet-tdt-0.6b-v3	cpu
torgo-M01-Session2_3-0270	M01	dysarthric	/Users/animesh/Animesh/Project 2.0/echora/data/raw/torgo/M/M01/Session2_3/wav_headMic/0270.wav	2.343	0.212	0.0905	sell	Shiao.	[]		nvidia/parakeet-tdt-0.6b-v3	cpu
torgo-M01-Session2_3-0279	M01	dysarthric	/Users/animesh/Animesh/Project 2.0/echora/data/raw/torgo/M/M01/Session2_3/wav_headMic/0279.wav	2.343	0.212	0.0905	league	E	[]		nvidia/parakeet-tdt-0.6b-v3	cpu
torgo-F03-Session3-0053	F03	dysarthric	/Users/animesh/Animesh/Project 2.0/echora/data/raw/torgo/F/F03/Session3/wav_headMic/0053.wav	2.345	0.211	0.0900	rise	Ральф.	[]		nvidia/parakeet-tdt-0.6b-v3	cpu
torgo-F04-Session2-0015	F04	dysarthric	/Users/animesh/Animesh/Project 2.0/echora/data/raw/torgo/F/F04/Session2/wav_headMic/0015.wav	2.345	0.211	0.0900	fear	Fear.	[]		nvidia/parakeet-tdt-0.6b-v3	cpu
torgo-M03-Session2-0011	M03	dysarthric	/Users/animesh/Animesh/Project 2.0/echora/data/raw/torgo/M/M03/Session2/wav_headMic/0011.wav	2.345	0.211	0.0900	tip	Tip.	[]		nvidia/parakeet-tdt-0.6b-v3	cpu
torgo-M03-Session2-0114	M03	dysarthric	/Users/animesh/Animesh/Project 2.0/echora/data/raw/torgo/M/M03/Session2/wav_headMic/0114.wav	2.345	0.211	0.0900	the	Ви	[]		nvidia/parakeet-tdt-0.6b-v3	cpu
torgo-M03-Session2-0238	M03	dysarthric	/Users/animesh/Animesh/Project 2.0/echora/data/raw/torgo/M/M03/Session2/wav_headMic/0238.wav	2.345	0.211	0.0900	thigh	Thigh.	[]		nvidia/parakeet-tdt-0.6b-v3	cpu
torgo-F03-Session3-0027	F03	dysarthric	/Users/animesh/Animesh/Project 2.0/echora/data/raw/torgo/F/F03/Session3/wav_headMic/0027.wav	2.350	0.211	0.0898	back	Rack.	[]		nvidia/parakeet-tdt-0.6b-v3	cpu
torgo-F04-Session2-0084	F04	dysarthric	/Users/animesh/Animesh/Project 2.0/echora/data/raw/torgo/F/F04/Session2/wav_headMic/0084.wav	2.350	0.211	0.0898	five	Five.	[]		nvidia/parakeet-tdt-0.6b-v3	cpu
torgo-F04-Session2-0098	F04	dysarthric	/Users/animesh/Animesh/Project 2.0/echora/data/raw/torgo/F/F04/Session2/wav_headMic/0098.wav	2.350	0.211	0.0898	mitten	Matten, Metten.	[]		nvidia/parakeet-tdt-0.6b-v3	cpu
torgo-F04-Session2-0167	F04	dysarthric	/Users/animesh/Animesh/Project 2.0/echora/data/raw/torgo/F/F04/Session2/wav_headMic/0167.wav	2.350	0.203	0.0863	quebec	Кобек.	[]		nvidia/parakeet-tdt-0.6b-v3	cpu
torgo-M03-Session2-0004	M03	dysarthric	/Users/animesh/Animesh/Project 2.0/echora/data/raw/torgo/M/M03/Session2/wav_headMic/0004.wav	2.350	0.203	0.0863	farm	Farm.	[]		nvidia/parakeet-tdt-0.6b-v3	cpu
torgo-M03-Session2-0007	M03	dysarthric	/Users/animesh/Animesh/Project 2.0/echora/data/raw/torgo/M/M03/Session2/wav_headMic/0007.wav	2.350	0.203	0.0863	race	Race	[]		nvidia/parakeet-tdt-0.6b-v3	cpu
torgo-M03-Session2-0025	M03	dysarthric	/Users/animesh/Animesh/Project 2.0/echora/data/raw/torgo/M/M03/Session2/wav_headMic/0025.wav	2.350	0.203	0.0863	no	No.	[]		nvidia/parakeet-tdt-0.6b-v3	cpu
torgo-M03-Session2-0072	M03	dysarthric	/Users/animesh/Animesh/Project 2.0/echora/data/raw/torgo/M/M03/Session2/wav_headMic/0072.wav	2.350	0.203	0.0863	dug	Даг.	[]		nvidia/parakeet-tdt-0.6b-v3	cpu
torgo-M03-Session2-0243	M03	dysarthric	/Users/animesh/Animesh/Project 2.0/echora/data/raw/torgo/M/M03/Session2/wav_headMic/0243.wav	2.350	0.203	0.0863	sigh	Sigh.	[]		nvidia/parakeet-tdt-0.6b-v3	cpu
torgo-M03-Session2-0345	M03	dysarthric	/Users/animesh/Animesh/Project 2.0/echora/data/raw/torgo/M/M03/Session2/wav_headMic/0345.wav	2.350	0.203	0.0863	written	Written.	[]		nvidia/parakeet-tdt-0.6b-v3	cpu
torgo-M03-Session2-0414	M03	dysarthric	/Users/animesh/Animesh/Project 2.0/echora/data/raw/torgo/M/M03/Session2/wav_headMic/0414.wav	2.350	0.203	0.0863	ham	Ham	[]		nvidia/parakeet-tdt-0.6b-v3	cpu
torgo-M04-Session2-0123	M04	dysarthric	/Users/animesh/Animesh/Project 2.0/echora/data/raw/torgo/M/M04/Session2/wav_headMic/0123.wav	2.350	0.221	0.0940	no	No.	[]		nvidia/parakeet-tdt-0.6b-v3	cpu
torgo-M02-Session1-0084	M02	dysarthric	/Users/animesh/Animesh/Project 2.0/echora/data/raw/torgo/M/M02/Session1/wav_headMic/0084.wav	2.355	0.221	0.0939	down	Там	[]		nvidia/parakeet-tdt-0.6b-v3	cpu
torgo-M03-Session2-0173	M03	dysarthric	/Users/animesh/Animesh/Project 2.0/echora/data/raw/torgo/M/M03/Session2/wav_headMic/0173.wav	2.355	0.221	0.0938	ate	Eight.	[]		nvidia/parakeet-tdt-0.6b-v3	cpu
torgo-M05-Session2-0033	M05	dysarthric	/Users/animesh/Animesh/Project 2.0/echora/data/raw/torgo/M/M05/Session2/wav_headMic/0033.wav	2.355	0.221	0.0938	shear	Phew.	[]		nvidia/parakeet-tdt-0.6b-v3	cpu
torgo-M02-Session1-0120	M02	dysarthric	/Users/animesh/Animesh/Project 2.0/echora/data/raw/torgo/M/M02/Session1/wav_headMic/0120.wav	2.357	0.221	0.0938	trade	Трейд.	[]		nvidia/parakeet-tdt-0.6b-v3	cpu
torgo-M02-Session1-0108	M02	dysarthric	/Users/animesh/Animesh/Project 2.0/echora/data/raw/torgo/M/M02/Session1/wav_headMic/0108.wav	2.357	0.221	0.0938	hair	Here	[]		nvidia/parakeet-tdt-0.6b-v3	cpu
torgo-M02-Session1-0109	M02	dysarthric	/Users/animesh/Animesh/Project 2.0/echora/data/raw/torgo/M/M02/Session1/wav_headMic/0109.wav	2.357	0.221	0.0938	bug	Так	[]		nvidia/parakeet-tdt-0.6b-v3	cpu
torgo-F04-Session2-0017	F04	dysarthric	/Users/animesh/Animesh/Project 2.0/echora/data/raw/torgo/F/F04/Session2/wav_headMic/0017.wav	2.360	0.221	0.0936	sprinkle	Pss sprinkle?	[]		nvidia/parakeet-tdt-0.6b-v3	cpu
torgo-M03-Session2-0215	M03	dysarthric	/Users/animesh/Animesh/Project 2.0/echora/data/raw/torgo/M/M03/Session2/wav_headMic/0215.wav	2.360	0.213	0.0901	air	Yeah.	[]		nvidia/parakeet-tdt-0.6b-v3	cpu
torgo-M03-Session2-0418	M03	dysarthric	/Users/animesh/Animesh/Project 2.0/echora/data/raw/torgo/M/M03/Session2/wav_headMic/0418.wav	2.360	0.213	0.0901	left	Left.	[]		nvidia/parakeet-tdt-0.6b-v3	cpu
torgo-M04-Session2-0177	M04	dysarthric	/Users/animesh/Animesh/Project 2.0/echora/data/raw/torgo/M/M04/Session2/wav_headMic/0177.wav	2.360	0.213	0.0901	root	Who?	[]		nvidia/parakeet-tdt-0.6b-v3	cpu
torgo-M05-Session2-0016	M05	dysarthric	/Users/animesh/Animesh/Project 2.0/echora/data/raw/torgo/M/M05/Session2/wav_headMic/0016.wav	2.360	0.213	0.0901	whoop	У	[]		nvidia/parakeet-tdt-0.6b-v3	cpu
torgo-M02-Session1-0228	M02	dysarthric	/Users/animesh/Animesh/Project 2.0/echora/data/raw/torgo/M/M02/Session1/wav_headMic/0228.wav	2.362	0.213	0.0900	know	No.	[]		nvidia/parakeet-tdt-0.6b-v3	cpu
torgo-M02-Session1-0181	M02	dysarthric	/Users/animesh/Animesh/Project 2.0/echora/data/raw/torgo/M/M02/Session1/wav_headMic/0181.wav	2.365	0.213	0.0899	bad		[]		nvidia/parakeet-tdt-0.6b-v3	cpu
torgo-M02-Session1-0163	M02	dysarthric	/Users/animesh/Animesh/Project 2.0/echora/data/raw/torgo/M/M02/Session1/wav_headMic/0163.wav	2.365	0.213	0.0899	we're	Where	[]		nvidia/parakeet-tdt-0.6b-v3	cpu
torgo-M04-Session2-0011	M04	dysarthric	/Users/animesh/Animesh/Project 2.0/echora/data/raw/torgo/M/M04/Session2/wav_headMic/0011.wav	2.365	0.213	0.0899	right	Right.	[]		nvidia/parakeet-tdt-0.6b-v3	cpu
torgo-F04-Session2-0045	F04	dysarthric	/Users/animesh/Animesh/Project 2.0/echora/data/raw/torgo/F/F04/Session2/wav_headMic/0045.wav	2.370	0.209	0.0881	sigh	Sai.	[]		nvidia/parakeet-tdt-0.6b-v3	cpu
torgo-M05-Session2-0020	M05	dysarthric	/Users/animesh/Animesh/Project 2.0/echora/data/raw/torgo/M/M05/Session2/wav_headMic/0020.wav	2.370	0.209	0.0881	no	Нову.	[]		nvidia/parakeet-tdt-0.6b-v3	cpu
torgo-M02-Session1-0079	M02	dysarthric	/Users/animesh/Animesh/Project 2.0/echora/data/raw/torgo/M/M02/Session1/wav_headMic/0079.wav	2.374	0.209	0.0880	stick	Стрех.	[]		nvidia/parakeet-tdt-0.6b-v3	cpu
torgo-M03-Session2-0010	M03	dysarthric	/Users/animesh/Animesh/Project 2.0/echora/data/raw/torgo/M/M03/Session2/wav_headMic/0010.wav	2.375	0.209	0.0879	air	Yeah.	[]		nvidia/parakeet-tdt-0.6b-v3	cpu
torgo-M03-Session2-0201	M03	dysarthric	/Users/animesh/Animesh/Project 2.0/echora/data/raw/torgo/M/M03/Session2/wav_headMic/0201.wav	2.375	0.209	0.0879	though	Though	[]		nvidia/parakeet-tdt-0.6b-v3	cpu
torgo-M03-Session2-0390	M03	dysarthric	/Users/animesh/Animesh/Project 2.0/echora/data/raw/torgo/M/M03/Session2/wav_headMic/0390.wav	2.375	0.209	0.0879	sit	Sit.	[]		nvidia/parakeet-tdt-0.6b-v3	cpu
torgo-M04-Session2-0180	M04	dysarthric	/Users/animesh/Animesh/Project 2.0/echora/data/raw/torgo/M/M04/Session2/wav_headMic/0180.wav	2.375	0.209	0.0879	write	Right.	[]		nvidia/parakeet-tdt-0.6b-v3	cpu
torgo-M04-Session2-0209	M04	dysarthric	/Users/animesh/Animesh/Project 2.0/echora/data/raw/torgo/M/M04/Session2/wav_headMic/0209.wav	2.375	0.209	0.0879	mut	Mat.	[]		nvidia/parakeet-tdt-0.6b-v3	cpu
torgo-F04-Session2-0173	F04	dysarthric	/Users/animesh/Animesh/Project 2.0/echora/data/raw/torgo/F/F04/Session2/wav_headMic/0173.wav	2.380	0.215	0.0902	yes	Yes.	[]		nvidia/parakeet-tdt-0.6b-v3	cpu
torgo-M03-Session2-0067	M03	dysarthric	/Users/animesh/Animesh/Project 2.0/echora/data/raw/torgo/M/M03/Session2/wav_headMic/0067.wav	2.380	0.215	0.0902	sip	Sip.	[]		nvidia/parakeet-tdt-0.6b-v3	cpu
torgo-M03-Session2-0087	M03	dysarthric	/Users/animesh/Animesh/Project 2.0/echora/data/raw/torgo/M/M03/Session2/wav_headMic/0087.wav	2.380	0.215	0.0902	trade	Trade.	[]		nvidia/parakeet-tdt-0.6b-v3	cpu
torgo-M03-Session2-0161	M03	dysarthric	/Users/animesh/Animesh/Project 2.0/echora/data/raw/torgo/M/M03/Session2/wav_headMic/0161.wav	2.380	0.215	0.0902	bad	Bad.	[]		nvidia/parakeet-tdt-0.6b-v3	cpu
torgo-M03-Session2-0265	M03	dysarthric	/Users/animesh/Animesh/Project 2.0/echora/data/raw/torgo/M/M03/Session2/wav_headMic/0265.wav	2.380	0.215	0.0902	mush	Маш	[]		nvidia/parakeet-tdt-0.6b-v3	cpu
torgo-M03-Session2-0419	M03	dysarthric	/Users/animesh/Animesh/Project 2.0/echora/data/raw/torgo/M/M03/Session2/wav_headMic/0419.wav	2.380	0.215	0.0902	tin	Tin.	[]		nvidia/parakeet-tdt-0.6b-v3	cpu
torgo-M04-Session2-0025	M04	dysarthric	/Users/animesh/Animesh/Project 2.0/echora/data/raw/torgo/M/M04/Session2/wav_headMic/0025.wav	2.380	0.215	0.0902	xxx	Oh we did this one.	[]		nvidia/parakeet-tdt-0.6b-v3	cpu
torgo-F03-Session2-0069	F03	dysarthric	/Users/animesh/Animesh/Project 2.0/echora/data/raw/torgo/F/F03/Session2/wav_headMic/0069.wav	2.385	0.215	0.0900	echo	Эко.	[]		nvidia/parakeet-tdt-0.6b-v3	cpu
torgo-F04-Session2-0077	F04	dysarthric	/Users/animesh/Animesh/Project 2.0/echora/data/raw/torgo/F/F04/Session2/wav_headMic/0077.wav	2.385	0.214	0.0895	sign	Сайн.	[]		nvidia/parakeet-tdt-0.6b-v3	cpu
torgo-M03-Session2-0153	M03	dysarthric	/Users/animesh/Animesh/Project 2.0/echora/data/raw/torgo/M/M03/Session2/wav_headMic/0153.wav	2.385	0.214	0.0895	rocks	Rocks	[]		nvidia/parakeet-tdt-0.6b-v3	cpu
torgo-M03-Session2-0163	M03	dysarthric	/Users/animesh/Animesh/Project 2.0/echora/data/raw/torgo/M/M03/Session2/wav_headMic/0163.wav	2.385	0.214	0.0895	pay	Pay.	[]		nvidia/parakeet-tdt-0.6b-v3	cpu
torgo-M03-Session2-0188	M03	dysarthric	/Users/animesh/Animesh/Project 2.0/echora/data/raw/torgo/M/M03/Session2/wav_headMic/0188.wav	2.385	0.214	0.0895	tile	Tile.	[]		nvidia/parakeet-tdt-0.6b-v3	cpu
torgo-M03-Session2-0279	M03	dysarthric	/Users/animesh/Animesh/Project 2.0/echora/data/raw/torgo/M/M03/Session2/wav_headMic/0279.wav	2.385	0.214	0.0895	city	City	[]		nvidia/parakeet-tdt-0.6b-v3	cpu
torgo-M03-Session2-0071	M03	dysarthric	/Users/animesh/Animesh/Project 2.0/echora/data/raw/torgo/M/M03/Session2/wav_headMic/0071.wav	2.390	0.214	0.0894	sticks	Стекс.	[]		nvidia/parakeet-tdt-0.6b-v3	cpu
torgo-M03-Session2-0237	M03	dysarthric	/Users/animesh/Animesh/Project 2.0/echora/data/raw/torgo/M/M03/Session2/wav_headMic/0237.wav	2.390	0.214	0.0894	light	Light.	[]		nvidia/parakeet-tdt-0.6b-v3	cpu
torgo-M05-Session2-0006	M05	dysarthric	/Users/animesh/Animesh/Project 2.0/echora/data/raw/torgo/M/M05/Session2/wav_headMic/0006.wav	2.390	0.214	0.0894	sway	Way.	[]		nvidia/parakeet-tdt-0.6b-v3	cpu
torgo-M05-Session2-0374	M05	dysarthric	/Users/animesh/Animesh/Project 2.0/echora/data/raw/torgo/M/M05/Session2/wav_headMic/0374.wav	2.390	0.240	0.1004	a		[]		nvidia/parakeet-tdt-0.6b-v3	cpu
torgo-F03-Session2-0038	F03	dysarthric	/Users/animesh/Animesh/Project 2.0/echora/data/raw/torgo/F/F03/Session2/wav_headMic/0038.wav	2.395	0.240	0.1001	much	Матч.	[]		nvidia/parakeet-tdt-0.6b-v3	cpu
torgo-M03-Session2-0148	M03	dysarthric	/Users/animesh/Animesh/Project 2.0/echora/data/raw/torgo/M/M03/Session2/wav_headMic/0148.wav	2.395	0.240	0.1001	area	Area.	[]		nvidia/parakeet-tdt-0.6b-v3	cpu
torgo-M04-Session2-0010	M04	dysarthric	/Users/animesh/Animesh/Project 2.0/echora/data/raw/torgo/M/M04/Session2/wav_headMic/0010.wav	2.395	0.240	0.1001	left	Let.	[]		nvidia/parakeet-tdt-0.6b-v3	cpu
torgo-M04-Session2-0040	M04	dysarthric	/Users/animesh/Animesh/Project 2.0/echora/data/raw/torgo/M/M04/Session2/wav_headMic/0040.wav	2.395	0.240	0.1001	read	Oui.	[]		nvidia/parakeet-tdt-0.6b-v3	cpu
torgo-M05-Session1-0029	M05	dysarthric	/Users/animesh/Animesh/Project 2.0/echora/data/raw/torgo/M/M05/Session1/wav_headMic/0029.wav	2.395	0.240	0.1001	horn	Horn.	[]		nvidia/parakeet-tdt-0.6b-v3	cpu
torgo-F04-Session2-0237	F04	dysarthric	/Users/animesh/Animesh/Project 2.0/echora/data/raw/torgo/F/F04/Session2/wav_headMic/0237.wav	2.400	0.240	0.0999	bitter	Bitter.	[]		nvidia/parakeet-tdt-0.6b-v3	cpu
torgo-M03-Session2-0294	M03	dysarthric	/Users/animesh/Animesh/Project 2.0/echora/data/raw/torgo/M/M03/Session2/wav_headMic/0294.wav	2.400	0.240	0.0999	chop	Chop.	[]		nvidia/parakeet-tdt-0.6b-v3	cpu
torgo-M04-Session2-0136	M04	dysarthric	/Users/animesh/Animesh/Project 2.0/echora/data/raw/torgo/M/M04/Session2/wav_headMic/0136.wav	2.400	0.203	0.0847	tie	I	[]		nvidia/parakeet-tdt-0.6b-v3	cpu
torgo-F04-Session2-0081	F04	dysarthric	/Users/animesh/Animesh/Project 2.0/echora/data/raw/torgo/F/F04/Session2/wav_headMic/0081.wav	2.400	0.203	0.0847	oscar	Oscar	[]		nvidia/parakeet-tdt-0.6b-v3	cpu
torgo-M02-Session1-0049	M02	dysarthric	/Users/animesh/Animesh/Project 2.0/echora/data/raw/torgo/M/M02/Session1/wav_headMic/0049.wav	2.403	0.203	0.0846	swarm	Swan.	[]		nvidia/parakeet-tdt-0.6b-v3	cpu
torgo-M02-Session2-0199	M02	dysarthric	/Users/animesh/Animesh/Project 2.0/echora/data/raw/torgo/M/M02/Session2/wav_headMic/0199.wav	2.405	0.203	0.0845	six	Sex	[]		nvidia/parakeet-tdt-0.6b-v3	cpu
torgo-M04-Session2-0196	M04	dysarthric	/Users/animesh/Animesh/Project 2.0/echora/data/raw/torgo/M/M04/Session2/wav_headMic/0196.wav	2.405	0.203	0.0845	menu	Menu.	[]		nvidia/parakeet-tdt-0.6b-v3	cpu
torgo-M05-Session1-0055	M05	dysarthric	/Users/animesh/Animesh/Project 2.0/echora/data/raw/torgo/M/M05/Session1/wav_headMic/0055.wav	2.405	0.203	0.0845	tear		[]		nvidia/parakeet-tdt-0.6b-v3	cpu
torgo-M05-Session2-0227	M05	dysarthric	/Users/animesh/Animesh/Project 2.0/echora/data/raw/torgo/M/M05/Session2/wav_headMic/0227.wav	2.405	0.203	0.0845	park	Пайк.	[]		nvidia/parakeet-tdt-0.6b-v3	cpu
torgo-M02-Session1-0219	M02	dysarthric	/Users/animesh/Animesh/Project 2.0/echora/data/raw/torgo/M/M02/Session1/wav_headMic/0219.wav	2.406	0.203	0.0845	tile	Тайом.	[]		nvidia/parakeet-tdt-0.6b-v3	cpu
torgo-M02-Session1-0214	M02	dysarthric	/Users/animesh/Animesh/Project 2.0/echora/data/raw/torgo/M/M02/Session1/wav_headMic/0214.wav	2.406	0.219	0.0909	delta	Тертон.	[]		nvidia/parakeet-tdt-0.6b-v3	cpu
torgo-M03-Session2-0276	M03	dysarthric	/Users/animesh/Animesh/Project 2.0/echora/data/raw/torgo/M/M03/Session2/wav_headMic/0276.wav	2.410	0.219	0.0907	juliet	Juliet.	[]		nvidia/parakeet-tdt-0.6b-v3	cpu
torgo-M03-Session2-0333	M03	dysarthric	/Users/animesh/Animesh/Project 2.0/echora/data/raw/torgo/M/M03/Session2/wav_headMic/0333.wav	2.410	0.219	0.0907	hem	Hem.	[]		nvidia/parakeet-tdt-0.6b-v3	cpu
torgo-M04-Session2-0082	M04	dysarthric	/Users/animesh/Animesh/Project 2.0/echora/data/raw/torgo/M/M04/Session2/wav_headMic/0082.wav	2.410	0.219	0.0907	one	What	[]		nvidia/parakeet-tdt-0.6b-v3	cpu
torgo-M04-Session2-0218	M04	dysarthric	/Users/animesh/Animesh/Project 2.0/echora/data/raw/torgo/M/M04/Session2/wav_headMic/0218.wav	2.410	0.219	0.0907	air	Yeah.	[]		nvidia/parakeet-tdt-0.6b-v3	cpu
torgo-M05-Session2-0233	M05	dysarthric	/Users/animesh/Animesh/Project 2.0/echora/data/raw/torgo/M/M05/Session2/wav_headMic/0233.wav	2.410	0.219	0.0907	and	Ende	[]		nvidia/parakeet-tdt-0.6b-v3	cpu
torgo-M05-Session2-0273	M05	dysarthric	/Users/animesh/Animesh/Project 2.0/echora/data/raw/torgo/M/M05/Session2/wav_headMic/0273.wav	2.410	0.219	0.0907	romeo	У мио.	[]		nvidia/parakeet-tdt-0.6b-v3	cpu
torgo-M02-Session1-0144	M02	dysarthric	/Users/animesh/Animesh/Project 2.0/echora/data/raw/torgo/M/M02/Session1/wav_headMic/0144.wav	2.413	0.219	0.0906	drop	Draw up.	[]		nvidia/parakeet-tdt-0.6b-v3	cpu
torgo-F03-Session2-0102	F03	dysarthric	/Users/animesh/Animesh/Project 2.0/echora/data/raw/torgo/F/F03/Session2/wav_headMic/0102.wav	2.415	0.214	0.0888	mike	Майк.	[]		nvidia/parakeet-tdt-0.6b-v3	cpu
torgo-M03-Session2-0186	M03	dysarthric	/Users/animesh/Animesh/Project 2.0/echora/data/raw/torgo/M/M03/Session2/wav_headMic/0186.wav	2.415	0.214	0.0888	forward	Forward.	[]		nvidia/parakeet-tdt-0.6b-v3	cpu
torgo-M03-Session2-0285	M03	dysarthric	/Users/animesh/Animesh/Project 2.0/echora/data/raw/torgo/M/M03/Session2/wav_headMic/0285.wav	2.415	0.214	0.0888	mike	Mike.	[]		nvidia/parakeet-tdt-0.6b-v3	cpu
torgo-M03-Session2-0372	M03	dysarthric	/Users/animesh/Animesh/Project 2.0/echora/data/raw/torgo/M/M03/Session2/wav_headMic/0372.wav	2.415	0.214	0.0888	thorn	Thorn.	[]		nvidia/parakeet-tdt-0.6b-v3	cpu
torgo-M04-Session2-0131	M04	dysarthric	/Users/animesh/Animesh/Project 2.0/echora/data/raw/torgo/M/M04/Session2/wav_headMic/0131.wav	2.415	0.214	0.0888	wish	Which	[]		nvidia/parakeet-tdt-0.6b-v3	cpu
torgo-M04-Session2-0188	M04	dysarthric	/Users/animesh/Animesh/Project 2.0/echora/data/raw/torgo/M/M04/Session2/wav_headMic/0188.wav	2.415	0.214	0.0888	no	No.	[]		nvidia/parakeet-tdt-0.6b-v3	cpu
torgo-M04-Session2-0207	M04	dysarthric	/Users/animesh/Animesh/Project 2.0/echora/data/raw/torgo/M/M04/Session2/wav_headMic/0207.wav	2.415	0.214	0.0888	pay		[]		nvidia/parakeet-tdt-0.6b-v3	cpu
torgo-M05-Session2-0311	M05	dysarthric	/Users/animesh/Animesh/Project 2.0/echora/data/raw/torgo/M/M05/Session2/wav_headMic/0311.wav	2.415	0.214	0.0888	yes	Yes.	[]		nvidia/parakeet-tdt-0.6b-v3	cpu
torgo-F03-Session3-0033	F03	dysarthric	/Users/animesh/Animesh/Project 2.0/echora/data/raw/torgo/F/F03/Session3/wav_headMic/0033.wav	2.420	0.221	0.0911	quart	Court.	[]		nvidia/parakeet-tdt-0.6b-v3	cpu
torgo-F04-Session2-0198	F04	dysarthric	/Users/animesh/Animesh/Project 2.0/echora/data/raw/torgo/F/F04/Session2/wav_headMic/0198.wav	2.420	0.221	0.0911	harm	Harm.	[]		nvidia/parakeet-tdt-0.6b-v3	cpu
torgo-M02-Session2-0085	M02	dysarthric	/Users/animesh/Animesh/Project 2.0/echora/data/raw/torgo/M/M02/Session2/wav_headMic/0085.wav	2.420	0.221	0.0911	white	Why	[]		nvidia/parakeet-tdt-0.6b-v3	cpu
torgo-M03-Session2-0055	M03	dysarthric	/Users/animesh/Animesh/Project 2.0/echora/data/raw/torgo/M/M03/Session2/wav_headMic/0055.wav	2.420	0.221	0.0911	read	Read.	[]		nvidia/parakeet-tdt-0.6b-v3	cpu
torgo-M03-Session2-0387	M03	dysarthric	/Users/animesh/Animesh/Project 2.0/echora/data/raw/torgo/M/M03/Session2/wav_headMic/0387.wav	2.420	0.221	0.0911	quebec	Quebec.	[]		nvidia/parakeet-tdt-0.6b-v3	cpu
torgo-M03-Session2-0416	M03	dysarthric	/Users/animesh/Animesh/Project 2.0/echora/data/raw/torgo/M/M03/Session2/wav_headMic/0416.wav	2.420	0.221	0.0911	tango	Tango.	[]		nvidia/parakeet-tdt-0.6b-v3	cpu
torgo-M04-Session2-0233	M04	dysarthric	/Users/animesh/Animesh/Project 2.0/echora/data/raw/torgo/M/M04/Session2/wav_headMic/0233.wav	2.420	0.221	0.0911	bat	But	[]		nvidia/parakeet-tdt-0.6b-v3	cpu
torgo-F03-Session2-0045	F03	dysarthric	/Users/animesh/Animesh/Project 2.0/echora/data/raw/torgo/F/F03/Session2/wav_headMic/0045.wav	2.425	0.221	0.0909	knot	Нат.	[]		nvidia/parakeet-tdt-0.6b-v3	cpu
torgo-M03-Session2-0202	M03	dysarthric	/Users/animesh/Animesh/Project 2.0/echora/data/raw/torgo/M/M03/Session2/wav_headMic/0202.wav	2.425	0.218	0.0897	sway	Sway.	[]		nvidia/parakeet-tdt-0.6b-v3	cpu
torgo-M04-Session2-0053	M04	dysarthric	/Users/animesh/Animesh/Project 2.0/echora/data/raw/torgo/M/M04/Session2/wav_headMic/0053.wav	2.425	0.218	0.0897	dug	Doug.	[]		nvidia/parakeet-tdt-0.6b-v3	cpu
torgo-M05-Session2-0022	M05	dysarthric	/Users/animesh/Animesh/Project 2.0/echora/data/raw/torgo/M/M05/Session2/wav_headMic/0022.wav	2.425	0.218	0.0897	coupe	Coo.	[]		nvidia/parakeet-tdt-0.6b-v3	cpu
torgo-F04-Session2-0027	F04	dysarthric	/Users/animesh/Animesh/Project 2.0/echora/data/raw/torgo/F/F04/Session2/wav_headMic/0027.wav	2.430	0.218	0.0896	galore	Got low um go lower?	[]		nvidia/parakeet-tdt-0.6b-v3	cpu
torgo-M03-Session2-0405	M03	dysarthric	/Users/animesh/Animesh/Project 2.0/echora/data/raw/torgo/M/M03/Session2/wav_headMic/0405.wav	2.430	0.218	0.0896	wicked	Wicked.	[]		nvidia/parakeet-tdt-0.6b-v3	cpu
torgo-M03-Session2-0409	M03	dysarthric	/Users/animesh/Animesh/Project 2.0/echora/data/raw/torgo/M/M03/Session2/wav_headMic/0409.wav	2.430	0.218	0.0896	uniform	Uniform.	[]		nvidia/parakeet-tdt-0.6b-v3	cpu
torgo-M05-Session1-0106	M05	dysarthric	/Users/animesh/Animesh/Project 2.0/echora/data/raw/torgo/M/M05/Session1/wav_headMic/0106.wav	2.430	0.218	0.0896	share	She	[]		nvidia/parakeet-tdt-0.6b-v3	cpu
torgo-M02-Session1-0091	M02	dysarthric	/Users/animesh/Animesh/Project 2.0/echora/data/raw/torgo/M/M02/Session1/wav_headMic/0091.wav	2.432	0.218	0.0895	sip	Fair.	[]		nvidia/parakeet-tdt-0.6b-v3	cpu
torgo-M02-Session1-0094	M02	dysarthric	/Users/animesh/Animesh/Project 2.0/echora/data/raw/torgo/M/M02/Session1/wav_headMic/0094.wav	2.432	0.216	0.0889	storm	Storm.	[]		nvidia/parakeet-tdt-0.6b-v3	cpu
torgo-M02-Session1-0043	M02	dysarthric	/Users/animesh/Animesh/Project 2.0/echora/data/raw/torgo/M/M02/Session1/wav_headMic/0043.wav	2.432	0.216	0.0889	know	No.	[]		nvidia/parakeet-tdt-0.6b-v3	cpu
torgo-M02-Session2-0092	M02	dysarthric	/Users/animesh/Animesh/Project 2.0/echora/data/raw/torgo/M/M02/Session2/wav_headMic/0092.wav	2.435	0.216	0.0888	coupe	Hope.	[]		nvidia/parakeet-tdt-0.6b-v3	cpu
torgo-M02-Session2-0105	M02	dysarthric	/Users/animesh/Animesh/Project 2.0/echora/data/raw/torgo/M/M02/Session2/wav_headMic/0105.wav	2.435	0.216	0.0888	at	Alright.	[]		nvidia/parakeet-tdt-0.6b-v3	cpu
torgo-M03-Session2-0253	M03	dysarthric	/Users/animesh/Animesh/Project 2.0/echora/data/raw/torgo/M/M03/Session2/wav_headMic/0253.wav	2.435	0.216	0.0888	part	Part.	[]		nvidia/parakeet-tdt-0.6b-v3	cpu
torgo-M03-Session2-0291	M03	dysarthric	/Users/animesh/Animesh/Project 2.0/echora/data/raw/torgo/M/M03/Session2/wav_headMic/0291.wav	2.435	0.216	0.0888	yes	Yes.	[]		nvidia/parakeet-tdt-0.6b-v3	cpu
torgo-M03-Session2-0311	M03	dysarthric	/Users/animesh/Animesh/Project 2.0/echora/data/raw/torgo/M/M03/Session2/wav_headMic/0311.wav	2.435	0.216	0.0888	top	Top.	[]		nvidia/parakeet-tdt-0.6b-v3	cpu
torgo-M04-Session2-0021	M04	dysarthric	/Users/animesh/Animesh/Project 2.0/echora/data/raw/torgo/M/M04/Session2/wav_headMic/0021.wav	2.435	0.216	0.0888	yes	Yes.	[]		nvidia/parakeet-tdt-0.6b-v3	cpu
torgo-M04-Session2-0068	M04	dysarthric	/Users/animesh/Animesh/Project 2.0/echora/data/raw/torgo/M/M04/Session2/wav_headMic/0068.wav	2.435	0.222	0.0914	rake	Wake.	[]		nvidia/parakeet-tdt-0.6b-v3	cpu
torgo-M05-Session1-0093	M05	dysarthric	/Users/animesh/Animesh/Project 2.0/echora/data/raw/torgo/M/M05/Session1/wav_headMic/0093.wav	2.435	0.222	0.0914	no	No, no.	[]		nvidia/parakeet-tdt-0.6b-v3	cpu
torgo-M04-Session2-0249	M04	dysarthric	/Users/animesh/Animesh/Project 2.0/echora/data/raw/torgo/M/M04/Session2/wav_headMic/0249.wav	2.435	0.222	0.0914	single	Thing on.	[]		nvidia/parakeet-tdt-0.6b-v3	cpu
torgo-F03-Session2-0139	F03	dysarthric	/Users/animesh/Animesh/Project 2.0/echora/data/raw/torgo/F/F03/Session2/wav_headMic/0139.wav	2.440	0.222	0.0912	xxx	Is it	[]		nvidia/parakeet-tdt-0.6b-v3	cpu
torgo-F04-Session2-0249	F04	dysarthric	/Users/animesh/Animesh/Project 2.0/echora/data/raw/torgo/F/F04/Session2/wav_headMic/0249.wav	2.440	0.222	0.0912	sin	Сын.	[]		nvidia/parakeet-tdt-0.6b-v3	cpu
torgo-M02-Session1-0156	M02	dysarthric	/Users/animesh/Animesh/Project 2.0/echora/data/raw/torgo/M/M02/Session1/wav_headMic/0156.wav	2.441	0.222	0.0912	pot	Так.	[]		nvidia/parakeet-tdt-0.6b-v3	cpu
torgo-M02-Session1-0164	M02	dysarthric	/Users/animesh/Animesh/Project 2.0/echora/data/raw/torgo/M/M02/Session1/wav_headMic/0164.wav	2.441	0.222	0.0912	dot		[]		nvidia/parakeet-tdt-0.6b-v3	cpu
torgo-M02-Session1-0179	M02	dysarthric	/Users/animesh/Animesh/Project 2.0/echora/data/raw/torgo/M/M02/Session1/wav_headMic/0179.wav	2.441	0.222	0.0912	near	Лия.	[]		nvidia/parakeet-tdt-0.6b-v3	cpu
torgo-M02-Session1-0188	M02	dysarthric	/Users/animesh/Animesh/Project 2.0/echora/data/raw/torgo/M/M02/Session1/wav_headMic/0188.wav	2.441	0.210	0.0862	ate	Эльд.	[]		nvidia/parakeet-tdt-0.6b-v3	cpu
torgo-M03-Session2-0028	M03	dysarthric	/Users/animesh/Animesh/Project 2.0/echora/data/raw/torgo/M/M03/Session2/wav_headMic/0028.wav	2.445	0.210	0.0861	corn	Corn.	[]		nvidia/parakeet-tdt-0.6b-v3	cpu
torgo-M03-Session2-0124	M03	dysarthric	/Users/animesh/Animesh/Project 2.0/echora/data/raw/torgo/M/M03/Session2/wav_headMic/0124.wav	2.445	0.210	0.0861	prior	Prior.	[]		nvidia/parakeet-tdt-0.6b-v3	cpu
torgo-M03-Session2-0389	M03	dysarthric	/Users/animesh/Animesh/Project 2.0/echora/data/raw/torgo/M/M03/Session2/wav_headMic/0389.wav	2.445	0.210	0.0861	wit	Witt.	[]		nvidia/parakeet-tdt-0.6b-v3	cpu
torgo-M04-Session2-0034	M04	dysarthric	/Users/animesh/Animesh/Project 2.0/echora/data/raw/torgo/M/M04/Session2/wav_headMic/0034.wav	2.445	0.210	0.0861	down	Down.	[]		nvidia/parakeet-tdt-0.6b-v3	cpu
torgo-M04-Session2-0244	M04	dysarthric	/Users/animesh/Animesh/Project 2.0/echora/data/raw/torgo/M/M04/Session2/wav_headMic/0244.wav	2.445	0.210	0.0861	fear	fear	[]		nvidia/parakeet-tdt-0.6b-v3	cpu
torgo-M01-Session2_3-0108	M01	dysarthric	/Users/animesh/Animesh/Project 2.0/echora/data/raw/torgo/M/M01/Session2_3/wav_headMic/0108.wav	2.448	0.210	0.0859	sprinkle	Spring go.	[]		nvidia/parakeet-tdt-0.6b-v3	cpu
torgo-F03-Session2-0066	F03	dysarthric	/Users/animesh/Animesh/Project 2.0/echora/data/raw/torgo/F/F03/Session2/wav_headMic/0066.wav	2.450	0.210	0.0859	lick	Блэк.	[]		nvidia/parakeet-tdt-0.6b-v3	cpu
torgo-M01-Session1-0096	M01	dysarthric	/Users/animesh/Animesh/Project 2.0/echora/data/raw/torgo/M/M01/Session1/wav_headMic/0096.wav	2.450	0.222	0.0907	weed	Oui.	[]		nvidia/parakeet-tdt-0.6b-v3	cpu
torgo-M02-Session2-0145	M02	dysarthric	/Users/animesh/Animesh/Project 2.0/echora/data/raw/torgo/M/M02/Session2/wav_headMic/0145.wav	2.450	0.222	0.0907	side	No.	[]		nvidia/parakeet-tdt-0.6b-v3	cpu
torgo-M03-Session2-0008	M03	dysarthric	/Users/animesh/Animesh/Project 2.0/echora/data/raw/torgo/M/M03/Session2/wav_headMic/0008.wav	2.450	0.222	0.0907	lead		[]		nvidia/parakeet-tdt-0.6b-v3	cpu
torgo-M03-Session2-0283	M03	dysarthric	/Users/animesh/Animesh/Project 2.0/echora/data/raw/torgo/M/M03/Session2/wav_headMic/0283.wav	2.450	0.222	0.0907	dart	Гарт.	[]		nvidia/parakeet-tdt-0.6b-v3	cpu
torgo-M05-Session2-0290	M05	dysarthric	/Users/animesh/Animesh/Project 2.0/echora/data/raw/torgo/M/M05/Session2/wav_headMic/0290.wav	2.450	0.222	0.0907	him		[]		nvidia/parakeet-tdt-0.6b-v3	cpu
torgo-M03-Session2-0282	M03	dysarthric	/Users/animesh/Animesh/Project 2.0/echora/data/raw/torgo/M/M03/Session2/wav_headMic/0282.wav	2.450	0.222	0.0907	lick	Lick.	[]		nvidia/parakeet-tdt-0.6b-v3	cpu
torgo-F03-Session2-0047	F03	dysarthric	/Users/animesh/Animesh/Project 2.0/echora/data/raw/torgo/F/F03/Session2/wav_headMic/0047.wav	2.455	0.222	0.0905	sprinkle	Спринка.	[]		nvidia/parakeet-tdt-0.6b-v3	cpu
torgo-F03-Session3-0083	F03	dysarthric	/Users/animesh/Animesh/Project 2.0/echora/data/raw/torgo/F/F03/Session3/wav_headMic/0083.wav	2.455	0.222	0.0905	It was only	There was only	[]		nvidia/parakeet-tdt-0.6b-v3	cpu
torgo-F04-Session2-0102	F04	dysarthric	/Users/animesh/Animesh/Project 2.0/echora/data/raw/torgo/F/F04/Session2/wav_headMic/0102.wav	2.455	0.213	0.0866	brought	Brought	[]		nvidia/parakeet-tdt-0.6b-v3	cpu
torgo-M03-Session2-0239	M03	dysarthric	/Users/animesh/Animesh/Project 2.0/echora/data/raw/torgo/M/M03/Session2/wav_headMic/0239.wav	2.455	0.213	0.0866	side	Side.	[]		nvidia/parakeet-tdt-0.6b-v3	cpu
torgo-M03-Session2-0314	M03	dysarthric	/Users/animesh/Animesh/Project 2.0/echora/data/raw/torgo/M/M03/Session2/wav_headMic/0314.wav	2.455	0.213	0.0866	spark	Spark.	[]		nvidia/parakeet-tdt-0.6b-v3	cpu
torgo-M03-Session2-0334	M03	dysarthric	/Users/animesh/Animesh/Project 2.0/echora/data/raw/torgo/M/M03/Session2/wav_headMic/0334.wav	2.455	0.213	0.0866	league	Лиг.	[]		nvidia/parakeet-tdt-0.6b-v3	cpu
torgo-M04-Session2-0062	M04	dysarthric	/Users/animesh/Animesh/Project 2.0/echora/data/raw/torgo/M/M04/Session2/wav_headMic/0062.wav	2.455	0.213	0.0866	the	That	[]		nvidia/parakeet-tdt-0.6b-v3	cpu
torgo-M03-Session2-0026	M03	dysarthric	/Users/animesh/Animesh/Project 2.0/echora/data/raw/torgo/M/M03/Session2/wav_headMic/0026.wav	2.460	0.213	0.0864	sheet	Sheet.	[]		nvidia/parakeet-tdt-0.6b-v3	cpu
torgo-M03-Session2-0231	M03	dysarthric	/Users/animesh/Animesh/Project 2.0/echora/data/raw/torgo/M/M03/Session2/wav_headMic/0231.wav	2.460	0.213	0.0864	troop	Троп.	[]		nvidia/parakeet-tdt-0.6b-v3	cpu
torgo-M05-Session2-0035	M05	dysarthric	/Users/animesh/Animesh/Project 2.0/echora/data/raw/torgo/M/M05/Session2/wav_headMic/0035.wav	2.460	0.213	0.0864	much	Мать.	[]		nvidia/parakeet-tdt-0.6b-v3	cpu
torgo-M05-Session2-0304	M05	dysarthric	/Users/animesh/Animesh/Project 2.0/echora/data/raw/torgo/M/M05/Session2/wav_headMic/0304.wav	2.460	0.231	0.0938	down	Даумни.	[]		nvidia/parakeet-tdt-0.6b-v3	cpu
torgo-F03-Session2-0134	F03	dysarthric	/Users/animesh/Animesh/Project 2.0/echora/data/raw/torgo/F/F03/Session2/wav_headMic/0134.wav	2.465	0.231	0.0936	mitten	Метин.	[]		nvidia/parakeet-tdt-0.6b-v3	cpu
torgo-F03-Session3-0080	F03	dysarthric	/Users/animesh/Animesh/Project 2.0/echora/data/raw/torgo/F/F03/Session3/wav_headMic/0080.wav	2.465	0.231	0.0936	sew	So	[]		nvidia/parakeet-tdt-0.6b-v3	cpu
torgo-M03-Session2-0216	M03	dysarthric	/Users/animesh/Animesh/Project 2.0/echora/data/raw/torgo/M/M03/Session2/wav_headMic/0216.wav	2.465	0.231	0.0936	slip	Slip.	[]		nvidia/parakeet-tdt-0.6b-v3	cpu
torgo-M02-Session1-0167	M02	dysarthric	/Users/animesh/Animesh/Project 2.0/echora/data/raw/torgo/M/M02/Session1/wav_headMic/0167.wav	2.466	0.231	0.0936	pad	Time.	[]		nvidia/parakeet-tdt-0.6b-v3	cpu
torgo-M02-Session1-0171	M02	dysarthric	/Users/animesh/Animesh/Project 2.0/echora/data/raw/torgo/M/M02/Session1/wav_headMic/0171.wav	2.466	0.231	0.0936	cheer	Че	[]		nvidia/parakeet-tdt-0.6b-v3	cpu
torgo-M02-Session1-0209	M02	dysarthric	/Users/animesh/Animesh/Project 2.0/echora/data/raw/torgo/M/M02/Session1/wav_headMic/0209.wav	2.466	0.231	0.0936	pile	Парем.	[]		nvidia/parakeet-tdt-0.6b-v3	cpu
torgo-M02-Session1-0211	M02	dysarthric	/Users/animesh/Animesh/Project 2.0/echora/data/raw/torgo/M/M02/Session1/wav_headMic/0211.wav	2.466	0.231	0.0936	forward	Повар.	[]		nvidia/parakeet-tdt-0.6b-v3	cpu
torgo-M02-Session1-0194	M02	dysarthric	/Users/animesh/Animesh/Project 2.0/echora/data/raw/torgo/M/M02/Session1/wav_headMic/0194.wav	2.466	0.211	0.0855	tear	Mm cheer.	[]		nvidia/parakeet-tdt-0.6b-v3	cpu
torgo-M01-Session2_3-0139	M01	dysarthric	/Users/animesh/Animesh/Project 2.0/echora/data/raw/torgo/M/M01/Session2_3/wav_headMic/0139.wav	2.468	0.211	0.0855	know	Но	[]		nvidia/parakeet-tdt-0.6b-v3	cpu
torgo-M02-Session1-0145	M02	dysarthric	/Users/animesh/Animesh/Project 2.0/echora/data/raw/torgo/M/M02/Session1/wav_headMic/0145.wav	2.469	0.211	0.0854	droop	A droop droop.	[]		nvidia/parakeet-tdt-0.6b-v3	cpu
torgo-M03-Session2-0015	M03	dysarthric	/Users/animesh/Animesh/Project 2.0/echora/data/raw/torgo/M/M03/Session2/wav_headMic/0015.wav	2.470	0.211	0.0854	hair	Hair	[]		nvidia/parakeet-tdt-0.6b-v3	cpu
torgo-M03-Session2-0141	M03	dysarthric	/Users/animesh/Animesh/Project 2.0/echora/data/raw/torgo/M/M03/Session2/wav_headMic/0141.wav	2.470	0.211	0.0854	loop	Луп.	[]		nvidia/parakeet-tdt-0.6b-v3	cpu
torgo-M03-Session2-0290	M03	dysarthric	/Users/animesh/Animesh/Project 2.0/echora/data/raw/torgo/M/M03/Session2/wav_headMic/0290.wav	2.470	0.211	0.0854	sigh	Psy.	[]		nvidia/parakeet-tdt-0.6b-v3	cpu
torgo-M03-Session2-0347	M03	dysarthric	/Users/animesh/Animesh/Project 2.0/echora/data/raw/torgo/M/M03/Session2/wav_headMic/0347.wav	2.470	0.211	0.0854	eight	Eight.	[]		nvidia/parakeet-tdt-0.6b-v3	cpu
torgo-M03-Session2-0401	M03	dysarthric	/Users/animesh/Animesh/Project 2.0/echora/data/raw/torgo/M/M03/Session2/wav_headMic/0401.wav	2.470	0.211	0.0854	slicker	Slicker.	[]		nvidia/parakeet-tdt-0.6b-v3	cpu
torgo-M04-Session2-0238	M04	dysarthric	/Users/animesh/Animesh/Project 2.0/echora/data/raw/torgo/M/M04/Session2/wav_headMic/0238.wav	2.470	0.217	0.0878	loop	Loop.	[]		nvidia/parakeet-tdt-0.6b-v3	cpu
torgo-M04-Session2-0263	M04	dysarthric	/Users/animesh/Animesh/Project 2.0/echora/data/raw/torgo/M/M04/Session2/wav_headMic/0263.wav	2.470	0.217	0.0878	write	Right.	[]		nvidia/parakeet-tdt-0.6b-v3	cpu
torgo-M05-Session2-0009	M05	dysarthric	/Users/animesh/Animesh/Project 2.0/echora/data/raw/torgo/M/M05/Session2/wav_headMic/0009.wav	2.470	0.217	0.0878	root	Right.	[]		nvidia/parakeet-tdt-0.6b-v3	cpu
torgo-M05-Session2-0031	M05	dysarthric	/Users/animesh/Animesh/Project 2.0/echora/data/raw/torgo/M/M05/Session2/wav_headMic/0031.wav	2.470	0.217	0.0878	suit	Щуть.	[]		nvidia/parakeet-tdt-0.6b-v3	cpu
torgo-M05-Session2-0183	M05	dysarthric	/Users/animesh/Animesh/Project 2.0/echora/data/raw/torgo/M/M05/Session2/wav_headMic/0183.wav	2.470	0.217	0.0878	hat		[]		nvidia/parakeet-tdt-0.6b-v3	cpu
torgo-M02-Session1-0063	M02	dysarthric	/Users/animesh/Animesh/Project 2.0/echora/data/raw/torgo/M/M02/Session1/wav_headMic/0063.wav	2.471	0.217	0.0878	car	Car.	[]		nvidia/parakeet-tdt-0.6b-v3	cpu
torgo-M02-Session1-0085	M02	dysarthric	/Users/animesh/Animesh/Project 2.0/echora/data/raw/torgo/M/M02/Session1/wav_headMic/0085.wav	2.471	0.217	0.0878	fee	Фильм.	[]		nvidia/parakeet-tdt-0.6b-v3	cpu
torgo-M02-Session1-0030	M02	dysarthric	/Users/animesh/Animesh/Project 2.0/echora/data/raw/torgo/M/M02/Session1/wav_headMic/0030.wav	2.471	0.217	0.0877	torn	Тоин.	[]		nvidia/parakeet-tdt-0.6b-v3	cpu
torgo-M03-Session2-0232	M03	dysarthric	/Users/animesh/Animesh/Project 2.0/echora/data/raw/torgo/M/M03/Session2/wav_headMic/0232.wav	2.475	0.211	0.0852	sigh		[]		nvidia/parakeet-tdt-0.6b-v3	cpu
torgo-M03-Session2-0324	M03	dysarthric	/Users/animesh/Animesh/Project 2.0/echora/data/raw/torgo/M/M03/Session2/wav_headMic/0324.wav	2.475	0.211	0.0852	kitten	Ketten	[]		nvidia/parakeet-tdt-0.6b-v3	cpu
torgo-M05-Session1-0016	M05	dysarthric	/Users/animesh/Animesh/Project 2.0/echora/data/raw/torgo/M/M05/Session1/wav_headMic/0016.wav	2.475	0.211	0.0852	bit	Bit bit.	[]		nvidia/parakeet-tdt-0.6b-v3	cpu
torgo-M05-Session2-0379	M05	dysarthric	/Users/animesh/Animesh/Project 2.0/echora/data/raw/torgo/M/M05/Session2/wav_headMic/0379.wav	2.475	0.211	0.0852	knot	Not	[]		nvidia/parakeet-tdt-0.6b-v3	cpu
torgo-M03-Session2-0226	M03	dysarthric	/Users/animesh/Animesh/Project 2.0/echora/data/raw/torgo/M/M03/Session2/wav_headMic/0226.wav	2.480	0.211	0.0850	pile	Pile	[]		nvidia/parakeet-tdt-0.6b-v3	cpu
torgo-M03-Session2-0296	M03	dysarthric	/Users/animesh/Animesh/Project 2.0/echora/data/raw/torgo/M/M03/Session2/wav_headMic/0296.wav	2.480	0.211	0.0850	at	At	[]		nvidia/parakeet-tdt-0.6b-v3	cpu
torgo-M04-Session2-0067	M04	dysarthric	/Users/animesh/Animesh/Project 2.0/echora/data/raw/torgo/M/M04/Session2/wav_headMic/0067.wav	2.480	0.211	0.0850	ship	Чет.	[]		nvidia/parakeet-tdt-0.6b-v3	cpu
torgo-M04-Session2-0272	M04	dysarthric	/Users/animesh/Animesh/Project 2.0/echora/data/raw/torgo/M/M04/Session2/wav_headMic/0272.wav	2.480	0.211	0.0850	yes	Yeah.	[]		nvidia/parakeet-tdt-0.6b-v3	cpu
torgo-M05-Session2-0259	M05	dysarthric	/Users/animesh/Animesh/Project 2.0/echora/data/raw/torgo/M/M05/Session2/wav_headMic/0259.wav	2.480	0.225	0.0909	yes	Yes.	[]		nvidia/parakeet-tdt-0.6b-v3	cpu
torgo-M04-Session2-0050	M04	dysarthric	/Users/animesh/Animesh/Project 2.0/echora/data/raw/torgo/M/M04/Session2/wav_headMic/0050.wav	2.485	0.225	0.0907	feed	Филь.	[]		nvidia/parakeet-tdt-0.6b-v3	cpu
torgo-M04-Session2-0138	M04	dysarthric	/Users/animesh/Animesh/Project 2.0/echora/data/raw/torgo/M/M04/Session2/wav_headMic/0138.wav	2.485	0.225	0.0907	back	Back.	[]		nvidia/parakeet-tdt-0.6b-v3	cpu
torgo-M04-Session2-0279	M04	dysarthric	/Users/animesh/Animesh/Project 2.0/echora/data/raw/torgo/M/M04/Session2/wav_headMic/0279.wav	2.485	0.225	0.0907	loyal	No.	[]		nvidia/parakeet-tdt-0.6b-v3	cpu
torgo-M05-Session2-0058	M05	dysarthric	/Users/animesh/Animesh/Project 2.0/echora/data/raw/torgo/M/M05/Session2/wav_headMic/0058.wav	2.485	0.225	0.0907	hear	He	[]		nvidia/parakeet-tdt-0.6b-v3	cpu
torgo-M02-Session1-0058	M02	dysarthric	/Users/animesh/Animesh/Project 2.0/echora/data/raw/torgo/M/M02/Session1/wav_headMic/0058.wav	2.490	0.225	0.0905	sheet	Sheet.	[]		nvidia/parakeet-tdt-0.6b-v3	cpu
torgo-M02-Session2-0084	M02	dysarthric	/Users/animesh/Animesh/Project 2.0/echora/data/raw/torgo/M/M02/Session2/wav_headMic/0084.wav	2.490	0.225	0.0905	bad		[]		nvidia/parakeet-tdt-0.6b-v3	cpu
torgo-M03-Session2-0037	M03	dysarthric	/Users/animesh/Animesh/Project 2.0/echora/data/raw/torgo/M/M03/Session2/wav_headMic/0037.wav	2.490	0.225	0.0905	double	Double.	[]		nvidia/parakeet-tdt-0.6b-v3	cpu
torgo-M03-Session2-0059	M03	dysarthric	/Users/animesh/Animesh/Project 2.0/echora/data/raw/torgo/M/M03/Session2/wav_headMic/0059.wav	2.490	0.216	0.0866	park	Park.	[]		nvidia/parakeet-tdt-0.6b-v3	cpu
torgo-M03-Session2-0132	M03	dysarthric	/Users/animesh/Animesh/Project 2.0/echora/data/raw/torgo/M/M03/Session2/wav_headMic/0132.wav	2.490	0.216	0.0866	cycle	Cycle.	[]		nvidia/parakeet-tdt-0.6b-v3	cpu
torgo-M03-Session2-0158	M03	dysarthric	/Users/animesh/Animesh/Project 2.0/echora/data/raw/torgo/M/M03/Session2/wav_headMic/0158.wav	2.490	0.216	0.0866	write	Right.	[]		nvidia/parakeet-tdt-0.6b-v3	cpu
torgo-M04-Session2-0066	M04	dysarthric	/Users/animesh/Animesh/Project 2.0/echora/data/raw/torgo/M/M04/Session2/wav_headMic/0066.wav	2.490	0.216	0.0866	beat	Bid.	[]		nvidia/parakeet-tdt-0.6b-v3	cpu
torgo-M04-Session2-0117	M04	dysarthric	/Users/animesh/Animesh/Project 2.0/echora/data/raw/torgo/M/M04/Session2/wav_headMic/0117.wav	2.490	0.216	0.0866	knew	No.	[]		nvidia/parakeet-tdt-0.6b-v3	cpu
torgo-M04-Session2-0267	M04	dysarthric	/Users/animesh/Animesh/Project 2.0/echora/data/raw/torgo/M/M04/Session2/wav_headMic/0267.wav	2.490	0.216	0.0866	know	Não.	[]		nvidia/parakeet-tdt-0.6b-v3	cpu
torgo-F04-Session2-0069	F04	dysarthric	/Users/animesh/Animesh/Project 2.0/echora/data/raw/torgo/F/F04/Session2/wav_headMic/0069.wav	2.490	0.216	0.0866	fruit	Fruit.	[]		nvidia/parakeet-tdt-0.6b-v3	cpu
torgo-M02-Session1-0227	M02	dysarthric	/Users/animesh/Animesh/Project 2.0/echora/data/raw/torgo/M/M02/Session1/wav_headMic/0227.wav	2.494	0.216	0.0865	much	But	[]		nvidia/parakeet-tdt-0.6b-v3	cpu
torgo-F04-Session2-0065	F04	dysarthric	/Users/animesh/Animesh/Project 2.0/echora/data/raw/torgo/F/F04/Session2/wav_headMic/0065.wav	2.495	0.224	0.0896	write	Right.	[]		nvidia/parakeet-tdt-0.6b-v3	cpu
torgo-M03-Session2-0105	M03	dysarthric	/Users/animesh/Animesh/Project 2.0/echora/data/raw/torgo/M/M03/Session2/wav_headMic/0105.wav	2.495	0.224	0.0896	floor	Floor.	[]		nvidia/parakeet-tdt-0.6b-v3	cpu
torgo-M03-Session2-0214	M03	dysarthric	/Users/animesh/Animesh/Project 2.0/echora/data/raw/torgo/M/M03/Session2/wav_headMic/0214.wav	2.495	0.224	0.0896	here	Here.	[]		nvidia/parakeet-tdt-0.6b-v3	cpu
torgo-M04-Session2-0167	M04	dysarthric	/Users/animesh/Animesh/Project 2.0/echora/data/raw/torgo/M/M04/Session2/wav_headMic/0167.wav	2.495	0.224	0.0896	lip	Лип.	[]		nvidia/parakeet-tdt-0.6b-v3	cpu
torgo-M05-Session2-0090	M05	dysarthric	/Users/animesh/Animesh/Project 2.0/echora/data/raw/torgo/M/M05/Session2/wav_headMic/0090.wav	2.495	0.224	0.0896	sigh	Aí	[]		nvidia/parakeet-tdt-0.6b-v3	cpu
torgo-M05-Session2-0181	M05	dysarthric	/Users/animesh/Animesh/Project 2.0/echora/data/raw/torgo/M/M05/Session2/wav_headMic/0181.wav	2.495	0.224	0.0896	tell		[]		nvidia/parakeet-tdt-0.6b-v3	cpu
torgo-M05-Session2-0296	M05	dysarthric	/Users/animesh/Animesh/Project 2.0/echora/data/raw/torgo/M/M05/Session2/wav_headMic/0296.wav	2.495	0.224	0.0896	up	Oh	[]		nvidia/parakeet-tdt-0.6b-v3	cpu
torgo-M02-Session1-0133	M02	dysarthric	/Users/animesh/Animesh/Project 2.0/echora/data/raw/torgo/M/M02/Session1/wav_headMic/0133.wav	2.497	0.224	0.0895	here	Here.	[]		nvidia/parakeet-tdt-0.6b-v3	cpu
torgo-M04-Session2-0201	M04	dysarthric	/Users/animesh/Animesh/Project 2.0/echora/data/raw/torgo/M/M04/Session2/wav_headMic/0201.wav	2.500	0.229	0.0917	here	Here.	[]		nvidia/parakeet-tdt-0.6b-v3	cpu
torgo-M03-Session2-0156	M03	dysarthric	/Users/animesh/Animesh/Project 2.0/echora/data/raw/torgo/M/M03/Session2/wav_headMic/0156.wav	2.505	0.229	0.0915	hate	Hate.	[]		nvidia/parakeet-tdt-0.6b-v3	cpu
torgo-M03-Session2-0259	M03	dysarthric	/Users/animesh/Animesh/Project 2.0/echora/data/raw/torgo/M/M03/Session2/wav_headMic/0259.wav	2.505	0.229	0.0915	pitting	Pitting.	[]		nvidia/parakeet-tdt-0.6b-v3	cpu
torgo-M05-Session2-0329	M05	dysarthric	/Users/animesh/Animesh/Project 2.0/echora/data/raw/torgo/M/M05/Session2/wav_headMic/0329.wav	2.507	0.229	0.0915	nest		[]		nvidia/parakeet-tdt-0.6b-v3	cpu
torgo-M01-Session2_3-0266	M01	dysarthric	/Users/animesh/Animesh/Project 2.0/echora/data/raw/torgo/M/M01/Session2_3/wav_headMic/0266.wav	2.508	0.229	0.0914	knitting	Maybe.	[]		nvidia/parakeet-tdt-0.6b-v3	cpu
torgo-M02-Session1-0077	M02	dysarthric	/Users/animesh/Animesh/Project 2.0/echora/data/raw/torgo/M/M02/Session1/wav_headMic/0077.wav	2.509	0.229	0.0914	range	Рэнч.	[]		nvidia/parakeet-tdt-0.6b-v3	cpu
torgo-F04-Session2-0095	F04	dysarthric	/Users/animesh/Animesh/Project 2.0/echora/data/raw/torgo/F/F04/Session2/wav_headMic/0095.wav	2.510	0.229	0.0913	golf	Каф.	[]		nvidia/parakeet-tdt-0.6b-v3	cpu
torgo-M03-Session2-0225	M03	dysarthric	/Users/animesh/Animesh/Project 2.0/echora/data/raw/torgo/M/M03/Session2/wav_headMic/0225.wav	2.510	0.229	0.0913	toot	Toot.	[]		nvidia/parakeet-tdt-0.6b-v3	cpu
torgo-M03-Session2-0236	M03	dysarthric	/Users/animesh/Animesh/Project 2.0/echora/data/raw/torgo/M/M03/Session2/wav_headMic/0236.wav	2.510	0.222	0.0885	fate	Fate.	[]		nvidia/parakeet-tdt-0.6b-v3	cpu
torgo-M03-Session2-0322	M03	dysarthric	/Users/animesh/Animesh/Project 2.0/echora/data/raw/torgo/M/M03/Session2/wav_headMic/0322.wav	2.510	0.222	0.0885	blow	Plow.	[]		nvidia/parakeet-tdt-0.6b-v3	cpu
torgo-M05-Session2-0203	M05	dysarthric	/Users/animesh/Animesh/Project 2.0/echora/data/raw/torgo/M/M05/Session2/wav_headMic/0203.wav	2.510	0.222	0.0885	five	Файв.	[]		nvidia/parakeet-tdt-0.6b-v3	cpu
torgo-M05-Session2-0285	M05	dysarthric	/Users/animesh/Animesh/Project 2.0/echora/data/raw/torgo/M/M05/Session2/wav_headMic/0285.wav	2.510	0.222	0.0885	ham		[]		nvidia/parakeet-tdt-0.6b-v3	cpu
torgo-M02-Session1-0031	M02	dysarthric	/Users/animesh/Animesh/Project 2.0/echora/data/raw/torgo/M/M02/Session1/wav_headMic/0031.wav	2.510	0.222	0.0885	go	Кау	[]		nvidia/parakeet-tdt-0.6b-v3	cpu
torgo-F04-Session2-0239	F04	dysarthric	/Users/animesh/Animesh/Project 2.0/echora/data/raw/torgo/F/F04/Session2/wav_headMic/0239.wav	2.515	0.222	0.0883	knot	Not	[]		nvidia/parakeet-tdt-0.6b-v3	cpu
torgo-M03-Session2-0060	M03	dysarthric	/Users/animesh/Animesh/Project 2.0/echora/data/raw/torgo/M/M03/Session2/wav_headMic/0060.wav	2.515	0.222	0.0883	dagger	Dagger.	[]		nvidia/parakeet-tdt-0.6b-v3	cpu
torgo-M03-Session2-0254	M03	dysarthric	/Users/animesh/Animesh/Project 2.0/echora/data/raw/torgo/M/M03/Session2/wav_headMic/0254.wav	2.515	0.222	0.0883	witty	Witty.	[]		nvidia/parakeet-tdt-0.6b-v3	cpu
torgo-M03-Session2-0352	M03	dysarthric	/Users/animesh/Animesh/Project 2.0/echora/data/raw/torgo/M/M03/Session2/wav_headMic/0352.wav	2.515	0.260	0.1035	him		[]		nvidia/parakeet-tdt-0.6b-v3	cpu
torgo-M04-Session2-0036	M04	dysarthric	/Users/animesh/Animesh/Project 2.0/echora/data/raw/torgo/M/M04/Session2/wav_headMic/0036.wav	2.515	0.260	0.1035	knew		[]		nvidia/parakeet-tdt-0.6b-v3	cpu
torgo-M04-Session2-0259	M04	dysarthric	/Users/animesh/Animesh/Project 2.0/echora/data/raw/torgo/M/M04/Session2/wav_headMic/0259.wav	2.515	0.260	0.1035	xxx		[]		nvidia/parakeet-tdt-0.6b-v3	cpu
torgo-M05-Session1-0014	M05	dysarthric	/Users/animesh/Animesh/Project 2.0/echora/data/raw/torgo/M/M05/Session1/wav_headMic/0014.wav	2.515	0.260	0.1035	read	Read.	[]		nvidia/parakeet-tdt-0.6b-v3	cpu
torgo-M02-Session1-0162	M02	dysarthric	/Users/animesh/Animesh/Project 2.0/echora/data/raw/torgo/M/M02/Session1/wav_headMic/0162.wav	2.517	0.260	0.1034	were	Well	[]		nvidia/parakeet-tdt-0.6b-v3	cpu
torgo-M02-Session1-0195	M02	dysarthric	/Users/animesh/Animesh/Project 2.0/echora/data/raw/torgo/M/M02/Session1/wav_headMic/0195.wav	2.517	0.260	0.1034	floor	Сло	[]		nvidia/parakeet-tdt-0.6b-v3	cpu
torgo-F04-Session2-0071	F04	dysarthric	/Users/animesh/Animesh/Project 2.0/echora/data/raw/torgo/F/F04/Session2/wav_headMic/0071.wav	2.520	0.260	0.1033	him	Him	[]		nvidia/parakeet-tdt-0.6b-v3	cpu
torgo-M02-Session2-0097	M02	dysarthric	/Users/animesh/Animesh/Project 2.0/echora/data/raw/torgo/M/M02/Session2/wav_headMic/0097.wav	2.520	0.260	0.1033	echo	Echo.	[]		nvidia/parakeet-tdt-0.6b-v3	cpu
torgo-M02-Session2-0174	M02	dysarthric	/Users/animesh/Animesh/Project 2.0/echora/data/raw/torgo/M/M02/Session2/wav_headMic/0174.wav	2.520	0.255	0.1013	cake	К	[]		nvidia/parakeet-tdt-0.6b-v3	cpu
torgo-M03-Session2-0190	M03	dysarthric	/Users/animesh/Animesh/Project 2.0/echora/data/raw/torgo/M/M03/Session2/wav_headMic/0190.wav	2.520	0.255	0.1013	sprinkle	sprinkle.	[]		nvidia/parakeet-tdt-0.6b-v3	cpu
torgo-M03-Session2-0272	M03	dysarthric	/Users/animesh/Animesh/Project 2.0/echora/data/raw/torgo/M/M03/Session2/wav_headMic/0272.wav	2.520	0.255	0.1013	thought	Thought.	[]		nvidia/parakeet-tdt-0.6b-v3	cpu
torgo-M03-Session2-0337	M03	dysarthric	/Users/animesh/Animesh/Project 2.0/echora/data/raw/torgo/M/M03/Session2/wav_headMic/0337.wav	2.520	0.255	0.1013	foxtrot	Foxtrot.	[]		nvidia/parakeet-tdt-0.6b-v3	cpu
torgo-M03-Session2-0366	M03	dysarthric	/Users/animesh/Animesh/Project 2.0/echora/data/raw/torgo/M/M03/Session2/wav_headMic/0366.wav	2.520	0.255	0.1013	xxx		[]		nvidia/parakeet-tdt-0.6b-v3	cpu
torgo-M04-Session2-0212	M04	dysarthric	/Users/animesh/Animesh/Project 2.0/echora/data/raw/torgo/M/M04/Session2/wav_headMic/0212.wav	2.520	0.255	0.1013	urgent	We didn't.	[]		nvidia/parakeet-tdt-0.6b-v3	cpu
torgo-M05-Session1-0128	M05	dysarthric	/Users/animesh/Animesh/Project 2.0/echora/data/raw/torgo/M/M05/Session1/wav_headMic/0128.wav	2.520	0.255	0.1013	ship	Хи хип.	[]		nvidia/parakeet-tdt-0.6b-v3	cpu
torgo-M05-Session2-0144	M05	dysarthric	/Users/animesh/Animesh/Project 2.0/echora/data/raw/torgo/M/M05/Session2/wav_headMic/0144.wav	2.520	0.255	0.1013	top	So	[]		nvidia/parakeet-tdt-0.6b-v3	cpu
torgo-M05-Session2-0158	M05	dysarthric	/Users/animesh/Animesh/Project 2.0/echora/data/raw/torgo/M/M05/Session2/wav_headMic/0158.wav	2.520	0.253	0.1003	bit	B	[]		nvidia/parakeet-tdt-0.6b-v3	cpu
torgo-F03-Session3-0016	F03	dysarthric	/Users/animesh/Animesh/Project 2.0/echora/data/raw/torgo/F/F03/Session3/wav_headMic/0016.wav	2.520	0.253	0.1003	sierra	Сира.	[]		nvidia/parakeet-tdt-0.6b-v3	cpu
torgo-M02-Session2-0219	M02	dysarthric	/Users/animesh/Animesh/Project 2.0/echora/data/raw/torgo/M/M02/Session2/wav_headMic/0219.wav	2.525	0.253	0.1001	leak	Лейк.	[]		nvidia/parakeet-tdt-0.6b-v3	cpu
torgo-M03-Session2-0116	M03	dysarthric	/Users/animesh/Animesh/Project 2.0/echora/data/raw/torgo/M/M03/Session2/wav_headMic/0116.wav	2.525	0.253	0.1001	rave	Rave.	[]		nvidia/parakeet-tdt-0.6b-v3	cpu
torgo-M03-Session2-0353	M03	dysarthric	/Users/animesh/Animesh/Project 2.0/echora/data/raw/torgo/M/M03/Session2/wav_headMic/0353.wav	2.525	0.253	0.1001	sign	Sign	[]		nvidia/parakeet-tdt-0.6b-v3	cpu
torgo-M02-Session1-0143	M02	dysarthric	/Users/animesh/Animesh/Project 2.0/echora/data/raw/torgo/M/M02/Session1/wav_headMic/0143.wav	2.525	0.253	0.1001	no	Oh no.	[]		nvidia/parakeet-tdt-0.6b-v3	cpu
torgo-M01-Session2_3-0133	M01	dysarthric	/Users/animesh/Animesh/Project 2.0/echora/data/raw/torgo/M/M01/Session2_3/wav_headMic/0133.wav	2.527	0.253	0.1001	cope	Куб.	[]		nvidia/parakeet-tdt-0.6b-v3	cpu
torgo-M05-Session2-0034	M05	dysarthric	/Users/animesh/Animesh/Project 2.0/echora/data/raw/torgo/M/M05/Session2/wav_headMic/0034.wav	2.530	0.253	0.0999	single	Сеньгель.	[]		nvidia/parakeet-tdt-0.6b-v3	cpu
torgo-M04-Session2-0028	M04	dysarthric	/Users/animesh/Animesh/Project 2.0/echora/data/raw/torgo/M/M04/Session2/wav_headMic/0028.wav	2.535	0.254	0.1004	rage	Fake.	[]		nvidia/parakeet-tdt-0.6b-v3	cpu
torgo-M04-Session2-0280	M04	dysarthric	/Users/animesh/Animesh/Project 2.0/echora/data/raw/torgo/M/M04/Session2/wav_headMic/0280.wav	2.535	0.254	0.1004	hat		[]		nvidia/parakeet-tdt-0.6b-v3	cpu
torgo-F03-Session2-0104	F03	dysarthric	/Users/animesh/Animesh/Project 2.0/echora/data/raw/torgo/F/F03/Session2/wav_headMic/0104.wav	2.540	0.254	0.1002	sitting	Северь.	[]		nvidia/parakeet-tdt-0.6b-v3	cpu
torgo-F03-Session3-0184	F03	dysarthric	/Users/animesh/Animesh/Project 2.0/echora/data/raw/torgo/F/F03/Session3/wav_headMic/0184.wav	2.540	0.254	0.1002	We bought a brown chair.	We bought a bunter.	[]		nvidia/parakeet-tdt-0.6b-v3	cpu
torgo-F04-Session2-0116	F04	dysarthric	/Users/animesh/Animesh/Project 2.0/echora/data/raw/torgo/F/F04/Session2/wav_headMic/0116.wav	2.540	0.254	0.1002	part	Part.	[]		nvidia/parakeet-tdt-0.6b-v3	cpu
torgo-F04-Session2-0190	F04	dysarthric	/Users/animesh/Animesh/Project 2.0/echora/data/raw/torgo/F/F04/Session2/wav_headMic/0190.wav	2.540	0.254	0.1002	barn	Barn	[]		nvidia/parakeet-tdt-0.6b-v3	cpu
torgo-M03-Session2-0041	M03	dysarthric	/Users/animesh/Animesh/Project 2.0/echora/data/raw/torgo/M/M03/Session2/wav_headMic/0041.wav	2.540	0.254	0.1002	pat	Patch.	[]		nvidia/parakeet-tdt-0.6b-v3	cpu
torgo-M03-Session2-0177	M03	dysarthric	/Users/animesh/Animesh/Project 2.0/echora/data/raw/torgo/M/M03/Session2/wav_headMic/0177.wav	2.540	0.254	0.1002	mere	Мир	[]		nvidia/parakeet-tdt-0.6b-v3	cpu
torgo-M04-Session2-0125	M04	dysarthric	/Users/animesh/Animesh/Project 2.0/echora/data/raw/torgo/M/M04/Session2/wav_headMic/0125.wav	2.540	0.251	0.0990	know	Но	[]		nvidia/parakeet-tdt-0.6b-v3	cpu
torgo-M04-Session2-0163	M04	dysarthric	/Users/animesh/Animesh/Project 2.0/echora/data/raw/torgo/M/M04/Session2/wav_headMic/0163.wav	2.540	0.251	0.0990	snoop	Snoop.	[]		nvidia/parakeet-tdt-0.6b-v3	cpu
torgo-M04-Session2-0197	M04	dysarthric	/Users/animesh/Animesh/Project 2.0/echora/data/raw/torgo/M/M04/Session2/wav_headMic/0197.wav	2.540	0.251	0.0990	error	Eh bah.	[]		nvidia/parakeet-tdt-0.6b-v3	cpu
torgo-M05-Session2-0084	M05	dysarthric	/Users/animesh/Animesh/Project 2.0/echora/data/raw/torgo/M/M05/Session2/wav_headMic/0084.wav	2.540	0.251	0.0990	gnaw	Да?	[]		nvidia/parakeet-tdt-0.6b-v3	cpu
torgo-M02-Session1-0158	M02	dysarthric	/Users/animesh/Animesh/Project 2.0/echora/data/raw/torgo/M/M02/Session1/wav_headMic/0158.wav	2.543	0.251	0.0989	three	Стрель.	[]		nvidia/parakeet-tdt-0.6b-v3	cpu
torgo-F04-Session2-0156	F04	dysarthric	/Users/animesh/Animesh/Project 2.0/echora/data/raw/torgo/F/F04/Session2/wav_headMic/0156.wav	2.545	0.251	0.0988	leak	Лик.	[]		nvidia/parakeet-tdt-0.6b-v3	cpu
torgo-M02-Session2-0198	M02	dysarthric	/Users/animesh/Animesh/Project 2.0/echora/data/raw/torgo/M/M02/Session2/wav_headMic/0198.wav	2.545	0.251	0.0988	shy	Sorry.	[]		nvidia/parakeet-tdt-0.6b-v3	cpu
torgo-M03-Session2-0022	M03	dysarthric	/Users/animesh/Animesh/Project 2.0/echora/data/raw/torgo/M/M03/Session2/wav_headMic/0022.wav	2.545	0.251	0.0988	weed	Уид.	[]		nvidia/parakeet-tdt-0.6b-v3	cpu
torgo-M05-Session2-0021	M05	dysarthric	/Users/animesh/Animesh/Project 2.0/echora/data/raw/torgo/M/M05/Session2/wav_headMic/0021.wav	2.545	0.225	0.0883	knot	Not	[]		nvidia/parakeet-tdt-0.6b-v3	cpu
torgo-M02-Session1-0068	M02	dysarthric	/Users/animesh/Animesh/Project 2.0/echora/data/raw/torgo/M/M02/Session1/wav_headMic/0068.wav	2.548	0.225	0.0882	floor		[]		nvidia/parakeet-tdt-0.6b-v3	cpu
torgo-M02-Session1-0039	M02	dysarthric	/Users/animesh/Animesh/Project 2.0/echora/data/raw/torgo/M/M02/Session1/wav_headMic/0039.wav	2.550	0.225	0.0882	sticks	Стерс.	[]		nvidia/parakeet-tdt-0.6b-v3	cpu
torgo-M02-Session2-0113	M02	dysarthric	/Users/animesh/Animesh/Project 2.0/echora/data/raw/torgo/M/M02/Session2/wav_headMic/0113.wav	2.550	0.225	0.0882	lair	Is that air?	[]		nvidia/parakeet-tdt-0.6b-v3	cpu
torgo-M02-Session2-0124	M02	dysarthric	/Users/animesh/Animesh/Project 2.0/echora/data/raw/torgo/M/M02/Session2/wav_headMic/0124.wav	2.550	0.225	0.0882	loyal	Mm-hmm.	[]		nvidia/parakeet-tdt-0.6b-v3	cpu
torgo-M04-Session2-0057	M04	dysarthric	/Users/animesh/Animesh/Project 2.0/echora/data/raw/torgo/M/M04/Session2/wav_headMic/0057.wav	2.550	0.225	0.0882	range	Rink.	[]		nvidia/parakeet-tdt-0.6b-v3	cpu
torgo-M05-Session1-0006	M05	dysarthric	/Users/animesh/Animesh/Project 2.0/echora/data/raw/torgo/M/M05/Session1/wav_headMic/0006.wav	2.550	0.225	0.0882	train	Тхэнь.	[]		nvidia/parakeet-tdt-0.6b-v3	cpu
torgo-F04-Session2-0001	F04	dysarthric	/Users/animesh/Animesh/Project 2.0/echora/data/raw/torgo/F/F04/Session2/wav_headMic/0001.wav	2.555	0.225	0.0880	shoot	Shoot.	[]		nvidia/parakeet-tdt-0.6b-v3	cpu
torgo-M03-Session2-0326	M03	dysarthric	/Users/animesh/Animesh/Project 2.0/echora/data/raw/torgo/M/M03/Session2/wav_headMic/0326.wav	2.555	0.228	0.0894	lair		[]		nvidia/parakeet-tdt-0.6b-v3	cpu
torgo-M04-Session2-0087	M04	dysarthric	/Users/animesh/Animesh/Project 2.0/echora/data/raw/torgo/M/M04/Session2/wav_headMic/0087.wav	2.555	0.228	0.0894	swarm	Storm.	[]		nvidia/parakeet-tdt-0.6b-v3	cpu
torgo-M04-Session2-0162	M04	dysarthric	/Users/animesh/Animesh/Project 2.0/echora/data/raw/torgo/M/M04/Session2/wav_headMic/0162.wav	2.555	0.228	0.0894	sigh	Пса.	[]		nvidia/parakeet-tdt-0.6b-v3	cpu
torgo-M05-Session2-0054	M05	dysarthric	/Users/animesh/Animesh/Project 2.0/echora/data/raw/torgo/M/M05/Session2/wav_headMic/0054.wav	2.555	0.228	0.0894	mere	Mewth.	[]		nvidia/parakeet-tdt-0.6b-v3	cpu
torgo-M05-Session2-0123	M05	dysarthric	/Users/animesh/Animesh/Project 2.0/echora/data/raw/torgo/M/M05/Session2/wav_headMic/0123.wav	2.555	0.228	0.0894	play	Клей.	[]		nvidia/parakeet-tdt-0.6b-v3	cpu
torgo-F04-Session2-0130	F04	dysarthric	/Users/animesh/Animesh/Project 2.0/echora/data/raw/torgo/F/F04/Session2/wav_headMic/0130.wav	2.560	0.228	0.0892	papa	Папа.	[]		nvidia/parakeet-tdt-0.6b-v3	cpu
torgo-M04-Session2-0115	M04	dysarthric	/Users/animesh/Animesh/Project 2.0/echora/data/raw/torgo/M/M04/Session2/wav_headMic/0115.wav	2.560	0.228	0.0892	rain	Ring.	[]		nvidia/parakeet-tdt-0.6b-v3	cpu
torgo-M04-Session2-0120	M04	dysarthric	/Users/animesh/Animesh/Project 2.0/echora/data/raw/torgo/M/M04/Session2/wav_headMic/0120.wav	2.560	0.228	0.0892	bug		[]		nvidia/parakeet-tdt-0.6b-v3	cpu
torgo-M05-Session2-0118	M05	dysarthric	/Users/animesh/Animesh/Project 2.0/echora/data/raw/torgo/M/M05/Session2/wav_headMic/0118.wav	2.560	0.244	0.0954	tear	Pew	[]		nvidia/parakeet-tdt-0.6b-v3	cpu
torgo-F04-Session2-0061	F04	dysarthric	/Users/animesh/Animesh/Project 2.0/echora/data/raw/torgo/F/F04/Session2/wav_headMic/0061.wav	2.565	0.244	0.0953	floor	Floor.	[]		nvidia/parakeet-tdt-0.6b-v3	cpu
torgo-F04-Session2-0221	F04	dysarthric	/Users/animesh/Animesh/Project 2.0/echora/data/raw/torgo/F/F04/Session2/wav_headMic/0221.wav	2.565	0.244	0.0953	no	No.	[]		nvidia/parakeet-tdt-0.6b-v3	cpu
torgo-M04-Session2-0164	M04	dysarthric	/Users/animesh/Animesh/Project 2.0/echora/data/raw/torgo/M/M04/Session2/wav_headMic/0164.wav	2.565	0.244	0.0953	slay	Флэй.	[]		nvidia/parakeet-tdt-0.6b-v3	cpu
torgo-M04-Session2-0205	M04	dysarthric	/Users/animesh/Animesh/Project 2.0/echora/data/raw/torgo/M/M04/Session2/wav_headMic/0205.wav	2.565	0.244	0.0953	rock	Rock.	[]		nvidia/parakeet-tdt-0.6b-v3	cpu
torgo-M05-Session1-0126	M05	dysarthric	/Users/animesh/Animesh/Project 2.0/echora/data/raw/torgo/M/M05/Session1/wav_headMic/0126.wav	2.565	0.244	0.0953	air		[]		nvidia/parakeet-tdt-0.6b-v3	cpu
torgo-M05-Session2-0366	M05	dysarthric	/Users/animesh/Animesh/Project 2.0/echora/data/raw/torgo/M/M05/Session2/wav_headMic/0366.wav	2.565	0.244	0.0953	fork	Foi.	[]		nvidia/parakeet-tdt-0.6b-v3	cpu
torgo-M02-Session1-0187	M02	dysarthric	/Users/animesh/Animesh/Project 2.0/echora/data/raw/torgo/M/M02/Session1/wav_headMic/0187.wav	2.568	0.244	0.0951	wish	Вор.	[]		nvidia/parakeet-tdt-0.6b-v3	cpu
torgo-F04-Session2-0074	F04	dysarthric	/Users/animesh/Animesh/Project 2.0/echora/data/raw/torgo/F/F04/Session2/wav_headMic/0074.wav	2.570	0.264	0.1029	spark	Spark?	[]		nvidia/parakeet-tdt-0.6b-v3	cpu
torgo-M02-Session2-0185	M02	dysarthric	/Users/animesh/Animesh/Project 2.0/echora/data/raw/torgo/M/M02/Session2/wav_headMic/0185.wav	2.570	0.264	0.1029	seven	A seven.	[]		nvidia/parakeet-tdt-0.6b-v3	cpu
torgo-M03-Session2-0174	M03	dysarthric	/Users/animesh/Animesh/Project 2.0/echora/data/raw/torgo/M/M03/Session2/wav_headMic/0174.wav	2.570	0.264	0.1029	cheer	Cheer.	[]		nvidia/parakeet-tdt-0.6b-v3	cpu
torgo-M03-Session2-0299	M03	dysarthric	/Users/animesh/Animesh/Project 2.0/echora/data/raw/torgo/M/M03/Session2/wav_headMic/0299.wav	2.570	0.264	0.1029	cart	Carte.	[]		nvidia/parakeet-tdt-0.6b-v3	cpu
torgo-M02-Session2-0126	M02	dysarthric	/Users/animesh/Animesh/Project 2.0/echora/data/raw/torgo/M/M02/Session2/wav_headMic/0126.wav	2.575	0.264	0.1027	written		[]		nvidia/parakeet-tdt-0.6b-v3	cpu
torgo-M03-Session2-0063	M03	dysarthric	/Users/animesh/Animesh/Project 2.0/echora/data/raw/torgo/M/M03/Session2/wav_headMic/0063.wav	2.575	0.264	0.1027	knee		[]		nvidia/parakeet-tdt-0.6b-v3	cpu
torgo-M04-Session2-0012	M04	dysarthric	/Users/animesh/Animesh/Project 2.0/echora/data/raw/torgo/M/M04/Session2/wav_headMic/0012.wav	2.575	0.264	0.1027	feet	Впечь.	[]		nvidia/parakeet-tdt-0.6b-v3	cpu
torgo-M04-Session2-0221	M04	dysarthric	/Users/animesh/Animesh/Project 2.0/echora/data/raw/torgo/M/M04/Session2/wav_headMic/0221.wav	2.575	0.264	0.1027	sigh	Sai	[]		nvidia/parakeet-tdt-0.6b-v3	cpu
torgo-M05-Session2-0004	M05	dysarthric	/Users/animesh/Animesh/Project 2.0/echora/data/raw/torgo/M/M05/Session2/wav_headMic/0004.wav	2.575	0.392	0.1524	sleep	Сыды.	[]		nvidia/parakeet-tdt-0.6b-v3	cpu
torgo-M05-Session2-0077	M05	dysarthric	/Users/animesh/Animesh/Project 2.0/echora/data/raw/torgo/M/M05/Session2/wav_headMic/0077.wav	2.575	0.392	0.1524	pad	Пэд.	[]		nvidia/parakeet-tdt-0.6b-v3	cpu
torgo-F04-Session2-0158	F04	dysarthric	/Users/animesh/Animesh/Project 2.0/echora/data/raw/torgo/F/F04/Session2/wav_headMic/0158.wav	2.580	0.392	0.1521	hark	Hark.	[]		nvidia/parakeet-tdt-0.6b-v3	cpu
torgo-M02-Session2-0135	M02	dysarthric	/Users/animesh/Animesh/Project 2.0/echora/data/raw/torgo/M/M02/Session2/wav_headMic/0135.wav	2.580	0.392	0.1521	bit	B	[]		nvidia/parakeet-tdt-0.6b-v3	cpu
torgo-M03-Session2-0137	M03	dysarthric	/Users/animesh/Animesh/Project 2.0/echora/data/raw/torgo/M/M03/Session2/wav_headMic/0137.wav	2.580	0.392	0.1521	write	Right.	[]		nvidia/parakeet-tdt-0.6b-v3	cpu
torgo-M02-Session1-0223	M02	dysarthric	/Users/animesh/Animesh/Project 2.0/echora/data/raw/torgo/M/M02/Session1/wav_headMic/0223.wav	2.582	0.392	0.1519	mere	Me um	[]		nvidia/parakeet-tdt-0.6b-v3	cpu
torgo-F04-Session2-0181	F04	dysarthric	/Users/animesh/Animesh/Project 2.0/echora/data/raw/torgo/F/F04/Session2/wav_headMic/0181.wav	2.585	0.392	0.1518	knitting	Knitting.	[]		nvidia/parakeet-tdt-0.6b-v3	cpu
torgo-M03-Session2-0152	M03	dysarthric	/Users/animesh/Animesh/Project 2.0/echora/data/raw/torgo/M/M03/Session2/wav_headMic/0152.wav	2.585	0.392	0.1518	bat		[]		nvidia/parakeet-tdt-0.6b-v3	cpu
torgo-M03-Session2-0193	M03	dysarthric	/Users/animesh/Animesh/Project 2.0/echora/data/raw/torgo/M/M03/Session2/wav_headMic/0193.wav	2.585	0.415	0.1605	back	Back.	[]		nvidia/parakeet-tdt-0.6b-v3	cpu
torgo-M04-Session2-0130	M04	dysarthric	/Users/animesh/Animesh/Project 2.0/echora/data/raw/torgo/M/M04/Session2/wav_headMic/0130.wav	2.585	0.415	0.1605	whoop	Und	[]		nvidia/parakeet-tdt-0.6b-v3	cpu
torgo-M05-Session2-0048	M05	dysarthric	/Users/animesh/Animesh/Project 2.0/echora/data/raw/torgo/M/M05/Session2/wav_headMic/0048.wav	2.585	0.415	0.1605	pay	Pay	[]		nvidia/parakeet-tdt-0.6b-v3	cpu
torgo-M03-Session2-0003	M03	dysarthric	/Users/animesh/Animesh/Project 2.0/echora/data/raw/torgo/M/M03/Session2/wav_headMic/0003.wav	2.590	0.415	0.1602	know	No	[]		nvidia/parakeet-tdt-0.6b-v3	cpu
torgo-M04-Session2-0139	M04	dysarthric	/Users/animesh/Animesh/Project 2.0/echora/data/raw/torgo/M/M04/Session2/wav_headMic/0139.wav	2.590	0.415	0.1602	bad		[]		nvidia/parakeet-tdt-0.6b-v3	cpu
torgo-M05-Session2-0229	M05	dysarthric	/Users/animesh/Animesh/Project 2.0/echora/data/raw/torgo/M/M05/Session2/wav_headMic/0229.wav	2.590	0.415	0.1602	seed	Сиды.	[]		nvidia/parakeet-tdt-0.6b-v3	cpu
torgo-M05-Session2-0318	M05	dysarthric	/Users/animesh/Animesh/Project 2.0/echora/data/raw/torgo/M/M05/Session2/wav_headMic/0318.wav	2.590	0.415	0.1602	tango	Tango.	[]		nvidia/parakeet-tdt-0.6b-v3	cpu
torgo-M05-Session1-0088	M05	dysarthric	/Users/animesh/Animesh/Project 2.0/echora/data/raw/torgo/M/M05/Session1/wav_headMic/0088.wav	2.590	0.415	0.1602	rage		[]		nvidia/parakeet-tdt-0.6b-v3	cpu
torgo-M02-Session1-0182	M02	dysarthric	/Users/animesh/Animesh/Project 2.0/echora/data/raw/torgo/M/M02/Session1/wav_headMic/0182.wav	2.594	0.383	0.1478	galore	Коло.	[]		nvidia/parakeet-tdt-0.6b-v3	cpu
torgo-M02-Session1-0201	M02	dysarthric	/Users/animesh/Animesh/Project 2.0/echora/data/raw/torgo/M/M02/Session1/wav_headMic/0201.wav	2.594	0.383	0.1478	sigh	Сайф.	[]		nvidia/parakeet-tdt-0.6b-v3	cpu
torgo-M02-Session2-0138	M02	dysarthric	/Users/animesh/Animesh/Project 2.0/echora/data/raw/torgo/M/M02/Session2/wav_headMic/0138.wav	2.595	0.383	0.1477	fill		[]		nvidia/parakeet-tdt-0.6b-v3	cpu
torgo-M03-Session2-0365	M03	dysarthric	/Users/animesh/Animesh/Project 2.0/echora/data/raw/torgo/M/M03/Session2/wav_headMic/0365.wav	2.595	0.383	0.1477	leak	Лиг.	[]		nvidia/parakeet-tdt-0.6b-v3	cpu
torgo-M04-Session2-0085	M04	dysarthric	/Users/animesh/Animesh/Project 2.0/echora/data/raw/torgo/M/M04/Session2/wav_headMic/0085.wav	2.595	0.383	0.1477	car		[]		nvidia/parakeet-tdt-0.6b-v3	cpu
torgo-M03-Session2-0197	M03	dysarthric	/Users/animesh/Animesh/Project 2.0/echora/data/raw/torgo/M/M03/Session2/wav_headMic/0197.wav	2.600	0.383	0.1474	root	Route.	[]		nvidia/parakeet-tdt-0.6b-v3	cpu
torgo-M04-Session2-0070	M04	dysarthric	/Users/animesh/Animesh/Project 2.0/echora/data/raw/torgo/M/M04/Session2/wav_headMic/0070.wav	2.600	0.383	0.1474	feet	Pete.	[]		nvidia/parakeet-tdt-0.6b-v3	cpu
torgo-M05-Session1-0050	M05	dysarthric	/Users/animesh/Animesh/Project 2.0/echora/data/raw/torgo/M/M05/Session1/wav_headMic/0050.wav	2.600	0.383	0.1474	weed	Weed.	[]		nvidia/parakeet-tdt-0.6b-v3	cpu
torgo-M02-Session1-0235	M02	dysarthric	/Users/animesh/Animesh/Project 2.0/echora/data/raw/torgo/M/M02/Session1/wav_headMic/0235.wav	2.604	0.215	0.0824	root	Двут.	[]		nvidia/parakeet-tdt-0.6b-v3	cpu
torgo-F03-Session3-0065	F03	dysarthric	/Users/animesh/Animesh/Project 2.0/echora/data/raw/torgo/F/F03/Session3/wav_headMic/0065.wav	2.605	0.215	0.0824	There was only one decision to be made.	There was only one decision to be made.	[]		nvidia/parakeet-tdt-0.6b-v3	cpu
torgo-F03-Session3-0179	F03	dysarthric	/Users/animesh/Animesh/Project 2.0/echora/data/raw/torgo/F/F03/Session3/wav_headMic/0179.wav	2.605	0.215	0.0824	dice	Тас.	[]		nvidia/parakeet-tdt-0.6b-v3	cpu
torgo-F04-Session2-0202	F04	dysarthric	/Users/animesh/Animesh/Project 2.0/echora/data/raw/torgo/F/F04/Session2/wav_headMic/0202.wav	2.605	0.215	0.0824	start	Старт.	[]		nvidia/parakeet-tdt-0.6b-v3	cpu
torgo-M03-Session2-0147	M03	dysarthric	/Users/animesh/Animesh/Project 2.0/echora/data/raw/torgo/M/M03/Session2/wav_headMic/0147.wav	2.605	0.215	0.0824	coupe	Круп.	[]		nvidia/parakeet-tdt-0.6b-v3	cpu
torgo-M03-Session2-0376	M03	dysarthric	/Users/animesh/Animesh/Project 2.0/echora/data/raw/torgo/M/M03/Session2/wav_headMic/0376.wav	2.605	0.215	0.0824	pretty	Pretty.	[]		nvidia/parakeet-tdt-0.6b-v3	cpu
torgo-M05-Session2-0012	M05	dysarthric	/Users/animesh/Animesh/Project 2.0/echora/data/raw/torgo/M/M05/Session2/wav_headMic/0012.wav	2.605	0.215	0.0824	know	Неву.	[]		nvidia/parakeet-tdt-0.6b-v3	cpu
torgo-M05-Session2-0306	M05	dysarthric	/Users/animesh/Animesh/Project 2.0/echora/data/raw/torgo/M/M05/Session2/wav_headMic/0306.wav	2.605	0.215	0.0824	best	Бест	[]		nvidia/parakeet-tdt-0.6b-v3	cpu
torgo-M05-Session2-0363	M05	dysarthric	/Users/animesh/Animesh/Project 2.0/echora/data/raw/torgo/M/M05/Session2/wav_headMic/0363.wav	2.605	0.222	0.0854	red		[]		nvidia/parakeet-tdt-0.6b-v3	cpu
torgo-M05-Session2-0302	M05	dysarthric	/Users/animesh/Animesh/Project 2.0/echora/data/raw/torgo/M/M05/Session2/wav_headMic/0302.wav	2.607	0.222	0.0853	sing		[]		nvidia/parakeet-tdt-0.6b-v3	cpu
torgo-M02-Session1-0122	M02	dysarthric	/Users/animesh/Animesh/Project 2.0/echora/data/raw/torgo/M/M02/Session1/wav_headMic/0122.wav	2.610	0.222	0.0852	trace	Trail.	[]		nvidia/parakeet-tdt-0.6b-v3	cpu
torgo-M02-Session1-0114	M02	dysarthric	/Users/animesh/Animesh/Project 2.0/echora/data/raw/torgo/M/M02/Session1/wav_headMic/0114.wav	2.610	0.222	0.0852	spark	Старук.	[]		nvidia/parakeet-tdt-0.6b-v3	cpu
torgo-M04-Session2-0051	M04	dysarthric	/Users/animesh/Animesh/Project 2.0/echora/data/raw/torgo/M/M04/Session2/wav_headMic/0051.wav	2.610	0.222	0.0852	farm	From	[]		nvidia/parakeet-tdt-0.6b-v3	cpu
torgo-M04-Session2-0171	M04	dysarthric	/Users/animesh/Animesh/Project 2.0/echora/data/raw/torgo/M/M04/Session2/wav_headMic/0171.wav	2.610	0.222	0.0852	slip	Slip.	[]		nvidia/parakeet-tdt-0.6b-v3	cpu
torgo-M04-Session2-0214	M04	dysarthric	/Users/animesh/Animesh/Project 2.0/echora/data/raw/torgo/M/M04/Session2/wav_headMic/0214.wav	2.610	0.222	0.0852	of		[]		nvidia/parakeet-tdt-0.6b-v3	cpu
torgo-M05-Session1-0021	M05	dysarthric	/Users/animesh/Animesh/Project 2.0/echora/data/raw/torgo/M/M05/Session1/wav_headMic/0021.wav	2.610	0.222	0.0852	sip	Shit.	[]		nvidia/parakeet-tdt-0.6b-v3	cpu
torgo-M03-Session2-0021	M03	dysarthric	/Users/animesh/Animesh/Project 2.0/echora/data/raw/torgo/M/M03/Session2/wav_headMic/0021.wav	2.610	0.210	0.0805	goat	Goat.	[]		nvidia/parakeet-tdt-0.6b-v3	cpu
torgo-F03-Session3-0052	F03	dysarthric	/Users/animesh/Animesh/Project 2.0/echora/data/raw/torgo/F/F03/Session3/wav_headMic/0052.wav	2.615	0.210	0.0803	He took me out one day.	He took me out one day.	[]		nvidia/parakeet-tdt-0.6b-v3	cpu
torgo-F03-Session3-0101	F03	dysarthric	/Users/animesh/Animesh/Project 2.0/echora/data/raw/torgo/F/F03/Session3/wav_headMic/0101.wav	2.615	0.210	0.0803	I've kept it with me ever since.	I've kept it with me ever since.	[]		nvidia/parakeet-tdt-0.6b-v3	cpu
torgo-M04-Session2-0250	M04	dysarthric	/Users/animesh/Animesh/Project 2.0/echora/data/raw/torgo/M/M04/Session2/wav_headMic/0250.wav	2.615	0.210	0.0803	four		[]		nvidia/parakeet-tdt-0.6b-v3	cpu
torgo-M05-Session1-0008	M05	dysarthric	/Users/animesh/Animesh/Project 2.0/echora/data/raw/torgo/M/M05/Session1/wav_headMic/0008.wav	2.615	0.210	0.0803	up	Uh	[]		nvidia/parakeet-tdt-0.6b-v3	cpu
torgo-M05-Session2-0319	M05	dysarthric	/Users/animesh/Animesh/Project 2.0/echora/data/raw/torgo/M/M05/Session2/wav_headMic/0319.wav	2.615	0.210	0.0803	sip		[]		nvidia/parakeet-tdt-0.6b-v3	cpu
torgo-F04-Session2-0245	F04	dysarthric	/Users/animesh/Animesh/Project 2.0/echora/data/raw/torgo/F/F04/Session2/wav_headMic/0245.wav	2.615	0.210	0.0803	nut	Nut	[]		nvidia/parakeet-tdt-0.6b-v3	cpu
torgo-M02-Session1-0186	M02	dysarthric	/Users/animesh/Animesh/Project 2.0/echora/data/raw/torgo/M/M02/Session1/wav_headMic/0186.wav	2.619	0.210	0.0802	charlie	Чалли.	[]		nvidia/parakeet-tdt-0.6b-v3	cpu
torgo-M02-Session1-0190	M02	dysarthric	/Users/animesh/Animesh/Project 2.0/echora/data/raw/torgo/M/M02/Session1/wav_headMic/0190.wav	2.619	0.372	0.1419	knew		[]		nvidia/parakeet-tdt-0.6b-v3	cpu
torgo-M02-Session1-0191	M02	dysarthric	/Users/animesh/Animesh/Project 2.0/echora/data/raw/torgo/M/M02/Session1/wav_headMic/0191.wav	2.619	0.372	0.1419	tie		[]		nvidia/parakeet-tdt-0.6b-v3	cpu
torgo-F04-Session2-0094	F04	dysarthric	/Users/animesh/Animesh/Project 2.0/echora/data/raw/torgo/F/F04/Session2/wav_headMic/0094.wav	2.620	0.372	0.1419	darn	Darn	[]		nvidia/parakeet-tdt-0.6b-v3	cpu
torgo-F04-Session2-0145	F04	dysarthric	/Users/animesh/Animesh/Project 2.0/echora/data/raw/torgo/F/F04/Session2/wav_headMic/0145.wav	2.620	0.372	0.1419	league	Лиг.	[]		nvidia/parakeet-tdt-0.6b-v3	cpu
torgo-F04-Session2-0154	F04	dysarthric	/Users/animesh/Animesh/Project 2.0/echora/data/raw/torgo/F/F04/Session2/wav_headMic/0154.wav	2.620	0.372	0.1419	rich	Rich.	[]		nvidia/parakeet-tdt-0.6b-v3	cpu
torgo-M01-Session1-0007	M01	dysarthric	/Users/animesh/Animesh/Project 2.0/echora/data/raw/torgo/M/M01/Session1/wav_headMic/0007.wav	2.620	0.372	0.1419	trouble	Чабба.	[]		nvidia/parakeet-tdt-0.6b-v3	cpu
torgo-M02-Session2-0141	M02	dysarthric	/Users/animesh/Animesh/Project 2.0/echora/data/raw/torgo/M/M02/Session2/wav_headMic/0141.wav	2.620	0.372	0.1419	pit		[]		nvidia/parakeet-tdt-0.6b-v3	cpu
torgo-M03-Session2-0043	M03	dysarthric	/Users/animesh/Animesh/Project 2.0/echora/data/raw/torgo/M/M03/Session2/wav_headMic/0043.wav	2.620	0.372	0.1419	swarm	Swarm	[]		nvidia/parakeet-tdt-0.6b-v3	cpu
torgo-M03-Session2-0178	M03	dysarthric	/Users/animesh/Animesh/Project 2.0/echora/data/raw/torgo/M/M03/Session2/wav_headMic/0178.wav	2.620	0.218	0.0833	ate		[]		nvidia/parakeet-tdt-0.6b-v3	cpu
torgo-M05-Session1-0127	M05	dysarthric	/Users/animesh/Animesh/Project 2.0/echora/data/raw/torgo/M/M05/Session1/wav_headMic/0127.wav	2.620	0.218	0.0833	knee		[]		nvidia/parakeet-tdt-0.6b-v3	cpu
torgo-M05-Session2-0248	M05	dysarthric	/Users/animesh/Animesh/Project 2.0/echora/data/raw/torgo/M/M05/Session2/wav_headMic/0248.wav	2.620	0.218	0.0833	side	Сайд.	[]		nvidia/parakeet-tdt-0.6b-v3	cpu
torgo-M05-Session1-0072	M05	dysarthric	/Users/animesh/Animesh/Project 2.0/echora/data/raw/torgo/M/M05/Session1/wav_headMic/0072.wav	2.620	0.218	0.0833	knew		[]		nvidia/parakeet-tdt-0.6b-v3	cpu
torgo-F03-Session3-0178	F03	dysarthric	/Users/animesh/Animesh/Project 2.0/echora/data/raw/torgo/F/F03/Session3/wav_headMic/0178.wav	2.625	0.218	0.0831	xxx	Thanks.	[]		nvidia/parakeet-tdt-0.6b-v3	cpu
torgo-M03-Session2-0369	M03	dysarthric	/Users/animesh/Animesh/Project 2.0/echora/data/raw/torgo/M/M03/Session2/wav_headMic/0369.wav	2.625	0.218	0.0831	nine		[]		nvidia/parakeet-tdt-0.6b-v3	cpu
torgo-M05-Session1-0048	M05	dysarthric	/Users/animesh/Animesh/Project 2.0/echora/data/raw/torgo/M/M05/Session1/wav_headMic/0048.wav	2.625	0.218	0.0831	warm	Ooh	[]		nvidia/parakeet-tdt-0.6b-v3	cpu
torgo-M05-Session2-0126	M05	dysarthric	/Users/animesh/Animesh/Project 2.0/echora/data/raw/torgo/M/M05/Session2/wav_headMic/0126.wav	2.625	0.218	0.0831	peer	Pew	[]		nvidia/parakeet-tdt-0.6b-v3	cpu
torgo-F03-Session2-0089	F03	dysarthric	/Users/animesh/Animesh/Project 2.0/echora/data/raw/torgo/F/F03/Session2/wav_headMic/0089.wav	2.630	0.234	0.0890	loyal	То я	[]		nvidia/parakeet-tdt-0.6b-v3	cpu
torgo-M03-Session2-0122	M03	dysarthric	/Users/animesh/Animesh/Project 2.0/echora/data/raw/torgo/M/M03/Session2/wav_headMic/0122.wav	2.630	0.234	0.0890	wish	Wish	[]		nvidia/parakeet-tdt-0.6b-v3	cpu
torgo-M05-Session2-0063	M05	dysarthric	/Users/animesh/Animesh/Project 2.0/echora/data/raw/torgo/M/M05/Session2/wav_headMic/0063.wav	2.630	0.234	0.0890	of	Ав.	[]		nvidia/parakeet-tdt-0.6b-v3	cpu
torgo-M05-Session2-0214	M05	dysarthric	/Users/animesh/Animesh/Project 2.0/echora/data/raw/torgo/M/M05/Session2/wav_headMic/0214.wav	2.630	0.234	0.0890	him	Хим	[]		nvidia/parakeet-tdt-0.6b-v3	cpu
torgo-F03-Session3-0188	F03	dysarthric	/Users/animesh/Animesh/Project 2.0/echora/data/raw/torgo/F/F03/Session3/wav_headMic/0188.wav	2.635	0.234	0.0888	He wrapped the package hastily.	He wrapped the package hastily.	[]		nvidia/parakeet-tdt-0.6b-v3	cpu
torgo-M04-Session2-0094	M04	dysarthric	/Users/animesh/Animesh/Project 2.0/echora/data/raw/torgo/M/M04/Session2/wav_headMic/0094.wav	2.635	0.234	0.0888	double	Да бо	[]		nvidia/parakeet-tdt-0.6b-v3	cpu
torgo-M05-Session1-0017	M05	dysarthric	/Users/animesh/Animesh/Project 2.0/echora/data/raw/torgo/M/M05/Session1/wav_headMic/0017.wav	2.635	0.234	0.0888	sheet		[]		nvidia/parakeet-tdt-0.6b-v3	cpu
torgo-M05-Session1-0040	M05	dysarthric	/Users/animesh/Animesh/Project 2.0/echora/data/raw/torgo/M/M05/Session1/wav_headMic/0040.wav	2.635	0.234	0.0888	yes	Yes.	[]		nvidia/parakeet-tdt-0.6b-v3	cpu
torgo-M05-Session1-0121	M05	dysarthric	/Users/animesh/Animesh/Project 2.0/echora/data/raw/torgo/M/M05/Session1/wav_headMic/0121.wav	2.635	0.387	0.1470	the	Да.	[]		nvidia/parakeet-tdt-0.6b-v3	cpu
torgo-M05-Session2-0281	M05	dysarthric	/Users/animesh/Animesh/Project 2.0/echora/data/raw/torgo/M/M05/Session2/wav_headMic/0281.wav	2.635	0.387	0.1470	and	And	[]		nvidia/parakeet-tdt-0.6b-v3	cpu
torgo-M02-Session1-0024	M02	dysarthric	/Users/animesh/Animesh/Project 2.0/echora/data/raw/torgo/M/M02/Session1/wav_headMic/0024.wav	2.638	0.387	0.1468	trouble	Trouble.	[]		nvidia/parakeet-tdt-0.6b-v3	cpu
torgo-M02-Session1-0033	M02	dysarthric	/Users/animesh/Animesh/Project 2.0/echora/data/raw/torgo/M/M02/Session1/wav_headMic/0033.wav	2.638	0.387	0.1468	share	Show.	[]		nvidia/parakeet-tdt-0.6b-v3	cpu
torgo-M02-Session1-0131	M02	dysarthric	/Users/animesh/Animesh/Project 2.0/echora/data/raw/torgo/M/M02/Session1/wav_headMic/0131.wav	2.638	0.387	0.1468	sigh	Сайф.	[]		nvidia/parakeet-tdt-0.6b-v3	cpu
torgo-M03-Session2-0133	M03	dysarthric	/Users/animesh/Animesh/Project 2.0/echora/data/raw/torgo/M/M03/Session2/wav_headMic/0133.wav	2.640	0.387	0.1467	fruit	Fruit.	[]		nvidia/parakeet-tdt-0.6b-v3	cpu
torgo-M03-Session2-0242	M03	dysarthric	/Users/animesh/Animesh/Project 2.0/echora/data/raw/torgo/M/M03/Session2/wav_headMic/0242.wav	2.640	0.387	0.1467	much	Much.	[]		nvidia/parakeet-tdt-0.6b-v3	cpu
torgo-M04-Session2-0229	M04	dysarthric	/Users/animesh/Animesh/Project 2.0/echora/data/raw/torgo/M/M04/Session2/wav_headMic/0229.wav	2.640	0.387	0.1467	play		[]		nvidia/parakeet-tdt-0.6b-v3	cpu
torgo-M04-Session2-0262	M04	dysarthric	/Users/animesh/Animesh/Project 2.0/echora/data/raw/torgo/M/M04/Session2/wav_headMic/0262.wav	2.640	0.226	0.0856	pat		[]		nvidia/parakeet-tdt-0.6b-v3	cpu
torgo-M05-Session2-0317	M05	dysarthric	/Users/animesh/Animesh/Project 2.0/echora/data/raw/torgo/M/M05/Session2/wav_headMic/0317.wav	2.640	0.226	0.0856	bitter	Б Т	[]		nvidia/parakeet-tdt-0.6b-v3	cpu
torgo-M02-Session1-0064	M02	dysarthric	/Users/animesh/Animesh/Project 2.0/echora/data/raw/torgo/M/M02/Session1/wav_headMic/0064.wav	2.644	0.226	0.0854	knee		[]		nvidia/parakeet-tdt-0.6b-v3	cpu
torgo-M02-Session1-0087	M02	dysarthric	/Users/animesh/Animesh/Project 2.0/echora/data/raw/torgo/M/M02/Session1/wav_headMic/0087.wav	2.644	0.226	0.0854	form		[]		nvidia/parakeet-tdt-0.6b-v3	cpu
torgo-F03-Session3-0105	F03	dysarthric	/Users/animesh/Animesh/Project 2.0/echora/data/raw/torgo/F/F03/Session3/wav_headMic/0105.wav	2.645	0.226	0.0854	You can ride stagecoach.	Игра сычко.	[]		nvidia/parakeet-tdt-0.6b-v3	cpu
torgo-M03-Session2-0047	M03	dysarthric	/Users/animesh/Animesh/Project 2.0/echora/data/raw/torgo/M/M03/Session2/wav_headMic/0047.wav	2.645	0.226	0.0854	dark	Dark.	[]		nvidia/parakeet-tdt-0.6b-v3	cpu
torgo-M03-Session2-0191	M03	dysarthric	/Users/animesh/Animesh/Project 2.0/echora/data/raw/torgo/M/M03/Session2/wav_headMic/0191.wav	2.645	0.226	0.0854	fear	Fear.	[]		nvidia/parakeet-tdt-0.6b-v3	cpu
torgo-M04-Session2-0059	M04	dysarthric	/Users/animesh/Animesh/Project 2.0/echora/data/raw/torgo/M/M04/Session2/wav_headMic/0059.wav	2.645	0.226	0.0854	chair	Yeah.	[]		nvidia/parakeet-tdt-0.6b-v3	cpu
torgo-F04-Session2-0110	F04	dysarthric	/Users/animesh/Animesh/Project 2.0/echora/data/raw/torgo/F/F04/Session2/wav_headMic/0110.wav	2.645	0.216	0.0818	dart	Dart.	[]		nvidia/parakeet-tdt-0.6b-v3	cpu
torgo-M03-Session2-0358	M03	dysarthric	/Users/animesh/Animesh/Project 2.0/echora/data/raw/torgo/M/M03/Session2/wav_headMic/0358.wav	2.650	0.216	0.0816	witch	Which	[]		nvidia/parakeet-tdt-0.6b-v3	cpu
torgo-M03-Session2-0394	M03	dysarthric	/Users/animesh/Animesh/Project 2.0/echora/data/raw/torgo/M/M03/Session2/wav_headMic/0394.wav	2.650	0.216	0.0816	victor	Victor	[]		nvidia/parakeet-tdt-0.6b-v3	cpu
torgo-M04-Session2-0266	M04	dysarthric	/Users/animesh/Animesh/Project 2.0/echora/data/raw/torgo/M/M04/Session2/wav_headMic/0266.wav	2.650	0.216	0.0816	fate	Fate.	[]		nvidia/parakeet-tdt-0.6b-v3	cpu
torgo-M03-Session2-0113	M03	dysarthric	/Users/animesh/Animesh/Project 2.0/echora/data/raw/torgo/M/M03/Session2/wav_headMic/0113.wav	2.655	0.216	0.0815	rake	Rake.	[]		nvidia/parakeet-tdt-0.6b-v3	cpu
torgo-M03-Session2-0357	M03	dysarthric	/Users/animesh/Animesh/Project 2.0/echora/data/raw/torgo/M/M03/Session2/wav_headMic/0357.wav	2.655	0.216	0.0815	zero	Zero.	[]		nvidia/parakeet-tdt-0.6b-v3	cpu
torgo-M04-Session2-0200	M04	dysarthric	/Users/animesh/Animesh/Project 2.0/echora/data/raw/torgo/M/M04/Session2/wav_headMic/0200.wav	2.655	0.216	0.0815	sigh		[]		nvidia/parakeet-tdt-0.6b-v3	cpu
torgo-M05-Session2-0023	M05	dysarthric	/Users/animesh/Animesh/Project 2.0/echora/data/raw/torgo/M/M05/Session2/wav_headMic/0023.wav	2.655	0.216	0.0815	rocks		[]		nvidia/parakeet-tdt-0.6b-v3	cpu
torgo-M05-Session2-0154	M05	dysarthric	/Users/animesh/Animesh/Project 2.0/echora/data/raw/torgo/M/M05/Session2/wav_headMic/0154.wav	2.655	0.434	0.1635	shy		[]		nvidia/parakeet-tdt-0.6b-v3	cpu
torgo-M02-Session2-0108	M02	dysarthric	/Users/animesh/Animesh/Project 2.0/echora/data/raw/torgo/M/M02/Session2/wav_headMic/0108.wav	2.660	0.434	0.1632	pitting	P	[]		nvidia/parakeet-tdt-0.6b-v3	cpu
torgo-M03-Session2-0189	M03	dysarthric	/Users/animesh/Animesh/Project 2.0/echora/data/raw/torgo/M/M03/Session2/wav_headMic/0189.wav	2.660	0.434	0.1632	whoop	Whoop	[]		nvidia/parakeet-tdt-0.6b-v3	cpu
torgo-M03-Session2-0325	M03	dysarthric	/Users/animesh/Animesh/Project 2.0/echora/data/raw/torgo/M/M03/Session2/wav_headMic/0325.wav	2.660	0.434	0.1632	liar	Liar.	[]		nvidia/parakeet-tdt-0.6b-v3	cpu
torgo-M03-Session2-0393	M03	dysarthric	/Users/animesh/Animesh/Project 2.0/echora/data/raw/torgo/M/M03/Session2/wav_headMic/0393.wav	2.660	0.434	0.1632	meat	Meat.	[]		nvidia/parakeet-tdt-0.6b-v3	cpu
torgo-M03-Session2-0270	M03	dysarthric	/Users/animesh/Animesh/Project 2.0/echora/data/raw/torgo/M/M03/Session2/wav_headMic/0270.wav	2.665	0.434	0.1629	hotel	Hotel.	[]		nvidia/parakeet-tdt-0.6b-v3	cpu
torgo-M03-Session2-0335	M03	dysarthric	/Users/animesh/Animesh/Project 2.0/echora/data/raw/torgo/M/M03/Session2/wav_headMic/0335.wav	2.665	0.434	0.1629	seed	Seed.	[]		nvidia/parakeet-tdt-0.6b-v3	cpu
torgo-M04-Session2-0192	M04	dysarthric	/Users/animesh/Animesh/Project 2.0/echora/data/raw/torgo/M/M04/Session2/wav_headMic/0192.wav	2.665	0.434	0.1629	white	What?	[]		nvidia/parakeet-tdt-0.6b-v3	cpu
torgo-M05-Session2-0064	M05	dysarthric	/Users/animesh/Animesh/Project 2.0/echora/data/raw/torgo/M/M05/Session2/wav_headMic/0064.wav	2.665	0.221	0.0829	floor		[]		nvidia/parakeet-tdt-0.6b-v3	cpu
torgo-M05-Session2-0070	M05	dysarthric	/Users/animesh/Animesh/Project 2.0/echora/data/raw/torgo/M/M05/Session2/wav_headMic/0070.wav	2.665	0.221	0.0829	hate	Heat.	[]		nvidia/parakeet-tdt-0.6b-v3	cpu
torgo-M05-Session2-0293	M05	dysarthric	/Users/animesh/Animesh/Project 2.0/echora/data/raw/torgo/M/M05/Session2/wav_headMic/0293.wav	2.665	0.221	0.0829	sin	Син.	[]		nvidia/parakeet-tdt-0.6b-v3	cpu
torgo-M05-Session2-0325	M05	dysarthric	/Users/animesh/Animesh/Project 2.0/echora/data/raw/torgo/M/M05/Session2/wav_headMic/0325.wav	2.665	0.221	0.0829	Ned	Ned	[]		nvidia/parakeet-tdt-0.6b-v3	cpu
torgo-M02-Session1-0107	M02	dysarthric	/Users/animesh/Animesh/Project 2.0/echora/data/raw/torgo/M/M02/Session1/wav_headMic/0107.wav	2.666	0.221	0.0829	rage	Лейч.	[]		nvidia/parakeet-tdt-0.6b-v3	cpu
torgo-M02-Session1-0113	M02	dysarthric	/Users/animesh/Animesh/Project 2.0/echora/data/raw/torgo/M/M02/Session1/wav_headMic/0113.wav	2.666	0.221	0.0829	corn	Corn	[]		nvidia/parakeet-tdt-0.6b-v3	cpu
torgo-M02-Session1-0134	M02	dysarthric	/Users/animesh/Animesh/Project 2.0/echora/data/raw/torgo/M/M02/Session1/wav_headMic/0134.wav	2.666	0.221	0.0829	area		[]		nvidia/parakeet-tdt-0.6b-v3	cpu
torgo-M02-Session1-0136	M02	dysarthric	/Users/animesh/Animesh/Project 2.0/echora/data/raw/torgo/M/M02/Session1/wav_headMic/0136.wav	2.666	0.221	0.0829	hear	Here.	[]		nvidia/parakeet-tdt-0.6b-v3	cpu
torgo-M02-Session1-0142	M02	dysarthric	/Users/animesh/Animesh/Project 2.0/echora/data/raw/torgo/M/M02/Session1/wav_headMic/0142.wav	2.666	0.391	0.1469	whoop	Whoop.	[]		nvidia/parakeet-tdt-0.6b-v3	cpu
torgo-F04-Session2-0112	F04	dysarthric	/Users/animesh/Animesh/Project 2.0/echora/data/raw/torgo/F/F04/Session2/wav_headMic/0112.wav	2.670	0.391	0.1466	pitting	Питтинг.	[]		nvidia/parakeet-tdt-0.6b-v3	cpu
torgo-M02-Session2-0239	M02	dysarthric	/Users/animesh/Animesh/Project 2.0/echora/data/raw/torgo/M/M02/Session2/wav_headMic/0239.wav	2.670	0.391	0.1466	witch	Where?	[]		nvidia/parakeet-tdt-0.6b-v3	cpu
torgo-M03-Session2-0082	M03	dysarthric	/Users/animesh/Animesh/Project 2.0/echora/data/raw/torgo/M/M03/Session2/wav_headMic/0082.wav	2.670	0.391	0.1466	feet	Feet.	[]		nvidia/parakeet-tdt-0.6b-v3	cpu
torgo-M03-Session2-0264	M03	dysarthric	/Users/animesh/Animesh/Project 2.0/echora/data/raw/torgo/M/M03/Session2/wav_headMic/0264.wav	2.670	0.391	0.1466	loyal	Loyal.	[]		nvidia/parakeet-tdt-0.6b-v3	cpu
torgo-M05-Session2-0211	M05	dysarthric	/Users/animesh/Animesh/Project 2.0/echora/data/raw/torgo/M/M05/Session2/wav_headMic/0211.wav	2.670	0.391	0.1466	echo	Экко	[]		nvidia/parakeet-tdt-0.6b-v3	cpu
torgo-M05-Session2-0316	M05	dysarthric	/Users/animesh/Animesh/Project 2.0/echora/data/raw/torgo/M/M05/Session2/wav_headMic/0316.wav	2.670	0.391	0.1466	yankee	Яньки.	[]		nvidia/parakeet-tdt-0.6b-v3	cpu
torgo-M02-Session1-0018	M02	dysarthric	/Users/animesh/Animesh/Project 2.0/echora/data/raw/torgo/M/M02/Session1/wav_headMic/0018.wav	2.672	0.391	0.1465	ship		[]		nvidia/parakeet-tdt-0.6b-v3	cpu
torgo-M03-Session2-0364	M03	dysarthric	/Users/animesh/Animesh/Project 2.0/echora/data/raw/torgo/M/M03/Session2/wav_headMic/0364.wav	2.675	0.274	0.1023	fill	Phil.	[]		nvidia/parakeet-tdt-0.6b-v3	cpu
torgo-M04-Session2-0047	M04	dysarthric	/Users/animesh/Animesh/Project 2.0/echora/data/raw/torgo/M/M04/Session2/wav_headMic/0047.wav	2.675	0.274	0.1023	train	Drain.	[]		nvidia/parakeet-tdt-0.6b-v3	cpu
torgo-M04-Session2-0293	M04	dysarthric	/Users/animesh/Animesh/Project 2.0/echora/data/raw/torgo/M/M04/Session2/wav_headMic/0293.wav	2.675	0.274	0.1023	fat		[]		nvidia/parakeet-tdt-0.6b-v3	cpu
torgo-M05-Session1-0043	M05	dysarthric	/Users/animesh/Animesh/Project 2.0/echora/data/raw/torgo/M/M05/Session1/wav_headMic/0043.wav	2.675	0.274	0.1023	feet	Saint	[]		nvidia/parakeet-tdt-0.6b-v3	cpu
torgo-M05-Session1-0067	M05	dysarthric	/Users/animesh/Animesh/Project 2.0/echora/data/raw/torgo/M/M05/Session1/wav_headMic/0067.wav	2.675	0.274	0.1023	glow		[]		nvidia/parakeet-tdt-0.6b-v3	cpu
torgo-M05-Session2-0280	M05	dysarthric	/Users/animesh/Animesh/Project 2.0/echora/data/raw/torgo/M/M05/Session2/wav_headMic/0280.wav	2.675	0.274	0.1023	in		[]		nvidia/parakeet-tdt-0.6b-v3	cpu
torgo-M03-Session2-0340	M03	dysarthric	/Users/animesh/Animesh/Project 2.0/echora/data/raw/torgo/M/M03/Session2/wav_headMic/0340.wav	2.680	0.274	0.1021	seven	Seven.	[]		nvidia/parakeet-tdt-0.6b-v3	cpu
torgo-M04-Session2-0142	M04	dysarthric	/Users/animesh/Animesh/Project 2.0/echora/data/raw/torgo/M/M04/Session2/wav_headMic/0142.wav	2.680	0.274	0.1021	floor	Floor.	[]		nvidia/parakeet-tdt-0.6b-v3	cpu
torgo-M05-Session1-0034	M05	dysarthric	/Users/animesh/Animesh/Project 2.0/echora/data/raw/torgo/M/M05/Session1/wav_headMic/0034.wav	2.680	0.213	0.0794	rave		[]		nvidia/parakeet-tdt-0.6b-v3	cpu
torgo-M04-Session2-0243	M04	dysarthric	/Users/animesh/Animesh/Project 2.0/echora/data/raw/torgo/M/M04/Session2/wav_headMic/0243.wav	2.680	0.213	0.0794	fruit	Фуд.	[]		nvidia/parakeet-tdt-0.6b-v3	cpu
torgo-M01-Session2_3-0016	M01	dysarthric	/Users/animesh/Animesh/Project 2.0/echora/data/raw/torgo/M/M01/Session2_3/wav_headMic/0016.wav	2.683	0.213	0.0793	train	Трейм.	[]		nvidia/parakeet-tdt-0.6b-v3	cpu
torgo-M03-Session2-0040	M03	dysarthric	/Users/animesh/Animesh/Project 2.0/echora/data/raw/torgo/M/M03/Session2/wav_headMic/0040.wav	2.685	0.213	0.0792	raid		[]		nvidia/parakeet-tdt-0.6b-v3	cpu
torgo-M04-Session2-0055	M04	dysarthric	/Users/animesh/Animesh/Project 2.0/echora/data/raw/torgo/M/M04/Session2/wav_headMic/0055.wav	2.685	0.213	0.0792	race	Vem.	[]		nvidia/parakeet-tdt-0.6b-v3	cpu
torgo-M04-Session2-0223	M04	dysarthric	/Users/animesh/Animesh/Project 2.0/echora/data/raw/torgo/M/M04/Session2/wav_headMic/0223.wav	2.685	0.213	0.0792	rocks		[]		nvidia/parakeet-tdt-0.6b-v3	cpu
torgo-M04-Session2-0254	M04	dysarthric	/Users/animesh/Animesh/Project 2.0/echora/data/raw/torgo/M/M04/Session2/wav_headMic/0254.wav	2.685	0.213	0.0792	mere		[]		nvidia/parakeet-tdt-0.6b-v3	cpu
torgo-M02-Session2-0130	M02	dysarthric	/Users/animesh/Animesh/Project 2.0/echora/data/raw/torgo/M/M02/Session2/wav_headMic/0130.wav	2.690	0.213	0.0791	seed		[]		nvidia/parakeet-tdt-0.6b-v3	cpu
torgo-M04-Session2-0204	M04	dysarthric	/Users/animesh/Animesh/Project 2.0/echora/data/raw/torgo/M/M04/Session2/wav_headMic/0204.wav	2.690	0.340	0.1265	slip		[]		nvidia/parakeet-tdt-0.6b-v3	cpu
torgo-M05-Session2-0195	M05	dysarthric	/Users/animesh/Animesh/Project 2.0/echora/data/raw/torgo/M/M05/Session2/wav_headMic/0195.wav	2.690	0.340	0.1265	pit		[]		nvidia/parakeet-tdt-0.6b-v3	cpu
torgo-M02-Session1-0237	M02	dysarthric	/Users/animesh/Animesh/Project 2.0/echora/data/raw/torgo/M/M02/Session1/wav_headMic/0237.wav	2.693	0.340	0.1264	thigh		[]		nvidia/parakeet-tdt-0.6b-v3	cpu
torgo-M02-Session2-0125	M02	dysarthric	/Users/animesh/Animesh/Project 2.0/echora/data/raw/torgo/M/M02/Session2/wav_headMic/0125.wav	2.695	0.340	0.1263	sign		[]		nvidia/parakeet-tdt-0.6b-v3	cpu
torgo-M04-Session2-0193	M04	dysarthric	/Users/animesh/Animesh/Project 2.0/echora/data/raw/torgo/M/M04/Session2/wav_headMic/0193.wav	2.695	0.340	0.1263	delta		[]		nvidia/parakeet-tdt-0.6b-v3	cpu
torgo-M05-Session2-0106	M05	dysarthric	/Users/animesh/Animesh/Project 2.0/echora/data/raw/torgo/M/M05/Session2/wav_headMic/0106.wav	2.695	0.340	0.1263	though	Зеу.	[]		nvidia/parakeet-tdt-0.6b-v3	cpu
torgo-M05-Session2-0328	M05	dysarthric	/Users/animesh/Animesh/Project 2.0/echora/data/raw/torgo/M/M05/Session2/wav_headMic/0328.wav	2.695	0.340	0.1263	said	Сэд.	[]		nvidia/parakeet-tdt-0.6b-v3	cpu
torgo-M02-Session1-0157	M02	dysarthric	/Users/animesh/Animesh/Project 2.0/echora/data/raw/torgo/M/M02/Session1/wav_headMic/0157.wav	2.695	0.340	0.1263	boot	Boom.	[]		nvidia/parakeet-tdt-0.6b-v3	cpu
torgo-M02-Session1-0202	M02	dysarthric	/Users/animesh/Animesh/Project 2.0/echora/data/raw/torgo/M/M02/Session1/wav_headMic/0202.wav	2.695	0.217	0.0805	rocks	Рокс.	[]		nvidia/parakeet-tdt-0.6b-v3	cpu
torgo-F04-Session2-0229	F04	dysarthric	/Users/animesh/Animesh/Project 2.0/echora/data/raw/torgo/F/F04/Session2/wav_headMic/0229.wav	2.700	0.217	0.0803	nest	Nest	[]		nvidia/parakeet-tdt-0.6b-v3	cpu
torgo-M02-Session2-0211	M02	dysarthric	/Users/animesh/Animesh/Project 2.0/echora/data/raw/torgo/M/M02/Session2/wav_headMic/0211.wav	2.700	0.217	0.0803	bitten		[]		nvidia/parakeet-tdt-0.6b-v3	cpu
torgo-M03-Session2-0145	M03	dysarthric	/Users/animesh/Animesh/Project 2.0/echora/data/raw/torgo/M/M03/Session2/wav_headMic/0145.wav	2.700	0.217	0.0803	suit	Сут.	[]		nvidia/parakeet-tdt-0.6b-v3	cpu
torgo-M03-Session2-0397	M03	dysarthric	/Users/animesh/Animesh/Project 2.0/echora/data/raw/torgo/M/M03/Session2/wav_headMic/0397.wav	2.700	0.217	0.0803	down		[]		nvidia/parakeet-tdt-0.6b-v3	cpu
torgo-M02-Session1-0089	M02	dysarthric	/Users/animesh/Animesh/Project 2.0/echora/data/raw/torgo/M/M02/Session1/wav_headMic/0089.wav	2.702	0.217	0.0803	rave	Брейв.	[]		nvidia/parakeet-tdt-0.6b-v3	cpu
torgo-F03-Session3-0067	F03	dysarthric	/Users/animesh/Animesh/Project 2.0/echora/data/raw/torgo/F/F03/Session3/wav_headMic/0067.wav	2.705	0.217	0.0802	Each one volunteered to jump first.	Each one volunteered to jump first.	[]		nvidia/parakeet-tdt-0.6b-v3	cpu
torgo-M02-Session2-0180	M02	dysarthric	/Users/animesh/Animesh/Project 2.0/echora/data/raw/torgo/M/M02/Session2/wav_headMic/0180.wav	2.705	0.217	0.0802	cart		[]		nvidia/parakeet-tdt-0.6b-v3	cpu
torgo-F03-Session2-0109	F03	dysarthric	/Users/animesh/Animesh/Project 2.0/echora/data/raw/torgo/F/F03/Session2/wav_headMic/0109.wav	2.710	0.226	0.0834	hark	Харк.	[]		nvidia/parakeet-tdt-0.6b-v3	cpu
torgo-F03-Session2-0124	F03	dysarthric	/Users/animesh/Animesh/Project 2.0/echora/data/raw/torgo/F/F03/Session2/wav_headMic/0124.wav	2.710	0.226	0.0834	spit	Спэ.	[]		nvidia/parakeet-tdt-0.6b-v3	cpu
torgo-M03-Session2-0038	M03	dysarthric	/Users/animesh/Animesh/Project 2.0/echora/data/raw/torgo/M/M03/Session2/wav_headMic/0038.wav	2.710	0.226	0.0834	rate		[]		nvidia/parakeet-tdt-0.6b-v3	cpu
torgo-M05-Session2-0096	M05	dysarthric	/Users/animesh/Animesh/Project 2.0/echora/data/raw/torgo/M/M05/Session2/wav_headMic/0096.wav	2.710	0.226	0.0834	lip	Lip, rip.	[]		nvidia/parakeet-tdt-0.6b-v3	cpu
torgo-M02-Session2-0183	M02	dysarthric	/Users/animesh/Animesh/Project 2.0/echora/data/raw/torgo/M/M02/Session2/wav_headMic/0183.wav	2.715	0.226	0.0833	hill		[]		nvidia/parakeet-tdt-0.6b-v3	cpu
torgo-M04-Session2-0241	M04	dysarthric	/Users/animesh/Animesh/Project 2.0/echora/data/raw/torgo/M/M04/Session2/wav_headMic/0241.wav	2.715	0.226	0.0833	shear	Шир.	[]		nvidia/parakeet-tdt-0.6b-v3	cpu
torgo-M04-Session2-0273	M04	dysarthric	/Users/animesh/Animesh/Project 2.0/echora/data/raw/torgo/M/M04/Session2/wav_headMic/0273.wav	2.715	0.226	0.0833	forward	Полн.	[]		nvidia/parakeet-tdt-0.6b-v3	cpu
torgo-M05-Session2-0108	M05	dysarthric	/Users/animesh/Animesh/Project 2.0/echora/data/raw/torgo/M/M05/Session2/wav_headMic/0108.wav	2.715	0.226	0.0833	yes		[]		nvidia/parakeet-tdt-0.6b-v3	cpu
torgo-M05-Session2-0210	M05	dysarthric	/Users/animesh/Animesh/Project 2.0/echora/data/raw/torgo/M/M05/Session2/wav_headMic/0210.wav	2.715	0.437	0.1610	hark		[]		nvidia/parakeet-tdt-0.6b-v3	cpu
torgo-M05-Session2-0234	M05	dysarthric	/Users/animesh/Animesh/Project 2.0/echora/data/raw/torgo/M/M05/Session2/wav_headMic/0234.wav	2.715	0.437	0.1610	harp	Хоуп.	[]		nvidia/parakeet-tdt-0.6b-v3	cpu
torgo-M02-Session1-0200	M02	dysarthric	/Users/animesh/Animesh/Project 2.0/echora/data/raw/torgo/M/M02/Session1/wav_headMic/0200.wav	2.721	0.437	0.1606	snoop	Snoop.	[]		nvidia/parakeet-tdt-0.6b-v3	cpu
torgo-M02-Session1-0124	M02	dysarthric	/Users/animesh/Animesh/Project 2.0/echora/data/raw/torgo/M/M02/Session1/wav_headMic/0124.wav	2.722	0.437	0.1606	error		[]		nvidia/parakeet-tdt-0.6b-v3	cpu
torgo-F04-Session2-0191	F04	dysarthric	/Users/animesh/Animesh/Project 2.0/echora/data/raw/torgo/F/F04/Session2/wav_headMic/0191.wav	2.725	0.437	0.1604	bite	Байт.	[]		nvidia/parakeet-tdt-0.6b-v3	cpu
torgo-M04-Session2-0018	M04	dysarthric	/Users/animesh/Animesh/Project 2.0/echora/data/raw/torgo/M/M04/Session2/wav_headMic/0018.wav	2.725	0.437	0.1604	go	Go.	[]		nvidia/parakeet-tdt-0.6b-v3	cpu
torgo-M04-Session2-0104	M04	dysarthric	/Users/animesh/Animesh/Project 2.0/echora/data/raw/torgo/M/M04/Session2/wav_headMic/0104.wav	2.725	0.437	0.1604	two		[]		nvidia/parakeet-tdt-0.6b-v3	cpu
torgo-M05-Session2-0194	M05	dysarthric	/Users/animesh/Animesh/Project 2.0/echora/data/raw/torgo/M/M05/Session2/wav_headMic/0194.wav	2.725	0.437	0.1604	mike	Май.	[]		nvidia/parakeet-tdt-0.6b-v3	cpu
torgo-F03-Session2-0105	F03	dysarthric	/Users/animesh/Animesh/Project 2.0/echora/data/raw/torgo/F/F03/Session2/wav_headMic/0105.wav	2.730	0.420	0.1538	witty	Реди.	[]		nvidia/parakeet-tdt-0.6b-v3	cpu
torgo-M03-Session2-0110	M03	dysarthric	/Users/animesh/Animesh/Project 2.0/echora/data/raw/torgo/M/M03/Session2/wav_headMic/0110.wav	2.730	0.420	0.1538	spark	Spark.	[]		nvidia/parakeet-tdt-0.6b-v3	cpu
torgo-M04-Session2-0061	M04	dysarthric	/Users/animesh/Animesh/Project 2.0/echora/data/raw/torgo/M/M04/Session2/wav_headMic/0061.wav	2.730	0.420	0.1538	grow		[]		nvidia/parakeet-tdt-0.6b-v3	cpu
torgo-M05-Session1-0096	M05	dysarthric	/Users/animesh/Animesh/Project 2.0/echora/data/raw/torgo/M/M05/Session1/wav_headMic/0096.wav	2.730	0.420	0.1538	born		[]		nvidia/parakeet-tdt-0.6b-v3	cpu
torgo-M05-Session2-0062	M05	dysarthric	/Users/animesh/Animesh/Project 2.0/echora/data/raw/torgo/M/M05/Session2/wav_headMic/0062.wav	2.730	0.420	0.1538	cheer		[]		nvidia/parakeet-tdt-0.6b-v3	cpu
torgo-M05-Session2-0244	M05	dysarthric	/Users/animesh/Animesh/Project 2.0/echora/data/raw/torgo/M/M05/Session2/wav_headMic/0244.wav	2.730	0.420	0.1538	part		[]		nvidia/parakeet-tdt-0.6b-v3	cpu
torgo-M03-Session2-0120	M03	dysarthric	/Users/animesh/Animesh/Project 2.0/echora/data/raw/torgo/M/M03/Session2/wav_headMic/0120.wav	2.735	0.420	0.1535	three	Three.	[]		nvidia/parakeet-tdt-0.6b-v3	cpu
torgo-M03-Session2-0323	M03	dysarthric	/Users/animesh/Animesh/Project 2.0/echora/data/raw/torgo/M/M03/Session2/wav_headMic/0323.wav	2.735	0.420	0.1535	hark	Hark	[]		nvidia/parakeet-tdt-0.6b-v3	cpu
torgo-M04-Session2-0222	M04	dysarthric	/Users/animesh/Animesh/Project 2.0/echora/data/raw/torgo/M/M04/Session2/wav_headMic/0222.wav	2.735	0.400	0.1462	rocks		[]		nvidia/parakeet-tdt-0.6b-v3	cpu
torgo-M05-Session2-0120	M05	dysarthric	/Users/animesh/Animesh/Project 2.0/echora/data/raw/torgo/M/M05/Session2/wav_headMic/0120.wav	2.735	0.400	0.1462	bad	Бед.	[]		nvidia/parakeet-tdt-0.6b-v3	cpu
torgo-F04-Session2-0201	F04	dysarthric	/Users/animesh/Animesh/Project 2.0/echora/data/raw/torgo/F/F04/Session2/wav_headMic/0201.wav	2.740	0.400	0.1459	chop	Chop	[]		nvidia/parakeet-tdt-0.6b-v3	cpu
torgo-M03-Session2-0293	M03	dysarthric	/Users/animesh/Animesh/Project 2.0/echora/data/raw/torgo/M/M03/Session2/wav_headMic/0293.wav	2.740	0.400	0.1459	tell	Tell	[]		nvidia/parakeet-tdt-0.6b-v3	cpu
torgo-M03-Session2-0304	M03	dysarthric	/Users/animesh/Animesh/Project 2.0/echora/data/raw/torgo/M/M03/Session2/wav_headMic/0304.wav	2.740	0.400	0.1459	sergeant	Sergeant	[]		nvidia/parakeet-tdt-0.6b-v3	cpu
torgo-M04-Session2-0126	M04	dysarthric	/Users/animesh/Animesh/Project 2.0/echora/data/raw/torgo/M/M04/Session2/wav_headMic/0126.wav	2.740	0.400	0.1459	storm		[]		nvidia/parakeet-tdt-0.6b-v3	cpu
torgo-F03-Session2-0073	F03	dysarthric	/Users/animesh/Animesh/Project 2.0/echora/data/raw/torgo/F/F03/Session2/wav_headMic/0073.wav	2.745	0.400	0.1456	sergeant	Surgent.	[]		nvidia/parakeet-tdt-0.6b-v3	cpu
torgo-F03-Session2-0090	F03	dysarthric	/Users/animesh/Animesh/Project 2.0/echora/data/raw/torgo/F/F03/Session2/wav_headMic/0090.wav	2.745	0.400	0.1456	oscar	Оскар.	[]		nvidia/parakeet-tdt-0.6b-v3	cpu
torgo-F04-Session2-0016	F04	dysarthric	/Users/animesh/Animesh/Project 2.0/echora/data/raw/torgo/F/F04/Session2/wav_headMic/0016.wav	2.745	0.402	0.1464	fear	Fear	[]		nvidia/parakeet-tdt-0.6b-v3	cpu
torgo-F04-Session2-0048	F04	dysarthric	/Users/animesh/Animesh/Project 2.0/echora/data/raw/torgo/F/F04/Session2/wav_headMic/0048.wav	2.745	0.402	0.1464	pad	Had	[]		nvidia/parakeet-tdt-0.6b-v3	cpu
torgo-F04-Session2-0225	F04	dysarthric	/Users/animesh/Animesh/Project 2.0/echora/data/raw/torgo/F/F04/Session2/wav_headMic/0225.wav	2.745	0.402	0.1464	two	Two	[]		nvidia/parakeet-tdt-0.6b-v3	cpu
torgo-M02-Session2-0153	M02	dysarthric	/Users/animesh/Animesh/Project 2.0/echora/data/raw/torgo/M/M02/Session2/wav_headMic/0153.wav	2.745	0.402	0.1464	bloat	Pull off.	[]		nvidia/parakeet-tdt-0.6b-v3	cpu
torgo-M04-Session2-0015	M04	dysarthric	/Users/animesh/Animesh/Project 2.0/echora/data/raw/torgo/M/M04/Session2/wav_headMic/0015.wav	2.745	0.402	0.1464	up		[]		nvidia/parakeet-tdt-0.6b-v3	cpu
torgo-M04-Session2-0037	M04	dysarthric	/Users/animesh/Animesh/Project 2.0/echora/data/raw/torgo/M/M04/Session2/wav_headMic/0037.wav	2.745	0.402	0.1464	sip	Flip.	[]		nvidia/parakeet-tdt-0.6b-v3	cpu
torgo-M05-Session2-0149	M05	dysarthric	/Users/animesh/Animesh/Project 2.0/echora/data/raw/torgo/M/M05/Session2/wav_headMic/0149.wav	2.745	0.402	0.1464	six	Секс	[]		nvidia/parakeet-tdt-0.6b-v3	cpu
torgo-M02-Session1-0160	M02	dysarthric	/Users/animesh/Animesh/Project 2.0/echora/data/raw/torgo/M/M02/Session1/wav_headMic/0160.wav	2.746	0.402	0.1463	sprinkle	Спынгом.	[]		nvidia/parakeet-tdt-0.6b-v3	cpu
torgo-M02-Session1-0123	M02	dysarthric	/Users/animesh/Animesh/Project 2.0/echora/data/raw/torgo/M/M02/Session1/wav_headMic/0123.wav	2.750	0.420	0.1526	cycle	Сайком.	[]		nvidia/parakeet-tdt-0.6b-v3	cpu
torgo-F03-Session3-0058	F03	dysarthric	/Users/animesh/Animesh/Project 2.0/echora/data/raw/torgo/F/F03/Session3/wav_headMic/0058.wav	2.750	0.420	0.1526	Each one volunteered to jump first.	Each one volunteered to jump first.	[]		nvidia/parakeet-tdt-0.6b-v3	cpu
torgo-F03-Session3-0214	F03	dysarthric	/Users/animesh/Animesh/Project 2.0/echora/data/raw/torgo/F/F03/Session3/wav_headMic/0214.wav	2.750	0.420	0.1526	Help celebrate your brother's success	Help Sell by your brother's success.	[]		nvidia/parakeet-tdt-0.6b-v3	cpu
torgo-F04-Session2-0035	F04	dysarthric	/Users/animesh/Animesh/Project 2.0/echora/data/raw/torgo/F/F04/Session2/wav_headMic/0035.wav	2.750	0.420	0.1526	jungle	Джангл.	[]		nvidia/parakeet-tdt-0.6b-v3	cpu
torgo-M03-Session2-0044	M03	dysarthric	/Users/animesh/Animesh/Project 2.0/echora/data/raw/torgo/M/M03/Session2/wav_headMic/0044.wav	2.750	0.420	0.1526	storm	Storm	[]		nvidia/parakeet-tdt-0.6b-v3	cpu
torgo-M04-Session2-0022	M04	dysarthric	/Users/animesh/Animesh/Project 2.0/echora/data/raw/torgo/M/M04/Session2/wav_headMic/0022.wav	2.750	0.420	0.1526	fee		[]		nvidia/parakeet-tdt-0.6b-v3	cpu
torgo-M05-Session1-0129	M05	dysarthric	/Users/animesh/Animesh/Project 2.0/echora/data/raw/torgo/M/M05/Session1/wav_headMic/0129.wav	2.750	0.420	0.1526	go		[]		nvidia/parakeet-tdt-0.6b-v3	cpu
torgo-M05-Session2-0200	M05	dysarthric	/Users/animesh/Animesh/Project 2.0/echora/data/raw/torgo/M/M05/Session2/wav_headMic/0200.wav	2.750	0.420	0.1526	blow	Безоу.	[]		nvidia/parakeet-tdt-0.6b-v3	cpu
torgo-M05-Session2-0271	M05	dysarthric	/Users/animesh/Animesh/Project 2.0/echora/data/raw/torgo/M/M05/Session2/wav_headMic/0271.wav	2.750	0.421	0.1531	hitting	Хедлин.	[]		nvidia/parakeet-tdt-0.6b-v3	cpu
torgo-F04-Session2-0111	F04	dysarthric	/Users/animesh/Animesh/Project 2.0/echora/data/raw/torgo/F/F04/Session2/wav_headMic/0111.wav	2.755	0.421	0.1528	hum	Хам.	[]		nvidia/parakeet-tdt-0.6b-v3	cpu
torgo-M03-Session2-0048	M03	dysarthric	/Users/animesh/Animesh/Project 2.0/echora/data/raw/torgo/M/M03/Session2/wav_headMic/0048.wav	2.755	0.421	0.1528	jagged	Jagget.	[]		nvidia/parakeet-tdt-0.6b-v3	cpu
torgo-M02-Session1-0233	M02	dysarthric	/Users/animesh/Animesh/Project 2.0/echora/data/raw/torgo/M/M02/Session1/wav_headMic/0233.wav	2.759	0.421	0.1526	sigh		[]		nvidia/parakeet-tdt-0.6b-v3	cpu
torgo-F04-Session2-0238	F04	dysarthric	/Users/animesh/Animesh/Project 2.0/echora/data/raw/torgo/F/F04/Session2/wav_headMic/0238.wav	2.760	0.421	0.1525	ham	Him	[]		nvidia/parakeet-tdt-0.6b-v3	cpu
torgo-M01-Session1-0014	M01	dysarthric	/Users/animesh/Animesh/Project 2.0/echora/data/raw/torgo/M/M01/Session1/wav_headMic/0014.wav	2.760	0.421	0.1525	fair		[]		nvidia/parakeet-tdt-0.6b-v3	cpu
torgo-M02-Session2-0082	M02	dysarthric	/Users/animesh/Animesh/Project 2.0/echora/data/raw/torgo/M/M02/Session2/wav_headMic/0082.wav	2.760	0.421	0.1525	yes	Sure.	[]		nvidia/parakeet-tdt-0.6b-v3	cpu
torgo-M04-Session2-0110	M04	dysarthric	/Users/animesh/Animesh/Project 2.0/echora/data/raw/torgo/M/M04/Session2/wav_headMic/0110.wav	2.760	0.421	0.1525	weed		[]		nvidia/parakeet-tdt-0.6b-v3	cpu
torgo-M04-Session2-0195	M04	dysarthric	/Users/animesh/Animesh/Project 2.0/echora/data/raw/torgo/M/M04/Session2/wav_headMic/0195.wav	2.760	0.377	0.1365	suit		[]		nvidia/parakeet-tdt-0.6b-v3	cpu
torgo-M04-Session2-0294	M04	dysarthric	/Users/animesh/Animesh/Project 2.0/echora/data/raw/torgo/M/M04/Session2/wav_headMic/0294.wav	2.760	0.377	0.1365	park		[]		nvidia/parakeet-tdt-0.6b-v3	cpu
torgo-F04-Session2-0186	F04	dysarthric	/Users/animesh/Animesh/Project 2.0/echora/data/raw/torgo/F/F04/Session2/wav_headMic/0186.wav	2.765	0.377	0.1363	fill	Phil	[]		nvidia/parakeet-tdt-0.6b-v3	cpu
torgo-M02-Session2-0220	M02	dysarthric	/Users/animesh/Animesh/Project 2.0/echora/data/raw/torgo/M/M02/Session2/wav_headMic/0220.wav	2.765	0.377	0.1363	no	Não.	[]		nvidia/parakeet-tdt-0.6b-v3	cpu
torgo-M04-Session2-0211	M04	dysarthric	/Users/animesh/Animesh/Project 2.0/echora/data/raw/torgo/M/M04/Session2/wav_headMic/0211.wav	2.765	0.377	0.1363	tear		[]		nvidia/parakeet-tdt-0.6b-v3	cpu
torgo-F04-Session2-0131	F04	dysarthric	/Users/animesh/Animesh/Project 2.0/echora/data/raw/torgo/F/F04/Session2/wav_headMic/0131.wav	2.770	0.377	0.1361	bran	Брэн.	[]		nvidia/parakeet-tdt-0.6b-v3	cpu
torgo-M03-Session2-0255	M03	dysarthric	/Users/animesh/Animesh/Project 2.0/echora/data/raw/torgo/M/M03/Session2/wav_headMic/0255.wav	2.770	0.377	0.1361	mitten	Mitten.	[]		nvidia/parakeet-tdt-0.6b-v3	cpu
torgo-F04-Session2-0031	F04	dysarthric	/Users/animesh/Animesh/Project 2.0/echora/data/raw/torgo/F/F04/Session2/wav_headMic/0031.wav	2.775	0.377	0.1358	delta	Делта.	[]		nvidia/parakeet-tdt-0.6b-v3	cpu
torgo-M03-Session2-0109	M03	dysarthric	/Users/animesh/Animesh/Project 2.0/echora/data/raw/torgo/M/M03/Session2/wav_headMic/0109.wav	2.775	0.351	0.1265	rage	Rage.	[]		nvidia/parakeet-tdt-0.6b-v3	cpu
torgo-M03-Session2-0292	M03	dysarthric	/Users/animesh/Animesh/Project 2.0/echora/data/raw/torgo/M/M03/Session2/wav_headMic/0292.wav	2.775	0.351	0.1265	reek	Рик.	[]		nvidia/parakeet-tdt-0.6b-v3	cpu
torgo-M04-Session2-0268	M04	dysarthric	/Users/animesh/Animesh/Project 2.0/echora/data/raw/torgo/M/M04/Session2/wav_headMic/0268.wav	2.775	0.351	0.1265	charlie	Чали.	[]		nvidia/parakeet-tdt-0.6b-v3	cpu
torgo-M05-Session1-0013	M05	dysarthric	/Users/animesh/Animesh/Project 2.0/echora/data/raw/torgo/M/M05/Session1/wav_headMic/0013.wav	2.775	0.351	0.1265	race		[]		nvidia/parakeet-tdt-0.6b-v3	cpu
torgo-M05-Session2-0029	M05	dysarthric	/Users/animesh/Animesh/Project 2.0/echora/data/raw/torgo/M/M05/Session2/wav_headMic/0029.wav	2.775	0.351	0.1265	pat		[]		nvidia/parakeet-tdt-0.6b-v3	cpu
torgo-M02-Session1-0140	M02	dysarthric	/Users/animesh/Animesh/Project 2.0/echora/data/raw/torgo/M/M02/Session1/wav_headMic/0140.wav	2.778	0.351	0.1264	hate		[]		nvidia/parakeet-tdt-0.6b-v3	cpu
torgo-M02-Session1-0059	M02	dysarthric	/Users/animesh/Animesh/Project 2.0/echora/data/raw/torgo/M/M02/Session1/wav_headMic/0059.wav	2.779	0.351	0.1263	beta	Правда?	[]		nvidia/parakeet-tdt-0.6b-v3	cpu
torgo-F04-Session2-0155	F04	dysarthric	/Users/animesh/Animesh/Project 2.0/echora/data/raw/torgo/F/F04/Session2/wav_headMic/0155.wav	2.780	0.351	0.1263	seven	seven	[]		nvidia/parakeet-tdt-0.6b-v3	cpu
torgo-M02-Session2-0076	M02	dysarthric	/Users/animesh/Animesh/Project 2.0/echora/data/raw/torgo/M/M02/Session2/wav_headMic/0076.wav	2.780	0.239	0.0859	group		[]		nvidia/parakeet-tdt-0.6b-v3	cpu
torgo-M02-Session2-0123	M02	dysarthric	/Users/animesh/Animesh/Project 2.0/echora/data/raw/torgo/M/M02/Session2/wav_headMic/0123.wav	2.780	0.239	0.0859	hem		[]		nvidia/parakeet-tdt-0.6b-v3	cpu
torgo-M02-Session2-0214	M02	dysarthric	/Users/animesh/Animesh/Project 2.0/echora/data/raw/torgo/M/M02/Session2/wav_headMic/0214.wav	2.780	0.239	0.0859	hat		[]		nvidia/parakeet-tdt-0.6b-v3	cpu
torgo-M04-Session2-0073	M04	dysarthric	/Users/animesh/Animesh/Project 2.0/echora/data/raw/torgo/M/M04/Session2/wav_headMic/0073.wav	2.780	0.239	0.0859	dark	Дальше.	[]		nvidia/parakeet-tdt-0.6b-v3	cpu
torgo-M05-Session2-0228	M05	dysarthric	/Users/animesh/Animesh/Project 2.0/echora/data/raw/torgo/M/M05/Session2/wav_headMic/0228.wav	2.780	0.239	0.0859	seven	Seven.	[]		nvidia/parakeet-tdt-0.6b-v3	cpu
torgo-M05-Session2-0232	M05	dysarthric	/Users/animesh/Animesh/Project 2.0/echora/data/raw/torgo/M/M05/Session2/wav_headMic/0232.wav	2.780	0.239	0.0859	barn	Байни	[]		nvidia/parakeet-tdt-0.6b-v3	cpu
torgo-M05-Session2-0249	M05	dysarthric	/Users/animesh/Animesh/Project 2.0/echora/data/raw/torgo/M/M05/Session2/wav_headMic/0249.wav	2.780	0.239	0.0859	fat		[]		nvidia/parakeet-tdt-0.6b-v3	cpu
torgo-F03-Session2-0056	F03	dysarthric	/Users/animesh/Animesh/Project 2.0/echora/data/raw/torgo/F/F03/Session2/wav_headMic/0056.wav	2.785	0.239	0.0858	here	Хир.	[]		nvidia/parakeet-tdt-0.6b-v3	cpu
torgo-M05-Session1-0064	M05	dysarthric	/Users/animesh/Animesh/Project 2.0/echora/data/raw/torgo/M/M05/Session1/wav_headMic/0064.wav	2.785	0.208	0.0747	bug	Баггет.	[]		nvidia/parakeet-tdt-0.6b-v3	cpu
torgo-M05-Session2-0169	M05	dysarthric	/Users/animesh/Animesh/Project 2.0/echora/data/raw/torgo/M/M05/Session2/wav_headMic/0169.wav	2.785	0.208	0.0747	leak	Лик.	[]		nvidia/parakeet-tdt-0.6b-v3	cpu
torgo-M03-Session2-0217	M03	dysarthric	/Users/animesh/Animesh/Project 2.0/echora/data/raw/torgo/M/M03/Session2/wav_headMic/0217.wav	2.790	0.208	0.0746	shoot	Shoot.	[]		nvidia/parakeet-tdt-0.6b-v3	cpu
torgo-F04-Session2-0240	F04	dysarthric	/Users/animesh/Animesh/Project 2.0/echora/data/raw/torgo/F/F04/Session2/wav_headMic/0240.wav	2.795	0.208	0.0745	right	Right.	[]		nvidia/parakeet-tdt-0.6b-v3	cpu
torgo-M05-Session2-0139	M05	dysarthric	/Users/animesh/Animesh/Project 2.0/echora/data/raw/torgo/M/M05/Session2/wav_headMic/0139.wav	2.795	0.208	0.0745	mut	Мат.	[]		nvidia/parakeet-tdt-0.6b-v3	cpu
torgo-F03-Session3-0133	F03	dysarthric	/Users/animesh/Animesh/Project 2.0/echora/data/raw/torgo/F/F03/Session3/wav_headMic/0133.wav	2.800	0.208	0.0743	The prospects of cupping	The prospect of carpet.	[]		nvidia/parakeet-tdt-0.6b-v3	cpu
torgo-F04-Session2-0067	F04	dysarthric	/Users/animesh/Animesh/Project 2.0/echora/data/raw/torgo/F/F04/Session2/wav_headMic/0067.wav	2.800	0.208	0.0743	four	Four	[]		nvidia/parakeet-tdt-0.6b-v3	cpu
torgo-F04-Session2-0075	F04	dysarthric	/Users/animesh/Animesh/Project 2.0/echora/data/raw/torgo/F/F04/Session2/wav_headMic/0075.wav	2.800	0.208	0.0743	hem	Хэм	[]		nvidia/parakeet-tdt-0.6b-v3	cpu
torgo-M03-Session2-0017	M03	dysarthric	/Users/animesh/Animesh/Project 2.0/echora/data/raw/torgo/M/M03/Session2/wav_headMic/0017.wav	2.800	0.323	0.1155	warm	Warm	[]		nvidia/parakeet-tdt-0.6b-v3	cpu
torgo-M03-Session2-0384	M03	dysarthric	/Users/animesh/Animesh/Project 2.0/echora/data/raw/torgo/M/M03/Session2/wav_headMic/0384.wav	2.800	0.323	0.1155	five	Five.	[]		nvidia/parakeet-tdt-0.6b-v3	cpu
torgo-M04-Session2-0199	M04	dysarthric	/Users/animesh/Animesh/Project 2.0/echora/data/raw/torgo/M/M04/Session2/wav_headMic/0199.wav	2.800	0.323	0.1155	hear		[]		nvidia/parakeet-tdt-0.6b-v3	cpu
torgo-M04-Session2-0240	M04	dysarthric	/Users/animesh/Animesh/Project 2.0/echora/data/raw/torgo/M/M04/Session2/wav_headMic/0240.wav	2.800	0.323	0.1155	deer	Где?	[]		nvidia/parakeet-tdt-0.6b-v3	cpu
torgo-M04-Session2-0251	M04	dysarthric	/Users/animesh/Animesh/Project 2.0/echora/data/raw/torgo/M/M04/Session2/wav_headMic/0251.wav	2.800	0.323	0.1155	select		[]		nvidia/parakeet-tdt-0.6b-v3	cpu
torgo-F04-Session2-0189	F04	dysarthric	/Users/animesh/Animesh/Project 2.0/echora/data/raw/torgo/F/F04/Session2/wav_headMic/0189.wav	2.805	0.323	0.1153	loyal	Loyal.	[]		nvidia/parakeet-tdt-0.6b-v3	cpu
torgo-M02-Session2-0218	M02	dysarthric	/Users/animesh/Animesh/Project 2.0/echora/data/raw/torgo/M/M02/Session2/wav_headMic/0218.wav	2.805	0.323	0.1153	mush		[]		nvidia/parakeet-tdt-0.6b-v3	cpu
torgo-M03-Session2-0142	M03	dysarthric	/Users/animesh/Animesh/Project 2.0/echora/data/raw/torgo/M/M03/Session2/wav_headMic/0142.wav	2.805	0.323	0.1153	floor	Floor.	[]		nvidia/parakeet-tdt-0.6b-v3	cpu
torgo-M05-Session1-0117	M05	dysarthric	/Users/animesh/Animesh/Project 2.0/echora/data/raw/torgo/M/M05/Session1/wav_headMic/0117.wav	2.805	0.227	0.0808	gadget	Get it.	[]		nvidia/parakeet-tdt-0.6b-v3	cpu
torgo-F03-Session3-0063	F03	dysarthric	/Users/animesh/Animesh/Project 2.0/echora/data/raw/torgo/F/F03/Session3/wav_headMic/0063.wav	2.810	0.227	0.0807	Some hotels are available nearby.	Some hotels are nearby	[]		nvidia/parakeet-tdt-0.6b-v3	cpu
torgo-M05-Session1-0038	M05	dysarthric	/Users/animesh/Animesh/Project 2.0/echora/data/raw/torgo/M/M05/Session1/wav_headMic/0038.wav	2.810	0.227	0.0807	read		[]		nvidia/parakeet-tdt-0.6b-v3	cpu
torgo-M05-Session2-0309	M05	dysarthric	/Users/animesh/Animesh/Project 2.0/echora/data/raw/torgo/M/M05/Session2/wav_headMic/0309.wav	2.810	0.227	0.0807	zip	Зеп	[]		nvidia/parakeet-tdt-0.6b-v3	cpu
torgo-M03-Session2-0106	M03	dysarthric	/Users/animesh/Animesh/Project 2.0/echora/data/raw/torgo/M/M03/Session2/wav_headMic/0106.wav	2.815	0.227	0.0805	jacket	Jacket.	[]		nvidia/parakeet-tdt-0.6b-v3	cpu
torgo-M03-Session2-0342	M03	dysarthric	/Users/animesh/Animesh/Project 2.0/echora/data/raw/torgo/M/M03/Session2/wav_headMic/0342.wav	2.815	0.227	0.0805	take	Take	[]		nvidia/parakeet-tdt-0.6b-v3	cpu
torgo-F04-Session2-0034	F04	dysarthric	/Users/animesh/Animesh/Project 2.0/echora/data/raw/torgo/F/F04/Session2/wav_headMic/0034.wav	2.820	0.227	0.0804	error	Air oops.	[]		nvidia/parakeet-tdt-0.6b-v3	cpu
torgo-F04-Session2-0056	F04	dysarthric	/Users/animesh/Animesh/Project 2.0/echora/data/raw/torgo/F/F04/Session2/wav_headMic/0056.wav	2.820	0.227	0.0804	explore	Эксплор.	[]		nvidia/parakeet-tdt-0.6b-v3	cpu
torgo-M03-Session2-0123	M03	dysarthric	/Users/animesh/Animesh/Project 2.0/echora/data/raw/torgo/M/M03/Session2/wav_headMic/0123.wav	2.820	0.327	0.1161	select	Select.	[]		nvidia/parakeet-tdt-0.6b-v3	cpu
torgo-M03-Session2-0154	M03	dysarthric	/Users/animesh/Animesh/Project 2.0/echora/data/raw/torgo/M/M03/Session2/wav_headMic/0154.wav	2.820	0.327	0.1161	galore	Колор.	[]		nvidia/parakeet-tdt-0.6b-v3	cpu
torgo-M04-Session2-0080	M04	dysarthric	/Users/animesh/Animesh/Project 2.0/echora/data/raw/torgo/M/M04/Session2/wav_headMic/0080.wav	2.820	0.327	0.1161	goat		[]		nvidia/parakeet-tdt-0.6b-v3	cpu
torgo-M04-Session2-0081	M04	dysarthric	/Users/animesh/Animesh/Project 2.0/echora/data/raw/torgo/M/M04/Session2/wav_headMic/0081.wav	2.820	0.327	0.1161	born	Born.	[]		nvidia/parakeet-tdt-0.6b-v3	cpu
torgo-M04-Session2-0224	M04	dysarthric	/Users/animesh/Animesh/Project 2.0/echora/data/raw/torgo/M/M04/Session2/wav_headMic/0224.wav	2.820	0.327	0.1161	rocks		[]		nvidia/parakeet-tdt-0.6b-v3	cpu
torgo-M05-Session2-0072	M05	dysarthric	/Users/animesh/Animesh/Project 2.0/echora/data/raw/torgo/M/M05/Session2/wav_headMic/0072.wav	2.820	0.327	0.1161	dot		[]		nvidia/parakeet-tdt-0.6b-v3	cpu
torgo-M05-Session2-0111	M05	dysarthric	/Users/animesh/Animesh/Project 2.0/echora/data/raw/torgo/M/M05/Session2/wav_headMic/0111.wav	2.820	0.327	0.1161	wish	Wish	[]		nvidia/parakeet-tdt-0.6b-v3	cpu
torgo-M01-Session2_3-0204	M01	dysarthric	/Users/animesh/Animesh/Project 2.0/echora/data/raw/torgo/M/M01/Session2_3/wav_headMic/0204.wav	2.824	0.327	0.1159	thorn	Верн.	[]		nvidia/parakeet-tdt-0.6b-v3	cpu
torgo-F04-Session2-0011	F04	dysarthric	/Users/animesh/Animesh/Project 2.0/echora/data/raw/torgo/F/F04/Session2/wav_headMic/0011.wav	2.825	0.404	0.1431	suit	Suit.	[]		nvidia/parakeet-tdt-0.6b-v3	cpu
torgo-M02-Session2-0114	M02	dysarthric	/Users/animesh/Animesh/Project 2.0/echora/data/raw/torgo/M/M02/Session2/wav_headMic/0114.wav	2.825	0.404	0.1431	vat		[]		nvidia/parakeet-tdt-0.6b-v3	cpu
torgo-M03-Session2-0220	M03	dysarthric	/Users/animesh/Animesh/Project 2.0/echora/data/raw/torgo/M/M03/Session2/wav_headMic/0220.wav	2.825	0.404	0.1431	witch	Which	[]		nvidia/parakeet-tdt-0.6b-v3	cpu
torgo-M04-Session2-0065	M04	dysarthric	/Users/animesh/Animesh/Project 2.0/echora/data/raw/torgo/M/M04/Session2/wav_headMic/0065.wav	2.825	0.404	0.1431	tear	There.	[]		nvidia/parakeet-tdt-0.6b-v3	cpu
torgo-M04-Session2-0166	M04	dysarthric	/Users/animesh/Animesh/Project 2.0/echora/data/raw/torgo/M/M04/Session2/wav_headMic/0166.wav	2.825	0.404	0.1431	witch	Which	[]		nvidia/parakeet-tdt-0.6b-v3	cpu
torgo-M05-Session2-0127	M05	dysarthric	/Users/animesh/Animesh/Project 2.0/echora/data/raw/torgo/M/M05/Session2/wav_headMic/0127.wav	2.825	0.404	0.1431	fear	Фи фи	[]		nvidia/parakeet-tdt-0.6b-v3	cpu
torgo-F03-Session2-0064	F03	dysarthric	/Users/animesh/Animesh/Project 2.0/echora/data/raw/torgo/F/F03/Session2/wav_headMic/0064.wav	2.825	0.404	0.1431	leak	Лык.	[]		nvidia/parakeet-tdt-0.6b-v3	cpu
torgo-M05-Session2-0185	M05	dysarthric	/Users/animesh/Animesh/Project 2.0/echora/data/raw/torgo/M/M05/Session2/wav_headMic/0185.wav	2.830	0.404	0.1428	hum	Um	[]		nvidia/parakeet-tdt-0.6b-v3	cpu
torgo-M02-Session1-0026	M02	dysarthric	/Users/animesh/Animesh/Project 2.0/echora/data/raw/torgo/M/M02/Session1/wav_headMic/0026.wav	2.833	0.228	0.0804	raid	Rode.	[]		nvidia/parakeet-tdt-0.6b-v3	cpu
torgo-M02-Session1-0100	M02	dysarthric	/Users/animesh/Animesh/Project 2.0/echora/data/raw/torgo/M/M02/Session1/wav_headMic/0100.wav	2.834	0.228	0.0804	rake	Рейк.	[]		nvidia/parakeet-tdt-0.6b-v3	cpu
torgo-F04-Session2-0236	F04	dysarthric	/Users/animesh/Animesh/Project 2.0/echora/data/raw/torgo/F/F04/Session2/wav_headMic/0236.wav	2.835	0.228	0.0803	him	Him	[]		nvidia/parakeet-tdt-0.6b-v3	cpu
torgo-M03-Session2-0413	M03	dysarthric	/Users/animesh/Animesh/Project 2.0/echora/data/raw/torgo/M/M03/Session2/wav_headMic/0413.wav	2.835	0.228	0.0803	walk		[]		nvidia/parakeet-tdt-0.6b-v3	cpu
torgo-M04-Session2-0141	M04	dysarthric	/Users/animesh/Animesh/Project 2.0/echora/data/raw/torgo/M/M04/Session2/wav_headMic/0141.wav	2.835	0.228	0.0803	bear		[]		nvidia/parakeet-tdt-0.6b-v3	cpu
torgo-M05-Session2-0065	M05	dysarthric	/Users/animesh/Animesh/Project 2.0/echora/data/raw/torgo/M/M05/Session2/wav_headMic/0065.wav	2.835	0.228	0.0803	thigh	Хаи.	[]		nvidia/parakeet-tdt-0.6b-v3	cpu
torgo-M05-Session2-0132	M05	dysarthric	/Users/animesh/Animesh/Project 2.0/echora/data/raw/torgo/M/M05/Session2/wav_headMic/0132.wav	2.835	0.228	0.0803	shoot	Shoot.	[]		nvidia/parakeet-tdt-0.6b-v3	cpu
torgo-M05-Session2-0137	M05	dysarthric	/Users/animesh/Animesh/Project 2.0/echora/data/raw/torgo/M/M05/Session2/wav_headMic/0137.wav	2.835	0.228	0.0803	droop		[]		nvidia/parakeet-tdt-0.6b-v3	cpu
torgo-M02-Session1-0069	M02	dysarthric	/Users/animesh/Animesh/Project 2.0/echora/data/raw/torgo/M/M02/Session1/wav_headMic/0069.wav	2.837	0.227	0.0802	train	Трейм.	[]		nvidia/parakeet-tdt-0.6b-v3	cpu
torgo-F03-Session2-0075	F03	dysarthric	/Users/animesh/Animesh/Project 2.0/echora/data/raw/torgo/F/F03/Session2/wav_headMic/0075.wav	2.840	0.227	0.0801	quebec	Кэбек.	[]		nvidia/parakeet-tdt-0.6b-v3	cpu
torgo-M01-Session1-0031	M01	dysarthric	/Users/animesh/Animesh/Project 2.0/echora/data/raw/torgo/M/M01/Session1/wav_headMic/0031.wav	2.840	0.227	0.0801	dug		[]		nvidia/parakeet-tdt-0.6b-v3	cpu
torgo-M03-Session2-0081	M03	dysarthric	/Users/animesh/Animesh/Project 2.0/echora/data/raw/torgo/M/M03/Session2/wav_headMic/0081.wav	2.840	0.227	0.0801	warm	Warm	[]		nvidia/parakeet-tdt-0.6b-v3	cpu
torgo-M05-Session1-0092	M05	dysarthric	/Users/animesh/Animesh/Project 2.0/echora/data/raw/torgo/M/M05/Session1/wav_headMic/0092.wav	2.840	0.227	0.0801	goat	Good.	[]		nvidia/parakeet-tdt-0.6b-v3	cpu
torgo-M02-Session1-0025	M02	dysarthric	/Users/animesh/Animesh/Project 2.0/echora/data/raw/torgo/M/M02/Session1/wav_headMic/0025.wav	2.843	0.227	0.0800	chair	Чея	[]		nvidia/parakeet-tdt-0.6b-v3	cpu
torgo-F04-Session2-0040	F04	dysarthric	/Users/animesh/Animesh/Project 2.0/echora/data/raw/torgo/F/F04/Session2/wav_headMic/0040.wav	2.845	0.227	0.0800	dot		[]		nvidia/parakeet-tdt-0.6b-v3	cpu
torgo-M03-Session2-0039	M03	dysarthric	/Users/animesh/Animesh/Project 2.0/echora/data/raw/torgo/M/M03/Session2/wav_headMic/0039.wav	2.845	0.227	0.0800	range	Range	[]		nvidia/parakeet-tdt-0.6b-v3	cpu
torgo-M03-Session2-0064	M03	dysarthric	/Users/animesh/Animesh/Project 2.0/echora/data/raw/torgo/M/M03/Session2/wav_headMic/0064.wav	2.845	0.220	0.0775	chair	Chair.	[]		nvidia/parakeet-tdt-0.6b-v3	cpu
torgo-M04-Session2-0116	M04	dysarthric	/Users/animesh/Animesh/Project 2.0/echora/data/raw/torgo/M/M04/Session2/wav_headMic/0116.wav	2.845	0.220	0.0775	bubble	Double.	[]		nvidia/parakeet-tdt-0.6b-v3	cpu
torgo-M02-Session2-0172	M02	dysarthric	/Users/animesh/Animesh/Project 2.0/echora/data/raw/torgo/M/M02/Session2/wav_headMic/0172.wav	2.850	0.220	0.0773	nine		[]		nvidia/parakeet-tdt-0.6b-v3	cpu
torgo-M02-Session2-0226	M02	dysarthric	/Users/animesh/Animesh/Project 2.0/echora/data/raw/torgo/M/M02/Session2/wav_headMic/0226.wav	2.850	0.220	0.0773	golf		[]		nvidia/parakeet-tdt-0.6b-v3	cpu
torgo-M02-Session2-0242	M02	dysarthric	/Users/animesh/Animesh/Project 2.0/echora/data/raw/torgo/M/M02/Session2/wav_headMic/0242.wav	2.850	0.220	0.0773	tread		[]		nvidia/parakeet-tdt-0.6b-v3	cpu
torgo-M04-Session2-0042	M04	dysarthric	/Users/animesh/Animesh/Project 2.0/echora/data/raw/torgo/M/M04/Session2/wav_headMic/0042.wav	2.850	0.220	0.0773	rate		[]		nvidia/parakeet-tdt-0.6b-v3	cpu
torgo-M04-Session2-0151	M04	dysarthric	/Users/animesh/Animesh/Project 2.0/echora/data/raw/torgo/M/M04/Session2/wav_headMic/0151.wav	2.850	0.220	0.0773	we're		[]		nvidia/parakeet-tdt-0.6b-v3	cpu
torgo-M05-Session1-0112	M05	dysarthric	/Users/animesh/Animesh/Project 2.0/echora/data/raw/torgo/M/M05/Session1/wav_headMic/0112.wav	2.855	0.220	0.0772	hair	Yeah.	[]		nvidia/parakeet-tdt-0.6b-v3	cpu
torgo-M05-Session2-0025	M05	dysarthric	/Users/animesh/Animesh/Project 2.0/echora/data/raw/torgo/M/M05/Session2/wav_headMic/0025.wav	2.855	0.229	0.0801	galore	Гео.	[]		nvidia/parakeet-tdt-0.6b-v3	cpu
torgo-M02-Session1-0081	M02	dysarthric	/Users/animesh/Animesh/Project 2.0/echora/data/raw/torgo/M/M02/Session1/wav_headMic/0081.wav	2.857	0.229	0.0800	storm	Storm.	[]		nvidia/parakeet-tdt-0.6b-v3	cpu
torgo-M01-Session1-0006	M01	dysarthric	/Users/animesh/Animesh/Project 2.0/echora/data/raw/torgo/M/M01/Session1/wav_headMic/0006.wav	2.860	0.229	0.0799	trait		[]		nvidia/parakeet-tdt-0.6b-v3	cpu
torgo-M03-Session2-0108	M03	dysarthric	/Users/animesh/Animesh/Project 2.0/echora/data/raw/torgo/M/M03/Session2/wav_headMic/0108.wav	2.860	0.229	0.0799	left	Left.	[]		nvidia/parakeet-tdt-0.6b-v3	cpu
torgo-M04-Session2-0031	M04	dysarthric	/Users/animesh/Animesh/Project 2.0/echora/data/raw/torgo/M/M04/Session2/wav_headMic/0031.wav	2.860	0.229	0.0799	hair		[]		nvidia/parakeet-tdt-0.6b-v3	cpu
torgo-M04-Session2-0105	M04	dysarthric	/Users/animesh/Animesh/Project 2.0/echora/data/raw/torgo/M/M04/Session2/wav_headMic/0105.wav	2.860	0.229	0.0799	corn	Кон.	[]		nvidia/parakeet-tdt-0.6b-v3	cpu
torgo-M04-Session2-0145	M04	dysarthric	/Users/animesh/Animesh/Project 2.0/echora/data/raw/torgo/M/M04/Session2/wav_headMic/0145.wav	2.860	0.229	0.0799	three		[]		nvidia/parakeet-tdt-0.6b-v3	cpu
torgo-M05-Session1-0018	M05	dysarthric	/Users/animesh/Animesh/Project 2.0/echora/data/raw/torgo/M/M05/Session1/wav_headMic/0018.wav	2.860	0.229	0.0799	chair		[]		nvidia/parakeet-tdt-0.6b-v3	cpu
torgo-M05-Session1-0113	M05	dysarthric	/Users/animesh/Animesh/Project 2.0/echora/data/raw/torgo/M/M05/Session1/wav_headMic/0113.wav	2.860	0.226	0.0791	meat		[]		nvidia/parakeet-tdt-0.6b-v3	cpu
torgo-M05-Session2-0162	M05	dysarthric	/Users/animesh/Animesh/Project 2.0/echora/data/raw/torgo/M/M05/Session2/wav_headMic/0162.wav	2.860	0.226	0.0791	fat		[]		nvidia/parakeet-tdt-0.6b-v3	cpu
torgo-M05-Session2-0386	M05	dysarthric	/Users/animesh/Animesh/Project 2.0/echora/data/raw/torgo/M/M05/Session2/wav_headMic/0386.wav	2.860	0.226	0.0791	victor	Выке	[]		nvidia/parakeet-tdt-0.6b-v3	cpu
torgo-M02-Session1-0105	M02	dysarthric	/Users/animesh/Animesh/Project 2.0/echora/data/raw/torgo/M/M02/Session1/wav_headMic/0105.wav	2.862	0.226	0.0791	jacket	Для кев.	[]		nvidia/parakeet-tdt-0.6b-v3	cpu
torgo-M02-Session1-0111	M02	dysarthric	/Users/animesh/Animesh/Project 2.0/echora/data/raw/torgo/M/M02/Session1/wav_headMic/0111.wav	2.862	0.226	0.0791	goat	Коуд.	[]		nvidia/parakeet-tdt-0.6b-v3	cpu
torgo-F03-Session3-0172	F03	dysarthric	/Users/animesh/Animesh/Project 2.0/echora/data/raw/torgo/F/F03/Session3/wav_headMic/0172.wav	2.865	0.226	0.0790	The wait for work can be very long.	The wait for work can be very long.	[]		nvidia/parakeet-tdt-0.6b-v3	cpu
torgo-F04-Session2-0194	F04	dysarthric	/Users/animesh/Animesh/Project 2.0/echora/data/raw/torgo/F/F04/Session2/wav_headMic/0194.wav	2.865	0.226	0.0790	thorn	Thorns.	[]		nvidia/parakeet-tdt-0.6b-v3	cpu
torgo-M03-Session2-0089	M03	dysarthric	/Users/animesh/Animesh/Project 2.0/echora/data/raw/torgo/M/M03/Session2/wav_headMic/0089.wav	2.865	0.226	0.0790	storm	Storm	[]		nvidia/parakeet-tdt-0.6b-v3	cpu
torgo-M05-Session1-0053	M05	dysarthric	/Users/animesh/Animesh/Project 2.0/echora/data/raw/torgo/M/M05/Session1/wav_headMic/0053.wav	2.865	0.231	0.0806	jacket	Jake.	[]		nvidia/parakeet-tdt-0.6b-v3	cpu
torgo-M05-Session1-0073	M05	dysarthric	/Users/animesh/Animesh/Project 2.0/echora/data/raw/torgo/M/M05/Session1/wav_headMic/0073.wav	2.865	0.231	0.0806	sip	Си	[]		nvidia/parakeet-tdt-0.6b-v3	cpu
torgo-M05-Session2-0175	M05	dysarthric	/Users/animesh/Animesh/Project 2.0/echora/data/raw/torgo/M/M05/Session2/wav_headMic/0175.wav	2.865	0.231	0.0806	kitten	Kitten.	[]		nvidia/parakeet-tdt-0.6b-v3	cpu
torgo-F04-Session2-0171	F04	dysarthric	/Users/animesh/Animesh/Project 2.0/echora/data/raw/torgo/F/F04/Session2/wav_headMic/0171.wav	2.870	0.231	0.0805	vat		[]		nvidia/parakeet-tdt-0.6b-v3	cpu
torgo-M05-Session2-0148	M05	dysarthric	/Users/animesh/Animesh/Project 2.0/echora/data/raw/torgo/M/M05/Session2/wav_headMic/0148.wav	2.875	0.231	0.0804	fill	Фред.	[]		nvidia/parakeet-tdt-0.6b-v3	cpu
torgo-M01-Session1-0047	M01	dysarthric	/Users/animesh/Animesh/Project 2.0/echora/data/raw/torgo/M/M01/Session1/wav_headMic/0047.wav	2.885	0.231	0.0801	park	Dark.	[]		nvidia/parakeet-tdt-0.6b-v3	cpu
torgo-M01-Session1-0100	M01	dysarthric	/Users/animesh/Animesh/Project 2.0/echora/data/raw/torgo/M/M01/Session1/wav_headMic/0100.wav	2.885	0.231	0.0801	swarm	She's a war.	[]		nvidia/parakeet-tdt-0.6b-v3	cpu
torgo-M02-Session2-0184	M02	dysarthric	/Users/animesh/Animesh/Project 2.0/echora/data/raw/torgo/M/M02/Session2/wav_headMic/0184.wav	2.885	0.231	0.0801	zero	Girl.	[]		nvidia/parakeet-tdt-0.6b-v3	cpu
torgo-M04-Session2-0058	M04	dysarthric	/Users/animesh/Animesh/Project 2.0/echora/data/raw/torgo/M/M04/Session2/wav_headMic/0058.wav	2.885	0.248	0.0860	share	True.	[]		nvidia/parakeet-tdt-0.6b-v3	cpu
torgo-M04-Session2-0071	M04	dysarthric	/Users/animesh/Animesh/Project 2.0/echora/data/raw/torgo/M/M04/Session2/wav_headMic/0071.wav	2.885	0.248	0.0860	trace		[]		nvidia/parakeet-tdt-0.6b-v3	cpu
torgo-M04-Session2-0143	M04	dysarthric	/Users/animesh/Animesh/Project 2.0/echora/data/raw/torgo/M/M04/Session2/wav_headMic/0143.wav	2.885	0.248	0.0860	near		[]		nvidia/parakeet-tdt-0.6b-v3	cpu
torgo-M04-Session2-0144	M04	dysarthric	/Users/animesh/Animesh/Project 2.0/echora/data/raw/torgo/M/M04/Session2/wav_headMic/0144.wav	2.885	0.248	0.0860	bad		[]		nvidia/parakeet-tdt-0.6b-v3	cpu
torgo-M04-Session2-0161	M04	dysarthric	/Users/animesh/Animesh/Project 2.0/echora/data/raw/torgo/M/M04/Session2/wav_headMic/0161.wav	2.885	0.248	0.0860	group		[]		nvidia/parakeet-tdt-0.6b-v3	cpu
torgo-M05-Session2-0047	M05	dysarthric	/Users/animesh/Animesh/Project 2.0/echora/data/raw/torgo/M/M05/Session2/wav_headMic/0047.wav	2.885	0.248	0.0860	rock	Рак	[]		nvidia/parakeet-tdt-0.6b-v3	cpu
torgo-M01-Session1-0029	M01	dysarthric	/Users/animesh/Animesh/Project 2.0/echora/data/raw/torgo/M/M01/Session1/wav_headMic/0029.wav	2.890	0.248	0.0859	double	Деабо.	[]		nvidia/parakeet-tdt-0.6b-v3	cpu
torgo-M04-Session2-0275	M04	dysarthric	/Users/animesh/Animesh/Project 2.0/echora/data/raw/torgo/M/M04/Session2/wav_headMic/0275.wav	2.890	0.248	0.0859	juliet	record one two three stop	[]		nvidia/parakeet-tdt-0.6b-v3	cpu
torgo-M05-Session2-0032	M05	dysarthric	/Users/animesh/Animesh/Project 2.0/echora/data/raw/torgo/M/M05/Session2/wav_headMic/0032.wav	2.890	0.394	0.1365	deer	D	[]		nvidia/parakeet-tdt-0.6b-v3	cpu
torgo-M02-Session1-0116	M02	dysarthric	/Users/animesh/Animesh/Project 2.0/echora/data/raw/torgo/M/M02/Session1/wav_headMic/0116.wav	2.890	0.394	0.1365	feed	Food.	[]		nvidia/parakeet-tdt-0.6b-v3	cpu
torgo-M02-Session1-0139	M02	dysarthric	/Users/animesh/Animesh/Project 2.0/echora/data/raw/torgo/M/M02/Session1/wav_headMic/0139.wav	2.890	0.394	0.1365	write		[]		nvidia/parakeet-tdt-0.6b-v3	cpu
torgo-M02-Session2-0116	M02	dysarthric	/Users/animesh/Animesh/Project 2.0/echora/data/raw/torgo/M/M02/Session2/wav_headMic/0116.wav	2.890	0.394	0.1365	witty	Ways he	[]		nvidia/parakeet-tdt-0.6b-v3	cpu
torgo-F04-Session2-0064	F04	dysarthric	/Users/animesh/Animesh/Project 2.0/echora/data/raw/torgo/F/F04/Session2/wav_headMic/0064.wav	2.895	0.394	0.1362	sigh		[]		nvidia/parakeet-tdt-0.6b-v3	cpu
torgo-M05-Session2-0156	M05	dysarthric	/Users/animesh/Animesh/Project 2.0/echora/data/raw/torgo/M/M05/Session2/wav_headMic/0156.wav	2.895	0.394	0.1362	kilo	Kilo	[]		nvidia/parakeet-tdt-0.6b-v3	cpu
torgo-M02-Session2-0099	M02	dysarthric	/Users/animesh/Animesh/Project 2.0/echora/data/raw/torgo/M/M02/Session2/wav_headMic/0099.wav	2.900	0.394	0.1360	fat		[]		nvidia/parakeet-tdt-0.6b-v3	cpu
torgo-M05-Session1-0084	M05	dysarthric	/Users/animesh/Animesh/Project 2.0/echora/data/raw/torgo/M/M05/Session1/wav_headMic/0084.wav	2.900	0.394	0.1360	knew		[]		nvidia/parakeet-tdt-0.6b-v3	cpu
torgo-M03-Session2-0034	M03	dysarthric	/Users/animesh/Animesh/Project 2.0/echora/data/raw/torgo/M/M03/Session2/wav_headMic/0034.wav	2.905	0.344	0.1184	feet	Feet.	[]		nvidia/parakeet-tdt-0.6b-v3	cpu
torgo-M04-Session2-0230	M04	dysarthric	/Users/animesh/Animesh/Project 2.0/echora/data/raw/torgo/M/M04/Session2/wav_headMic/0230.wav	2.905	0.344	0.1184	cycle	Файго.	[]		nvidia/parakeet-tdt-0.6b-v3	cpu
torgo-M05-Session2-0024	M05	dysarthric	/Users/animesh/Animesh/Project 2.0/echora/data/raw/torgo/M/M05/Session2/wav_headMic/0024.wav	2.905	0.344	0.1184	air	Yeah.	[]		nvidia/parakeet-tdt-0.6b-v3	cpu
torgo-M05-Session2-0283	M05	dysarthric	/Users/animesh/Animesh/Project 2.0/echora/data/raw/torgo/M/M05/Session2/wav_headMic/0283.wav	2.905	0.344	0.1184	ship	Hip.	[]		nvidia/parakeet-tdt-0.6b-v3	cpu
torgo-M05-Session2-0178	M05	dysarthric	/Users/animesh/Animesh/Project 2.0/echora/data/raw/torgo/M/M05/Session2/wav_headMic/0178.wav	2.910	0.344	0.1182	witch		[]		nvidia/parakeet-tdt-0.6b-v3	cpu
torgo-F03-Session3-0003	F03	dysarthric	/Users/animesh/Animesh/Project 2.0/echora/data/raw/torgo/F/F03/Session3/wav_headMic/0003.wav	2.910	0.344	0.1182	sitter	Sidder.	[]		nvidia/parakeet-tdt-0.6b-v3	cpu
torgo-M05-Session1-0076	M05	dysarthric	/Users/animesh/Animesh/Project 2.0/echora/data/raw/torgo/M/M05/Session1/wav_headMic/0076.wav	2.910	0.344	0.1182	trouble		[]		nvidia/parakeet-tdt-0.6b-v3	cpu
torgo-M02-Session1-0240	M02	dysarthric	/Users/animesh/Animesh/Project 2.0/echora/data/raw/torgo/M/M02/Session1/wav_headMic/0240.wav	2.913	0.344	0.1180	explore	Экста.	[]		nvidia/parakeet-tdt-0.6b-v3	cpu
torgo-M03-Session2-0058	M03	dysarthric	/Users/animesh/Animesh/Project 2.0/echora/data/raw/torgo/M/M03/Session2/wav_headMic/0058.wav	2.915	0.214	0.0734	train	Train	[]		nvidia/parakeet-tdt-0.6b-v3	cpu
torgo-M04-Session2-0179	M04	dysarthric	/Users/animesh/Animesh/Project 2.0/echora/data/raw/torgo/M/M04/Session2/wav_headMic/0179.wav	2.915	0.214	0.0734	cheer		[]		nvidia/parakeet-tdt-0.6b-v3	cpu
torgo-F03-Session2-0034	F03	dysarthric	/Users/animesh/Animesh/Project 2.0/echora/data/raw/torgo/F/F03/Session2/wav_headMic/0034.wav	2.920	0.214	0.0733	pay	Прэй.	[]		nvidia/parakeet-tdt-0.6b-v3	cpu
torgo-F03-Session2-0106	F03	dysarthric	/Users/animesh/Animesh/Project 2.0/echora/data/raw/torgo/F/F03/Session2/wav_headMic/0106.wav	2.920	0.214	0.0733	sign		[]		nvidia/parakeet-tdt-0.6b-v3	cpu
torgo-M03-Session2-0052	M03	dysarthric	/Users/animesh/Animesh/Project 2.0/echora/data/raw/torgo/M/M03/Session2/wav_headMic/0052.wav	2.920	0.214	0.0733	tear	Yeah.	[]		nvidia/parakeet-tdt-0.6b-v3	cpu
torgo-M02-Session1-0047	M02	dysarthric	/Users/animesh/Animesh/Project 2.0/echora/data/raw/torgo/M/M02/Session1/wav_headMic/0047.wav	2.921	0.214	0.0733	store		[]		nvidia/parakeet-tdt-0.6b-v3	cpu
torgo-M02-Session2-0173	M02	dysarthric	/Users/animesh/Animesh/Project 2.0/echora/data/raw/torgo/M/M02/Session2/wav_headMic/0173.wav	2.925	0.214	0.0732	city	Сыдых.	[]		nvidia/parakeet-tdt-0.6b-v3	cpu
torgo-M04-Session2-0074	M04	dysarthric	/Users/animesh/Animesh/Project 2.0/echora/data/raw/torgo/M/M04/Session2/wav_headMic/0074.wav	2.925	0.214	0.0732	rave	Reef.	[]		nvidia/parakeet-tdt-0.6b-v3	cpu
torgo-M04-Session2-0203	M04	dysarthric	/Users/animesh/Animesh/Project 2.0/echora/data/raw/torgo/M/M04/Session2/wav_headMic/0203.wav	2.925	0.284	0.0972	prior	Spider.	[]		nvidia/parakeet-tdt-0.6b-v3	cpu
torgo-M05-Session2-0391	M05	dysarthric	/Users/animesh/Animesh/Project 2.0/echora/data/raw/torgo/M/M05/Session2/wav_headMic/0391.wav	2.925	0.284	0.0972	one		[]		nvidia/parakeet-tdt-0.6b-v3	cpu
torgo-F04-Session2-0091	F04	dysarthric	/Users/animesh/Animesh/Project 2.0/echora/data/raw/torgo/F/F04/Session2/wav_headMic/0091.wav	2.930	0.284	0.0971	much	Матч.	[]		nvidia/parakeet-tdt-0.6b-v3	cpu
torgo-M03-Session2-0230	M03	dysarthric	/Users/animesh/Animesh/Project 2.0/echora/data/raw/torgo/M/M03/Session2/wav_headMic/0230.wav	2.930	0.284	0.0971	explore	Explore.	[]		nvidia/parakeet-tdt-0.6b-v3	cpu
torgo-M03-Session2-0284	M03	dysarthric	/Users/animesh/Animesh/Project 2.0/echora/data/raw/torgo/M/M03/Session2/wav_headMic/0284.wav	2.930	0.284	0.0971	hum		[]		nvidia/parakeet-tdt-0.6b-v3	cpu
torgo-M04-Session2-0041	M04	dysarthric	/Users/animesh/Animesh/Project 2.0/echora/data/raw/torgo/M/M04/Session2/wav_headMic/0041.wav	2.930	0.284	0.0971	trade		[]		nvidia/parakeet-tdt-0.6b-v3	cpu
torgo-M05-Session1-0037	M05	dysarthric	/Users/animesh/Animesh/Project 2.0/echora/data/raw/torgo/M/M05/Session1/wav_headMic/0037.wav	2.930	0.284	0.0971	chair	Two.	[]		nvidia/parakeet-tdt-0.6b-v3	cpu
torgo-M05-Session1-0102	M05	dysarthric	/Users/animesh/Animesh/Project 2.0/echora/data/raw/torgo/M/M05/Session1/wav_headMic/0102.wav	2.930	0.284	0.0971	car	Clone.	[]		nvidia/parakeet-tdt-0.6b-v3	cpu
torgo-M05-Session2-0269	M05	dysarthric	/Users/animesh/Animesh/Project 2.0/echora/data/raw/torgo/M/M05/Session2/wav_headMic/0269.wav	2.930	0.388	0.1324	thought		[]		nvidia/parakeet-tdt-0.6b-v3	cpu
torgo-F04-Session2-0106	F04	dysarthric	/Users/animesh/Animesh/Project 2.0/echora/data/raw/torgo/F/F04/Session2/wav_headMic/0106.wav	2.935	0.388	0.1322	seed	Фид.	[]		nvidia/parakeet-tdt-0.6b-v3	cpu
torgo-M02-Session2-0167	M02	dysarthric	/Users/animesh/Animesh/Project 2.0/echora/data/raw/torgo/M/M02/Session2/wav_headMic/0167.wav	2.935	0.388	0.1322	spark		[]		nvidia/parakeet-tdt-0.6b-v3	cpu
torgo-M04-Session2-0245	M04	dysarthric	/Users/animesh/Animesh/Project 2.0/echora/data/raw/torgo/M/M04/Session2/wav_headMic/0245.wav	2.935	0.388	0.1322	droop		[]		nvidia/parakeet-tdt-0.6b-v3	cpu
torgo-M05-Session1-0005	M05	dysarthric	/Users/animesh/Animesh/Project 2.0/echora/data/raw/torgo/M/M05/Session1/wav_headMic/0005.wav	2.935	0.388	0.1322	swore		[]		nvidia/parakeet-tdt-0.6b-v3	cpu
torgo-M01-Session1-0098	M01	dysarthric	/Users/animesh/Animesh/Project 2.0/echora/data/raw/torgo/M/M01/Session1/wav_headMic/0098.wav	2.935	0.388	0.1322	corn		[]		nvidia/parakeet-tdt-0.6b-v3	cpu
torgo-M02-Session2-0216	M02	dysarthric	/Users/animesh/Animesh/Project 2.0/echora/data/raw/torgo/M/M02/Session2/wav_headMic/0216.wav	2.940	0.388	0.1319	leak		[]		nvidia/parakeet-tdt-0.6b-v3	cpu
torgo-M03-Session2-0348	M03	dysarthric	/Users/animesh/Animesh/Project 2.0/echora/data/raw/torgo/M/M03/Session2/wav_headMic/0348.wav	2.940	0.388	0.1319	six	Six. Six.	[]		nvidia/parakeet-tdt-0.6b-v3	cpu
torgo-M04-Session2-0106	M04	dysarthric	/Users/animesh/Animesh/Project 2.0/echora/data/raw/torgo/M/M04/Session2/wav_headMic/0106.wav	2.940	0.284	0.0965	stick		[]		nvidia/parakeet-tdt-0.6b-v3	cpu
torgo-M04-Session2-0261	M04	dysarthric	/Users/animesh/Animesh/Project 2.0/echora/data/raw/torgo/M/M04/Session2/wav_headMic/0261.wav	2.940	0.284	0.0965	toot		[]		nvidia/parakeet-tdt-0.6b-v3	cpu
torgo-M05-Session1-0012	M05	dysarthric	/Users/animesh/Animesh/Project 2.0/echora/data/raw/torgo/M/M05/Session1/wav_headMic/0012.wav	2.940	0.284	0.0965	spark	Shhh shunk	[]		nvidia/parakeet-tdt-0.6b-v3	cpu
torgo-F04-Session2-0146	F04	dysarthric	/Users/animesh/Animesh/Project 2.0/echora/data/raw/torgo/F/F04/Session2/wav_headMic/0146.wav	2.945	0.284	0.0963	at		[]		nvidia/parakeet-tdt-0.6b-v3	cpu
torgo-F04-Session2-0222	F04	dysarthric	/Users/animesh/Animesh/Project 2.0/echora/data/raw/torgo/F/F04/Session2/wav_headMic/0222.wav	2.950	0.284	0.0961	zip	Зип.	[]		nvidia/parakeet-tdt-0.6b-v3	cpu
torgo-M01-Session1-0017	M01	dysarthric	/Users/animesh/Animesh/Project 2.0/echora/data/raw/torgo/M/M01/Session1/wav_headMic/0017.wav	2.950	0.284	0.0961	bubble	Дабло.	[]		nvidia/parakeet-tdt-0.6b-v3	cpu
torgo-M03-Session2-0062	M03	dysarthric	/Users/animesh/Animesh/Project 2.0/echora/data/raw/torgo/M/M03/Session2/wav_headMic/0062.wav	2.950	0.284	0.0961	torn	Torn.	[]		nvidia/parakeet-tdt-0.6b-v3	cpu
torgo-M04-Session2-0030	M04	dysarthric	/Users/animesh/Animesh/Project 2.0/echora/data/raw/torgo/M/M04/Session2/wav_headMic/0030.wav	2.950	0.284	0.0961	park		[]		nvidia/parakeet-tdt-0.6b-v3	cpu
torgo-M04-Session2-0149	M04	dysarthric	/Users/animesh/Animesh/Project 2.0/echora/data/raw/torgo/M/M04/Session2/wav_headMic/0149.wav	2.950	0.239	0.0809	we're	Where	[]		nvidia/parakeet-tdt-0.6b-v3	cpu
torgo-M05-Session2-0295	M05	dysarthric	/Users/animesh/Animesh/Project 2.0/echora/data/raw/torgo/M/M05/Session2/wav_headMic/0295.wav	2.950	0.239	0.0809	wicked	Уикид.	[]		nvidia/parakeet-tdt-0.6b-v3	cpu
torgo-F03-Session3-0183	F03	dysarthric	/Users/animesh/Animesh/Project 2.0/echora/data/raw/torgo/F/F03/Session3/wav_headMic/0183.wav	2.955	0.239	0.0808	Some prefer the traditional steel kind.	Some prefer the traditional steel kind.	[]		nvidia/parakeet-tdt-0.6b-v3	cpu
torgo-F04-Session2-0179	F04	dysarthric	/Users/animesh/Animesh/Project 2.0/echora/data/raw/torgo/F/F04/Session2/wav_headMic/0179.wav	2.955	0.239	0.0808	kilo	Кью.	[]		nvidia/parakeet-tdt-0.6b-v3	cpu
torgo-M02-Session2-0168	M02	dysarthric	/Users/animesh/Animesh/Project 2.0/echora/data/raw/torgo/M/M02/Session2/wav_headMic/0168.wav	2.955	0.239	0.0808	spark		[]		nvidia/parakeet-tdt-0.6b-v3	cpu
torgo-M04-Session2-0020	M04	dysarthric	/Users/animesh/Animesh/Project 2.0/echora/data/raw/torgo/M/M04/Session2/wav_headMic/0020.wav	2.955	0.239	0.0808	spark	Bug.	[]		nvidia/parakeet-tdt-0.6b-v3	cpu
torgo-M04-Session2-0086	M04	dysarthric	/Users/animesh/Animesh/Project 2.0/echora/data/raw/torgo/M/M04/Session2/wav_headMic/0086.wav	2.955	0.239	0.0808	read	Huit.	[]		nvidia/parakeet-tdt-0.6b-v3	cpu
torgo-M05-Session2-0046	M05	dysarthric	/Users/animesh/Animesh/Project 2.0/echora/data/raw/torgo/M/M05/Session2/wav_headMic/0046.wav	2.955	0.239	0.0808	sigh		[]		nvidia/parakeet-tdt-0.6b-v3	cpu
torgo-M05-Session2-0384	M05	dysarthric	/Users/animesh/Animesh/Project 2.0/echora/data/raw/torgo/M/M05/Session2/wav_headMic/0384.wav	2.960	0.298	0.1008	sink		[]		nvidia/parakeet-tdt-0.6b-v3	cpu
torgo-M03-Session2-0024	M03	dysarthric	/Users/animesh/Animesh/Project 2.0/echora/data/raw/torgo/M/M03/Session2/wav_headMic/0024.wav	2.965	0.298	0.1006	bug		[]		nvidia/parakeet-tdt-0.6b-v3	cpu
torgo-M02-Session1-0032	M02	dysarthric	/Users/animesh/Animesh/Project 2.0/echora/data/raw/torgo/M/M02/Session1/wav_headMic/0032.wav	2.970	0.298	0.1005	swarm	Swarm.	[]		nvidia/parakeet-tdt-0.6b-v3	cpu
torgo-M03-Session2-0379	M03	dysarthric	/Users/animesh/Animesh/Project 2.0/echora/data/raw/torgo/M/M03/Session2/wav_headMic/0379.wav	2.970	0.298	0.1004	When all else fails, use force.	When all else fails, use force.	[]		nvidia/parakeet-tdt-0.6b-v3	cpu
torgo-M05-Session2-0109	M05	dysarthric	/Users/animesh/Animesh/Project 2.0/echora/data/raw/torgo/M/M05/Session2/wav_headMic/0109.wav	2.970	0.298	0.1004	slip	Zip.	[]		nvidia/parakeet-tdt-0.6b-v3	cpu
torgo-M02-Session1-0096	M02	dysarthric	/Users/animesh/Animesh/Project 2.0/echora/data/raw/torgo/M/M02/Session1/wav_headMic/0096.wav	2.972	0.298	0.1004	swore	Why	[]		nvidia/parakeet-tdt-0.6b-v3	cpu
torgo-M02-Session1-0129	M02	dysarthric	/Users/animesh/Animesh/Project 2.0/echora/data/raw/torgo/M/M02/Session1/wav_headMic/0129.wav	2.974	0.298	0.1003	side		[]		nvidia/parakeet-tdt-0.6b-v3	cpu
torgo-M04-Session2-0271	M04	dysarthric	/Users/animesh/Animesh/Project 2.0/echora/data/raw/torgo/M/M04/Session2/wav_headMic/0271.wav	2.975	0.298	0.1003	tile	Die	[]		nvidia/parakeet-tdt-0.6b-v3	cpu
torgo-M05-Session2-0255	M05	dysarthric	/Users/animesh/Animesh/Project 2.0/echora/data/raw/torgo/M/M05/Session2/wav_headMic/0255.wav	2.975	0.246	0.0826	dark	Дайк.	[]		nvidia/parakeet-tdt-0.6b-v3	cpu
torgo-F03-Session3-0107	F03	dysarthric	/Users/animesh/Animesh/Project 2.0/echora/data/raw/torgo/F/F03/Session3/wav_headMic/0107.wav	2.975	0.246	0.0826	A good attitude is unbeatable.	A good attitude is unbeatable.	[]		nvidia/parakeet-tdt-0.6b-v3	cpu
torgo-M02-Session1-0218	M02	dysarthric	/Users/animesh/Animesh/Project 2.0/echora/data/raw/torgo/M/M02/Session1/wav_headMic/0218.wav	2.980	0.246	0.0825	prior	Пра	[]		nvidia/parakeet-tdt-0.6b-v3	cpu
torgo-M02-Session2-0159	M02	dysarthric	/Users/animesh/Animesh/Project 2.0/echora/data/raw/torgo/M/M02/Session2/wav_headMic/0159.wav	2.980	0.246	0.0825	oscar	Ашка.	[]		nvidia/parakeet-tdt-0.6b-v3	cpu
torgo-M02-Session2-0164	M02	dysarthric	/Users/animesh/Animesh/Project 2.0/echora/data/raw/torgo/M/M02/Session2/wav_headMic/0164.wav	2.980	0.246	0.0825	sitting	Sitting.	[]		nvidia/parakeet-tdt-0.6b-v3	cpu
torgo-M05-Session2-0388	M05	dysarthric	/Users/animesh/Animesh/Project 2.0/echora/data/raw/torgo/M/M05/Session2/wav_headMic/0388.wav	2.980	0.246	0.0825	ticker	Тык.	[]		nvidia/parakeet-tdt-0.6b-v3	cpu
torgo-M02-Session2-0205	M02	dysarthric	/Users/animesh/Animesh/Project 2.0/echora/data/raw/torgo/M/M02/Session2/wav_headMic/0205.wav	2.985	0.246	0.0824	heart	Heart.	[]		nvidia/parakeet-tdt-0.6b-v3	cpu
torgo-M05-Session2-0272	M05	dysarthric	/Users/animesh/Animesh/Project 2.0/echora/data/raw/torgo/M/M05/Session2/wav_headMic/0272.wav	2.985	0.246	0.0824	litter	Лето.	[]		nvidia/parakeet-tdt-0.6b-v3	cpu
torgo-M05-Session2-0014	M05	dysarthric	/Users/animesh/Animesh/Project 2.0/echora/data/raw/torgo/M/M05/Session2/wav_headMic/0014.wav	2.985	0.248	0.0831	suit	Shoot.	[]		nvidia/parakeet-tdt-0.6b-v3	cpu
torgo-F04-Session2-0029	F04	dysarthric	/Users/animesh/Animesh/Project 2.0/echora/data/raw/torgo/F/F04/Session2/wav_headMic/0029.wav	2.990	0.248	0.0830	gnaw	No	[]		nvidia/parakeet-tdt-0.6b-v3	cpu
torgo-M02-Session2-0189	M02	dysarthric	/Users/animesh/Animesh/Project 2.0/echora/data/raw/torgo/M/M02/Session2/wav_headMic/0189.wav	2.990	0.248	0.0830	blow		[]		nvidia/parakeet-tdt-0.6b-v3	cpu
torgo-M04-Session2-0091	M04	dysarthric	/Users/animesh/Animesh/Project 2.0/echora/data/raw/torgo/M/M04/Session2/wav_headMic/0091.wav	2.990	0.248	0.0830	fair		[]		nvidia/parakeet-tdt-0.6b-v3	cpu
torgo-M01-Session1-0076	M01	dysarthric	/Users/animesh/Animesh/Project 2.0/echora/data/raw/torgo/M/M01/Session1/wav_headMic/0076.wav	2.990	0.248	0.0830	beta	Бда.	[]		nvidia/parakeet-tdt-0.6b-v3	cpu
torgo-M03-Session2-0095	M03	dysarthric	/Users/animesh/Animesh/Project 2.0/echora/data/raw/torgo/M/M03/Session2/wav_headMic/0095.wav	2.995	0.248	0.0828	stick	Stick.	[]		nvidia/parakeet-tdt-0.6b-v3	cpu
torgo-M03-Session2-0280	M03	dysarthric	/Users/animesh/Animesh/Project 2.0/echora/data/raw/torgo/M/M03/Session2/wav_headMic/0280.wav	2.995	0.248	0.0828	spit	Spit.	[]		nvidia/parakeet-tdt-0.6b-v3	cpu
torgo-M02-Session2-0170	M02	dysarthric	/Users/animesh/Animesh/Project 2.0/echora/data/raw/torgo/M/M02/Session2/wav_headMic/0170.wav	3.000	0.248	0.0827	spain		[]		nvidia/parakeet-tdt-0.6b-v3	cpu
torgo-M03-Session2-0112	M03	dysarthric	/Users/animesh/Animesh/Project 2.0/echora/data/raw/torgo/M/M03/Session2/wav_headMic/0112.wav	3.000	0.239	0.0798	bit	Bit.	[]		nvidia/parakeet-tdt-0.6b-v3	cpu
torgo-M04-Session2-0023	M04	dysarthric	/Users/animesh/Animesh/Project 2.0/echora/data/raw/torgo/M/M04/Session2/wav_headMic/0023.wav	3.000	0.239	0.0798	swarm	Dummy.	[]		nvidia/parakeet-tdt-0.6b-v3	cpu
torgo-M04-Session2-0260	M04	dysarthric	/Users/animesh/Animesh/Project 2.0/echora/data/raw/torgo/M/M04/Session2/wav_headMic/0260.wav	3.000	0.239	0.0798	sleep	Sleep.	[]		nvidia/parakeet-tdt-0.6b-v3	cpu
torgo-M05-Session2-0230	M05	dysarthric	/Users/animesh/Animesh/Project 2.0/echora/data/raw/torgo/M/M05/Session2/wav_headMic/0230.wav	3.000	0.239	0.0798	written	Waiting.	[]		nvidia/parakeet-tdt-0.6b-v3	cpu
torgo-M02-Session1-0199	M02	dysarthric	/Users/animesh/Animesh/Project 2.0/echora/data/raw/torgo/M/M02/Session1/wav_headMic/0199.wav	3.000	0.239	0.0798	slay		[]		nvidia/parakeet-tdt-0.6b-v3	cpu
torgo-M02-Session2-0165	M02	dysarthric	/Users/animesh/Animesh/Project 2.0/echora/data/raw/torgo/M/M02/Session2/wav_headMic/0165.wav	3.005	0.239	0.0796	at	Uh	[]		nvidia/parakeet-tdt-0.6b-v3	cpu
torgo-M04-Session2-0096	M04	dysarthric	/Users/animesh/Animesh/Project 2.0/echora/data/raw/torgo/M/M04/Session2/wav_headMic/0096.wav	3.005	0.239	0.0796	glow		[]		nvidia/parakeet-tdt-0.6b-v3	cpu
torgo-M04-Session2-0103	M04	dysarthric	/Users/animesh/Animesh/Project 2.0/echora/data/raw/torgo/M/M04/Session2/wav_headMic/0103.wav	3.005	0.239	0.0796	torn		[]		nvidia/parakeet-tdt-0.6b-v3	cpu
torgo-F03-Session3-0044	F03	dysarthric	/Users/animesh/Animesh/Project 2.0/echora/data/raw/torgo/F/F03/Session3/wav_headMic/0044.wav	3.010	0.263	0.0874	He asked you for a loan.	He asked you for a loan.	[]		nvidia/parakeet-tdt-0.6b-v3	cpu
torgo-M03-Session2-0359	M03	dysarthric	/Users/animesh/Animesh/Project 2.0/echora/data/raw/torgo/M/M03/Session2/wav_headMic/0359.wav	3.010	0.263	0.0874	darn	Darn.	[]		nvidia/parakeet-tdt-0.6b-v3	cpu
torgo-M03-Session2-0406	M03	dysarthric	/Users/animesh/Animesh/Project 2.0/echora/data/raw/torgo/M/M03/Session2/wav_headMic/0406.wav	3.010	0.263	0.0874	nod	Nod.	[]		nvidia/parakeet-tdt-0.6b-v3	cpu
torgo-M04-Session2-0069	M04	dysarthric	/Users/animesh/Animesh/Project 2.0/echora/data/raw/torgo/M/M04/Session2/wav_headMic/0069.wav	3.010	0.263	0.0874	trouble	Too très bon.	[]		nvidia/parakeet-tdt-0.6b-v3	cpu
torgo-M04-Session2-0072	M04	dysarthric	/Users/animesh/Animesh/Project 2.0/echora/data/raw/torgo/M/M04/Session2/wav_headMic/0072.wav	3.010	0.263	0.0874	floor		[]		nvidia/parakeet-tdt-0.6b-v3	cpu
torgo-M05-Session1-0035	M05	dysarthric	/Users/animesh/Animesh/Project 2.0/echora/data/raw/torgo/M/M05/Session1/wav_headMic/0035.wav	3.010	0.263	0.0874	down	Дауне.	[]		nvidia/parakeet-tdt-0.6b-v3	cpu
torgo-M05-Session2-0040	M05	dysarthric	/Users/animesh/Animesh/Project 2.0/echora/data/raw/torgo/M/M05/Session2/wav_headMic/0040.wav	3.010	0.263	0.0874	sprinkle	Showing kill.	[]		nvidia/parakeet-tdt-0.6b-v3	cpu
torgo-M05-Session2-0225	M05	dysarthric	/Users/animesh/Animesh/Project 2.0/echora/data/raw/torgo/M/M05/Session2/wav_headMic/0225.wav	3.010	0.263	0.0874	lair		[]		nvidia/parakeet-tdt-0.6b-v3	cpu
torgo-M02-Session1-0073	M02	dysarthric	/Users/animesh/Animesh/Project 2.0/echora/data/raw/torgo/M/M02/Session1/wav_headMic/0073.wav	3.011	0.329	0.1094	born		[]		nvidia/parakeet-tdt-0.6b-v3	cpu
torgo-F03-Session3-0197	F03	dysarthric	/Users/animesh/Animesh/Project 2.0/echora/data/raw/torgo/F/F03/Session3/wav_headMic/0197.wav	3.015	0.329	0.1092	Being able to dance can help too.	Being able to dance can help too	[]		nvidia/parakeet-tdt-0.6b-v3	cpu
torgo-M03-Session2-0097	M03	dysarthric	/Users/animesh/Animesh/Project 2.0/echora/data/raw/torgo/M/M03/Session2/wav_headMic/0097.wav	3.015	0.329	0.1092	horn	Horn.	[]		nvidia/parakeet-tdt-0.6b-v3	cpu
torgo-M05-Session2-0167	M05	dysarthric	/Users/animesh/Animesh/Project 2.0/echora/data/raw/torgo/M/M05/Session2/wav_headMic/0167.wav	3.015	0.329	0.1092	spit	Спять	[]		nvidia/parakeet-tdt-0.6b-v3	cpu
torgo-M02-Session2-0192	M02	dysarthric	/Users/animesh/Animesh/Project 2.0/echora/data/raw/torgo/M/M02/Session2/wav_headMic/0192.wav	3.020	0.329	0.1090	top		[]		nvidia/parakeet-tdt-0.6b-v3	cpu
torgo-M04-Session2-0127	M04	dysarthric	/Users/animesh/Animesh/Project 2.0/echora/data/raw/torgo/M/M04/Session2/wav_headMic/0127.wav	3.025	0.329	0.1089	lead		[]		nvidia/parakeet-tdt-0.6b-v3	cpu
torgo-M05-Session2-0257	M05	dysarthric	/Users/animesh/Animesh/Project 2.0/echora/data/raw/torgo/M/M05/Session2/wav_headMic/0257.wav	3.025	0.329	0.1089	seeds	Seeds.	[]		nvidia/parakeet-tdt-0.6b-v3	cpu
torgo-M01-Session1-0079	M01	dysarthric	/Users/animesh/Animesh/Project 2.0/echora/data/raw/torgo/M/M01/Session1/wav_headMic/0079.wav	3.030	0.329	0.1087	warm		[]		nvidia/parakeet-tdt-0.6b-v3	cpu
torgo-M05-Session1-0031	M05	dysarthric	/Users/animesh/Animesh/Project 2.0/echora/data/raw/torgo/M/M05/Session1/wav_headMic/0031.wav	3.030	0.391	0.1289	slip		[]		nvidia/parakeet-tdt-0.6b-v3	cpu
torgo-M02-Session1-0147	M02	dysarthric	/Users/animesh/Animesh/Project 2.0/echora/data/raw/torgo/M/M02/Session1/wav_headMic/0147.wav	3.030	0.391	0.1289	sway	I swear you.	[]		nvidia/parakeet-tdt-0.6b-v3	cpu
torgo-M03-Session2-0068	M03	dysarthric	/Users/animesh/Animesh/Project 2.0/echora/data/raw/torgo/M/M03/Session2/wav_headMic/0068.wav	3.035	0.391	0.1287	sip		[]		nvidia/parakeet-tdt-0.6b-v3	cpu
torgo-M04-Session2-0099	M04	dysarthric	/Users/animesh/Animesh/Project 2.0/echora/data/raw/torgo/M/M04/Session2/wav_headMic/0099.wav	3.035	0.391	0.1287	alpha	Alpha.	[]		nvidia/parakeet-tdt-0.6b-v3	cpu
torgo-F04-Session2-0250	F04	dysarthric	/Users/animesh/Animesh/Project 2.0/echora/data/raw/torgo/F/F04/Session2/wav_headMic/0250.wav	3.045	0.391	0.1283	victor	Victor	[]		nvidia/parakeet-tdt-0.6b-v3	cpu
torgo-M04-Session2-0008	M04	dysarthric	/Users/animesh/Animesh/Project 2.0/echora/data/raw/torgo/M/M04/Session2/wav_headMic/0008.wav	3.045	0.391	0.1283	sticks		[]		nvidia/parakeet-tdt-0.6b-v3	cpu
torgo-M05-Session2-0208	M05	dysarthric	/Users/animesh/Animesh/Project 2.0/echora/data/raw/torgo/M/M05/Session2/wav_headMic/0208.wav	3.045	0.391	0.1283	sitting	Сетынь.	[]		nvidia/parakeet-tdt-0.6b-v3	cpu
torgo-F04-Session2-0093	F04	dysarthric	/Users/animesh/Animesh/Project 2.0/echora/data/raw/torgo/F/F04/Session2/wav_headMic/0093.wav	3.050	0.391	0.1281	thought	But	[]		nvidia/parakeet-tdt-0.6b-v3	cpu
torgo-M01-Session1-0087	M01	dysarthric	/Users/animesh/Animesh/Project 2.0/echora/data/raw/torgo/M/M01/Session1/wav_headMic/0087.wav	3.050	0.397	0.1303	meat		[]		nvidia/parakeet-tdt-0.6b-v3	cpu
torgo-M02-Session2-0217	M02	dysarthric	/Users/animesh/Animesh/Project 2.0/echora/data/raw/torgo/M/M02/Session2/wav_headMic/0217.wav	3.050	0.397	0.1303	part	Parks	[]		nvidia/parakeet-tdt-0.6b-v3	cpu
torgo-M05-Session2-0157	M05	dysarthric	/Users/animesh/Animesh/Project 2.0/echora/data/raw/torgo/M/M05/Session2/wav_headMic/0157.wav	3.050	0.397	0.1303	start		[]		nvidia/parakeet-tdt-0.6b-v3	cpu
torgo-F04-Session2-0234	F04	dysarthric	/Users/animesh/Animesh/Project 2.0/echora/data/raw/torgo/F/F04/Session2/wav_headMic/0234.wav	3.050	0.397	0.1303	sand	Find	[]		nvidia/parakeet-tdt-0.6b-v3	cpu
torgo-F03-Session2-0067	F03	dysarthric	/Users/animesh/Animesh/Project 2.0/echora/data/raw/torgo/F/F03/Session2/wav_headMic/0067.wav	3.055	0.397	0.1301	spain	Спэйн.	[]		nvidia/parakeet-tdt-0.6b-v3	cpu
torgo-M05-Session1-0085	M05	dysarthric	/Users/animesh/Animesh/Project 2.0/echora/data/raw/torgo/M/M05/Session1/wav_headMic/0085.wav	3.055	0.397	0.1301	two		[]		nvidia/parakeet-tdt-0.6b-v3	cpu
torgo-M05-Session2-0172	M05	dysarthric	/Users/animesh/Animesh/Project 2.0/echora/data/raw/torgo/M/M05/Session2/wav_headMic/0172.wav	3.055	0.397	0.1301	much		[]		nvidia/parakeet-tdt-0.6b-v3	cpu
torgo-M05-Session2-0253	M05	dysarthric	/Users/animesh/Animesh/Project 2.0/echora/data/raw/torgo/M/M05/Session2/wav_headMic/0253.wav	3.055	0.397	0.1301	league	Лиги.	[]		nvidia/parakeet-tdt-0.6b-v3	cpu
torgo-M02-Session1-0132	M02	dysarthric	/Users/animesh/Animesh/Project 2.0/echora/data/raw/torgo/M/M02/Session1/wav_headMic/0132.wav	3.058	0.389	0.1271	loop	Loop.	[]		nvidia/parakeet-tdt-0.6b-v3	cpu
torgo-M03-Session2-0180	M03	dysarthric	/Users/animesh/Animesh/Project 2.0/echora/data/raw/torgo/M/M03/Session2/wav_headMic/0180.wav	3.060	0.389	0.1271	delta	Delta	[]		nvidia/parakeet-tdt-0.6b-v3	cpu
torgo-M04-Session2-0084	M04	dysarthric	/Users/animesh/Animesh/Project 2.0/echora/data/raw/torgo/M/M04/Session2/wav_headMic/0084.wav	3.060	0.389	0.1271	tip		[]		nvidia/parakeet-tdt-0.6b-v3	cpu
torgo-M04-Session2-0119	M04	dysarthric	/Users/animesh/Animesh/Project 2.0/echora/data/raw/torgo/M/M04/Session2/wav_headMic/0119.wav	3.060	0.389	0.1271	chair	Yeah.	[]		nvidia/parakeet-tdt-0.6b-v3	cpu
torgo-M05-Session1-0123	M05	dysarthric	/Users/animesh/Animesh/Project 2.0/echora/data/raw/torgo/M/M05/Session1/wav_headMic/0123.wav	3.060	0.389	0.1271	rain		[]		nvidia/parakeet-tdt-0.6b-v3	cpu
torgo-M01-Session1-0070	M01	dysarthric	/Users/animesh/Animesh/Project 2.0/echora/data/raw/torgo/M/M01/Session1/wav_headMic/0070.wav	3.060	0.389	0.1271	pat	Right.	[]		nvidia/parakeet-tdt-0.6b-v3	cpu
torgo-M04-Session2-0026	M04	dysarthric	/Users/animesh/Animesh/Project 2.0/echora/data/raw/torgo/M/M04/Session2/wav_headMic/0026.wav	3.065	0.389	0.1269	stubble	Tá bom.	[]		nvidia/parakeet-tdt-0.6b-v3	cpu
torgo-M04-Session2-0170	M04	dysarthric	/Users/animesh/Animesh/Project 2.0/echora/data/raw/torgo/M/M04/Session2/wav_headMic/0170.wav	3.065	0.389	0.1269	sway	Three.	[]		nvidia/parakeet-tdt-0.6b-v3	cpu
torgo-M05-Session1-0109	M05	dysarthric	/Users/animesh/Animesh/Project 2.0/echora/data/raw/torgo/M/M05/Session1/wav_headMic/0109.wav	3.065	0.451	0.1473	air	Yeah.	[]		nvidia/parakeet-tdt-0.6b-v3	cpu
torgo-M05-Session2-0129	M05	dysarthric	/Users/animesh/Animesh/Project 2.0/echora/data/raw/torgo/M/M05/Session2/wav_headMic/0129.wav	3.065	0.451	0.1473	back		[]		nvidia/parakeet-tdt-0.6b-v3	cpu
torgo-M01-Session1-0095	M01	dysarthric	/Users/animesh/Animesh/Project 2.0/echora/data/raw/torgo/M/M01/Session1/wav_headMic/0095.wav	3.065	0.451	0.1472	yes	Yeah.	[]		nvidia/parakeet-tdt-0.6b-v3	cpu
torgo-F04-Session2-0123	F04	dysarthric	/Users/animesh/Animesh/Project 2.0/echora/data/raw/torgo/F/F04/Session2/wav_headMic/0123.wav	3.070	0.451	0.1470	cake	Кейк.	[]		nvidia/parakeet-tdt-0.6b-v3	cpu
torgo-M01-Session1-0051	M01	dysarthric	/Users/animesh/Animesh/Project 2.0/echora/data/raw/torgo/M/M01/Session1/wav_headMic/0051.wav	3.070	0.451	0.1470	left		[]		nvidia/parakeet-tdt-0.6b-v3	cpu
torgo-M02-Session2-0100	M02	dysarthric	/Users/animesh/Animesh/Project 2.0/echora/data/raw/torgo/M/M02/Session2/wav_headMic/0100.wav	3.070	0.451	0.1470	mike	My	[]		nvidia/parakeet-tdt-0.6b-v3	cpu
torgo-M04-Session2-0265	M04	dysarthric	/Users/animesh/Animesh/Project 2.0/echora/data/raw/torgo/M/M04/Session2/wav_headMic/0265.wav	3.070	0.451	0.1470	shoot	Чуть.	[]		nvidia/parakeet-tdt-0.6b-v3	cpu
torgo-F04-Session2-0082	F04	dysarthric	/Users/animesh/Animesh/Project 2.0/echora/data/raw/torgo/F/F04/Session2/wav_headMic/0082.wav	3.075	0.451	0.1468	sell	Cell	[]		nvidia/parakeet-tdt-0.6b-v3	cpu
torgo-M05-Session1-0105	M05	dysarthric	/Users/animesh/Animesh/Project 2.0/echora/data/raw/torgo/M/M05/Session1/wav_headMic/0105.wav	3.075	0.422	0.1374	corn	Коин.	[]		nvidia/parakeet-tdt-0.6b-v3	cpu
torgo-M05-Session1-0024	M05	dysarthric	/Users/animesh/Animesh/Project 2.0/echora/data/raw/torgo/M/M05/Session1/wav_headMic/0024.wav	3.075	0.422	0.1374	dagger		[]		nvidia/parakeet-tdt-0.6b-v3	cpu
torgo-M03-Session2-0273	M03	dysarthric	/Users/animesh/Animesh/Project 2.0/echora/data/raw/torgo/M/M03/Session2/wav_headMic/0273.wav	3.080	0.422	0.1371	The misguided souls have lost their way.	the misguided souls have lost their way.	[]		nvidia/parakeet-tdt-0.6b-v3	cpu
torgo-M03-Session2-0378	M03	dysarthric	/Users/animesh/Animesh/Project 2.0/echora/data/raw/torgo/M/M03/Session2/wav_headMic/0378.wav	3.080	0.422	0.1371	The books are very expensive.	The books are very expensive.	[]		nvidia/parakeet-tdt-0.6b-v3	cpu
torgo-M04-Session2-0235	M04	dysarthric	/Users/animesh/Animesh/Project 2.0/echora/data/raw/torgo/M/M04/Session2/wav_headMic/0235.wav	3.080	0.422	0.1371	troop	Чуб.	[]		nvidia/parakeet-tdt-0.6b-v3	cpu
torgo-M01-Session1-0059	M01	dysarthric	/Users/animesh/Animesh/Project 2.0/echora/data/raw/torgo/M/M01/Session1/wav_headMic/0059.wav	3.085	0.422	0.1369	air		[]		nvidia/parakeet-tdt-0.6b-v3	cpu
torgo-M01-Session1-0094	M01	dysarthric	/Users/animesh/Animesh/Project 2.0/echora/data/raw/torgo/M/M01/Session1/wav_headMic/0094.wav	3.085	0.422	0.1369	rake	Рейк.	[]		nvidia/parakeet-tdt-0.6b-v3	cpu
torgo-M04-Session2-0152	M04	dysarthric	/Users/animesh/Animesh/Project 2.0/echora/data/raw/torgo/M/M04/Session2/wav_headMic/0152.wav	3.085	0.422	0.1369	steer		[]		nvidia/parakeet-tdt-0.6b-v3	cpu
torgo-M02-Session1-0102	M02	dysarthric	/Users/animesh/Animesh/Project 2.0/echora/data/raw/torgo/M/M02/Session1/wav_headMic/0102.wav	3.087	0.348	0.1126	air		[]		nvidia/parakeet-tdt-0.6b-v3	cpu
torgo-M02-Session2-0157	M02	dysarthric	/Users/animesh/Animesh/Project 2.0/echora/data/raw/torgo/M/M02/Session2/wav_headMic/0157.wav	3.090	0.348	0.1125	leak		[]		nvidia/parakeet-tdt-0.6b-v3	cpu
torgo-M01-Session1-0054	M01	dysarthric	/Users/animesh/Animesh/Project 2.0/echora/data/raw/torgo/M/M01/Session1/wav_headMic/0054.wav	3.095	0.348	0.1123	goat	Голд.	[]		nvidia/parakeet-tdt-0.6b-v3	cpu
torgo-M05-Session2-0247	M05	dysarthric	/Users/animesh/Animesh/Project 2.0/echora/data/raw/torgo/M/M05/Session2/wav_headMic/0247.wav	3.095	0.348	0.1123	vat		[]		nvidia/parakeet-tdt-0.6b-v3	cpu
torgo-F03-Session3-0130	F03	dysarthric	/Users/animesh/Animesh/Project 2.0/echora/data/raw/torgo/F/F03/Session3/wav_headMic/0130.wav	3.100	0.348	0.1121	The results were very disappointing.	The results were very disappointing.	[]		nvidia/parakeet-tdt-0.6b-v3	cpu
torgo-M03-Session2-0421	M03	dysarthric	/Users/animesh/Animesh/Project 2.0/echora/data/raw/torgo/M/M03/Session2/wav_headMic/0421.wav	3.100	0.348	0.1121	we have an excellent team	We have an excellent team.	[]		nvidia/parakeet-tdt-0.6b-v3	cpu
torgo-M04-Session2-0019	M04	dysarthric	/Users/animesh/Animesh/Project 2.0/echora/data/raw/torgo/M/M04/Session2/wav_headMic/0019.wav	3.100	0.348	0.1121	sheet		[]		nvidia/parakeet-tdt-0.6b-v3	cpu
torgo-M05-Session2-0294	M05	dysarthric	/Users/animesh/Animesh/Project 2.0/echora/data/raw/torgo/M/M05/Session2/wav_headMic/0294.wav	3.100	0.348	0.1121	sierra	Сива.	[]		nvidia/parakeet-tdt-0.6b-v3	cpu
torgo-M05-Session1-0130	M05	dysarthric	/Users/animesh/Animesh/Project 2.0/echora/data/raw/torgo/M/M05/Session1/wav_headMic/0130.wav	3.105	0.240	0.0774	dark		[]		nvidia/parakeet-tdt-0.6b-v3	cpu
torgo-M02-Session1-0060	M02	dysarthric	/Users/animesh/Animesh/Project 2.0/echora/data/raw/torgo/M/M02/Session1/wav_headMic/0060.wav	3.107	0.240	0.0773	slip		[]		nvidia/parakeet-tdt-0.6b-v3	cpu
torgo-M05-Session2-0240	M05	dysarthric	/Users/animesh/Animesh/Project 2.0/echora/data/raw/torgo/M/M05/Session2/wav_headMic/0240.wav	3.110	0.240	0.0773	hotel	Hotel.	[]		nvidia/parakeet-tdt-0.6b-v3	cpu
torgo-M05-Session2-0251	M05	dysarthric	/Users/animesh/Animesh/Project 2.0/echora/data/raw/torgo/M/M05/Session2/wav_headMic/0251.wav	3.110	0.240	0.0773	brought		[]		nvidia/parakeet-tdt-0.6b-v3	cpu
torgo-M02-Session2-0146	M02	dysarthric	/Users/animesh/Animesh/Project 2.0/echora/data/raw/torgo/M/M02/Session2/wav_headMic/0146.wav	3.115	0.240	0.0771	barn		[]		nvidia/parakeet-tdt-0.6b-v3	cpu
torgo-M04-Session2-0016	M04	dysarthric	/Users/animesh/Animesh/Project 2.0/echora/data/raw/torgo/M/M04/Session2/wav_headMic/0016.wav	3.115	0.240	0.0771	jacket		[]		nvidia/parakeet-tdt-0.6b-v3	cpu
torgo-M05-Session2-0250	M05	dysarthric	/Users/animesh/Animesh/Project 2.0/echora/data/raw/torgo/M/M05/Session2/wav_headMic/0250.wav	3.115	0.240	0.0771	hem	М	[]		nvidia/parakeet-tdt-0.6b-v3	cpu
torgo-F04-Session2-0051	F04	dysarthric	/Users/animesh/Animesh/Project 2.0/echora/data/raw/torgo/F/F04/Session2/wav_headMic/0051.wav	3.120	0.240	0.0770	side	Side	[]		nvidia/parakeet-tdt-0.6b-v3	cpu
torgo-M02-Session2-0080	M02	dysarthric	/Users/animesh/Animesh/Project 2.0/echora/data/raw/torgo/M/M02/Session2/wav_headMic/0080.wav	3.120	0.240	0.0770	air		[]		nvidia/parakeet-tdt-0.6b-v3	cpu
torgo-M05-Session1-0082	M05	dysarthric	/Users/animesh/Animesh/Project 2.0/echora/data/raw/torgo/M/M05/Session1/wav_headMic/0082.wav	3.120	0.240	0.0770	bat		[]		nvidia/parakeet-tdt-0.6b-v3	cpu
torgo-M05-Session2-0017	M05	dysarthric	/Users/animesh/Animesh/Project 2.0/echora/data/raw/torgo/M/M05/Session2/wav_headMic/0017.wav	3.120	0.240	0.0770	prior		[]		nvidia/parakeet-tdt-0.6b-v3	cpu
torgo-M05-Session2-0252	M05	dysarthric	/Users/animesh/Animesh/Project 2.0/echora/data/raw/torgo/M/M05/Session2/wav_headMic/0252.wav	3.120	0.240	0.0770	city	Сити.	[]		nvidia/parakeet-tdt-0.6b-v3	cpu
torgo-F04-Session2-0044	F04	dysarthric	/Users/animesh/Animesh/Project 2.0/echora/data/raw/torgo/F/F04/Session2/wav_headMic/0044.wav	3.125	0.240	0.0769	tie		[]		nvidia/parakeet-tdt-0.6b-v3	cpu
torgo-M01-Session1-0025	M01	dysarthric	/Users/animesh/Animesh/Project 2.0/echora/data/raw/torgo/M/M01/Session1/wav_headMic/0025.wav	3.125	0.240	0.0769	knew	Ну	[]		nvidia/parakeet-tdt-0.6b-v3	cpu
torgo-M01-Session1-0075	M01	dysarthric	/Users/animesh/Animesh/Project 2.0/echora/data/raw/torgo/M/M01/Session1/wav_headMic/0075.wav	3.125	0.240	0.0769	rave	Rape.	[]		nvidia/parakeet-tdt-0.6b-v3	cpu
torgo-M03-Session2-0182	M03	dysarthric	/Users/animesh/Animesh/Project 2.0/echora/data/raw/torgo/M/M03/Session2/wav_headMic/0182.wav	3.125	0.240	0.0769	I scrubbed the floors thoroughly.	I I scrubbed the floors thoroughly, and	[]		nvidia/parakeet-tdt-0.6b-v3	cpu
torgo-F03-Session2-0159	F03	dysarthric	/Users/animesh/Animesh/Project 2.0/echora/data/raw/torgo/F/F03/Session2/wav_headMic/0159.wav	3.130	0.257	0.0820	Swing your arm as high as you can.	Swing your arm as high as you can.	[]		nvidia/parakeet-tdt-0.6b-v3	cpu
torgo-M04-Session2-0009	M04	dysarthric	/Users/animesh/Animesh/Project 2.0/echora/data/raw/torgo/M/M04/Session2/wav_headMic/0009.wav	3.130	0.257	0.0820	slip		[]		nvidia/parakeet-tdt-0.6b-v3	cpu
torgo-M04-Session2-0017	M04	dysarthric	/Users/animesh/Animesh/Project 2.0/echora/data/raw/torgo/M/M04/Session2/wav_headMic/0017.wav	3.130	0.257	0.0820	storm		[]		nvidia/parakeet-tdt-0.6b-v3	cpu
torgo-M04-Session2-0227	M04	dysarthric	/Users/animesh/Animesh/Project 2.0/echora/data/raw/torgo/M/M04/Session2/wav_headMic/0227.wav	3.130	0.257	0.0820	side	Vai.	[]		nvidia/parakeet-tdt-0.6b-v3	cpu
torgo-M05-Session2-0030	M05	dysarthric	/Users/animesh/Animesh/Project 2.0/echora/data/raw/torgo/M/M05/Session2/wav_headMic/0030.wav	3.130	0.257	0.0820	bad		[]		nvidia/parakeet-tdt-0.6b-v3	cpu
torgo-M05-Session2-0071	M05	dysarthric	/Users/animesh/Animesh/Project 2.0/echora/data/raw/torgo/M/M05/Session2/wav_headMic/0071.wav	3.130	0.257	0.0820	forward	A foid	[]		nvidia/parakeet-tdt-0.6b-v3	cpu
torgo-M05-Session2-0094	M05	dysarthric	/Users/animesh/Animesh/Project 2.0/echora/data/raw/torgo/M/M05/Session2/wav_headMic/0094.wav	3.130	0.257	0.0820	xxx		[]		nvidia/parakeet-tdt-0.6b-v3	cpu
torgo-F03-Session2-0052	F03	dysarthric	/Users/animesh/Animesh/Project 2.0/echora/data/raw/torgo/F/F03/Session2/wav_headMic/0052.wav	3.135	0.257	0.0818	forward	Forward oh forward.	[]		nvidia/parakeet-tdt-0.6b-v3	cpu
torgo-F04-Session2-0097	F04	dysarthric	/Users/animesh/Animesh/Project 2.0/echora/data/raw/torgo/F/F04/Session2/wav_headMic/0097.wav	3.135	0.287	0.0915	spit	Spit.	[]		nvidia/parakeet-tdt-0.6b-v3	cpu
torgo-M05-Session2-0098	M05	dysarthric	/Users/animesh/Animesh/Project 2.0/echora/data/raw/torgo/M/M05/Session2/wav_headMic/0098.wav	3.135	0.287	0.0915	here	Here	[]		nvidia/parakeet-tdt-0.6b-v3	cpu
torgo-M02-Session1-0036	M02	dysarthric	/Users/animesh/Animesh/Project 2.0/echora/data/raw/torgo/M/M02/Session1/wav_headMic/0036.wav	3.136	0.287	0.0915	I can read	I can read.	[]		nvidia/parakeet-tdt-0.6b-v3	cpu
torgo-F03-Session3-0097	F03	dysarthric	/Users/animesh/Animesh/Project 2.0/echora/data/raw/torgo/F/F03/Session3/wav_headMic/0097.wav	3.140	0.287	0.0913	There was only one decision to be made.	There was only one decision to be made.	[]		nvidia/parakeet-tdt-0.6b-v3	cpu
torgo-M02-Session2-0118	M02	dysarthric	/Users/animesh/Animesh/Project 2.0/echora/data/raw/torgo/M/M02/Session2/wav_headMic/0118.wav	3.140	0.287	0.0913	lima		[]		nvidia/parakeet-tdt-0.6b-v3	cpu
torgo-M02-Session2-0152	M02	dysarthric	/Users/animesh/Animesh/Project 2.0/echora/data/raw/torgo/M/M02/Session2/wav_headMic/0152.wav	3.140	0.287	0.0913	hark		[]		nvidia/parakeet-tdt-0.6b-v3	cpu
torgo-M04-Session2-0135	M04	dysarthric	/Users/animesh/Animesh/Project 2.0/echora/data/raw/torgo/M/M04/Session2/wav_headMic/0135.wav	3.140	0.287	0.0913	though		[]		nvidia/parakeet-tdt-0.6b-v3	cpu
torgo-F04-Session2-0020	F04	dysarthric	/Users/animesh/Animesh/Project 2.0/echora/data/raw/torgo/F/F04/Session2/wav_headMic/0020.wav	3.140	0.287	0.0913	boot	Бут.	[]		nvidia/parakeet-tdt-0.6b-v3	cpu
torgo-M05-Session2-0254	M05	dysarthric	/Users/animesh/Animesh/Project 2.0/echora/data/raw/torgo/M/M05/Session2/wav_headMic/0254.wav	3.145	0.306	0.0973	lick	Лик.	[]		nvidia/parakeet-tdt-0.6b-v3	cpu
torgo-M01-Session2_3-0283	M01	dysarthric	/Users/animesh/Animesh/Project 2.0/echora/data/raw/torgo/M/M01/Session2_3/wav_headMic/0283.wav	3.147	0.306	0.0972	hat		[]		nvidia/parakeet-tdt-0.6b-v3	cpu
torgo-M02-Session2-0166	M02	dysarthric	/Users/animesh/Animesh/Project 2.0/echora/data/raw/torgo/M/M02/Session2/wav_headMic/0166.wav	3.150	0.306	0.0971	rich		[]		nvidia/parakeet-tdt-0.6b-v3	cpu
torgo-M05-Session1-0049	M05	dysarthric	/Users/animesh/Animesh/Project 2.0/echora/data/raw/torgo/M/M05/Session1/wav_headMic/0049.wav	3.150	0.306	0.0971	storm	Стом.	[]		nvidia/parakeet-tdt-0.6b-v3	cpu
torgo-M02-Session2-0150	M02	dysarthric	/Users/animesh/Animesh/Project 2.0/echora/data/raw/torgo/M/M02/Session2/wav_headMic/0150.wav	3.155	0.306	0.0969	kitten		[]		nvidia/parakeet-tdt-0.6b-v3	cpu
torgo-M04-Session2-0239	M04	dysarthric	/Users/animesh/Animesh/Project 2.0/echora/data/raw/torgo/M/M04/Session2/wav_headMic/0239.wav	3.155	0.306	0.0969	jungle	Djungo.	[]		nvidia/parakeet-tdt-0.6b-v3	cpu
torgo-M05-Session2-0376	M05	dysarthric	/Users/animesh/Animesh/Project 2.0/echora/data/raw/torgo/M/M05/Session2/wav_headMic/0376.wav	3.155	0.306	0.0969	slicker	Судька	[]		nvidia/parakeet-tdt-0.6b-v3	cpu
torgo-M02-Session1-0027	M02	dysarthric	/Users/animesh/Animesh/Project 2.0/echora/data/raw/torgo/M/M02/Session1/wav_headMic/0027.wav	3.155	0.306	0.0969	the	Law.	[]		nvidia/parakeet-tdt-0.6b-v3	cpu
torgo-M02-Session1-0046	M02	dysarthric	/Users/animesh/Animesh/Project 2.0/echora/data/raw/torgo/M/M02/Session1/wav_headMic/0046.wav	3.155	0.420	0.1331	tear		[]		nvidia/parakeet-tdt-0.6b-v3	cpu
torgo-F04-Session2-0014	F04	dysarthric	/Users/animesh/Animesh/Project 2.0/echora/data/raw/torgo/F/F04/Session2/wav_headMic/0014.wav	3.165	0.420	0.1327	This was easy for us.	This was easy for us.	[]		nvidia/parakeet-tdt-0.6b-v3	cpu
torgo-M01-Session1-0093	M01	dysarthric	/Users/animesh/Animesh/Project 2.0/echora/data/raw/torgo/M/M01/Session1/wav_headMic/0093.wav	3.165	0.420	0.1327	for	Poor	[]		nvidia/parakeet-tdt-0.6b-v3	cpu
torgo-M02-Session1-0045	M02	dysarthric	/Users/animesh/Animesh/Project 2.0/echora/data/raw/torgo/M/M02/Session1/wav_headMic/0045.wav	3.165	0.420	0.1327	yes		[]		nvidia/parakeet-tdt-0.6b-v3	cpu
torgo-M02-Session2-0221	M02	dysarthric	/Users/animesh/Animesh/Project 2.0/echora/data/raw/torgo/M/M02/Session2/wav_headMic/0221.wav	3.165	0.420	0.1327	fitting	Фильтн.	[]		nvidia/parakeet-tdt-0.6b-v3	cpu
torgo-M05-Session1-0026	M05	dysarthric	/Users/animesh/Animesh/Project 2.0/echora/data/raw/torgo/M/M05/Session1/wav_headMic/0026.wav	3.165	0.420	0.1327	bubble	Бабу	[]		nvidia/parakeet-tdt-0.6b-v3	cpu
torgo-M05-Session1-0110	M05	dysarthric	/Users/animesh/Animesh/Project 2.0/echora/data/raw/torgo/M/M05/Session1/wav_headMic/0110.wav	3.165	0.420	0.1327	know		[]		nvidia/parakeet-tdt-0.6b-v3	cpu
torgo-M05-Session2-0222	M05	dysarthric	/Users/animesh/Animesh/Project 2.0/echora/data/raw/torgo/M/M05/Session2/wav_headMic/0222.wav	3.165	0.420	0.1327	cake		[]		nvidia/parakeet-tdt-0.6b-v3	cpu
torgo-M03-Session2-0213	M03	dysarthric	/Users/animesh/Animesh/Project 2.0/echora/data/raw/torgo/M/M03/Session2/wav_headMic/0213.wav	3.170	0.247	0.0780	She is thinner than I am.	She is thinner than I am.	[]		nvidia/parakeet-tdt-0.6b-v3	cpu
torgo-M05-Session2-0005	M05	dysarthric	/Users/animesh/Animesh/Project 2.0/echora/data/raw/torgo/M/M05/Session2/wav_headMic/0005.wav	3.170	0.247	0.0780	explore	Экклоу.	[]		nvidia/parakeet-tdt-0.6b-v3	cpu
torgo-F04-Session2-0161	F04	dysarthric	/Users/animesh/Animesh/Project 2.0/echora/data/raw/torgo/F/F04/Session2/wav_headMic/0161.wav	3.175	0.247	0.0779	xxx	The mis the music ugh.	[]		nvidia/parakeet-tdt-0.6b-v3	cpu
torgo-F03-Session2-0143	F03	dysarthric	/Users/animesh/Animesh/Project 2.0/echora/data/raw/torgo/F/F03/Session2/wav_headMic/0143.wav	3.180	0.247	0.0777	The books are very expensive.	The books are very extra m expensive.	[]		nvidia/parakeet-tdt-0.6b-v3	cpu
torgo-M03-Session2-0125	M03	dysarthric	/Users/animesh/Animesh/Project 2.0/echora/data/raw/torgo/M/M03/Session2/wav_headMic/0125.wav	3.180	0.247	0.0777	steer	Steer.	[]		nvidia/parakeet-tdt-0.6b-v3	cpu
torgo-M03-Session2-0257	M03	dysarthric	/Users/animesh/Animesh/Project 2.0/echora/data/raw/torgo/M/M03/Session2/wav_headMic/0257.wav	3.180	0.247	0.0777	It was a good win for us.	It was a good win for us.	[]		nvidia/parakeet-tdt-0.6b-v3	cpu
torgo-F04-Session2-0107	F04	dysarthric	/Users/animesh/Animesh/Project 2.0/echora/data/raw/torgo/F/F04/Session2/wav_headMic/0107.wav	3.185	0.247	0.0776	sergeant	Sergeant.	[]		nvidia/parakeet-tdt-0.6b-v3	cpu
torgo-F04-Session2-0196	F04	dysarthric	/Users/animesh/Animesh/Project 2.0/echora/data/raw/torgo/F/F04/Session2/wav_headMic/0196.wav	3.185	0.247	0.0776	leak	Лик.	[]		nvidia/parakeet-tdt-0.6b-v3	cpu
torgo-F04-Session2-0180	F04	dysarthric	/Users/animesh/Animesh/Project 2.0/echora/data/raw/torgo/F/F04/Session2/wav_headMic/0180.wav	3.190	0.261	0.0818	kilo	Киро	[]		nvidia/parakeet-tdt-0.6b-v3	cpu
torgo-M01-Session1-0085	M01	dysarthric	/Users/animesh/Animesh/Project 2.0/echora/data/raw/torgo/M/M01/Session1/wav_headMic/0085.wav	3.190	0.261	0.0818	ship		[]		nvidia/parakeet-tdt-0.6b-v3	cpu
torgo-F04-Session2-0233	F04	dysarthric	/Users/animesh/Animesh/Project 2.0/echora/data/raw/torgo/F/F04/Session2/wav_headMic/0233.wav	3.195	0.261	0.0816	lock	Лак.	[]		nvidia/parakeet-tdt-0.6b-v3	cpu
torgo-F04-Session2-0246	F04	dysarthric	/Users/animesh/Animesh/Project 2.0/echora/data/raw/torgo/F/F04/Session2/wav_headMic/0246.wav	3.195	0.261	0.0816	sell	So	[]		nvidia/parakeet-tdt-0.6b-v3	cpu
torgo-M01-Session1-0099	M01	dysarthric	/Users/animesh/Animesh/Project 2.0/echora/data/raw/torgo/M/M01/Session1/wav_headMic/0099.wav	3.195	0.261	0.0816	up		[]		nvidia/parakeet-tdt-0.6b-v3	cpu
torgo-M04-Session2-0228	M04	dysarthric	/Users/animesh/Animesh/Project 2.0/echora/data/raw/torgo/M/M04/Session2/wav_headMic/0228.wav	3.195	0.261	0.0816	side		[]		nvidia/parakeet-tdt-0.6b-v3	cpu
torgo-M05-Session1-0107	M05	dysarthric	/Users/animesh/Animesh/Project 2.0/echora/data/raw/torgo/M/M05/Session1/wav_headMic/0107.wav	3.195	0.261	0.0816	trace		[]		nvidia/parakeet-tdt-0.6b-v3	cpu
torgo-M05-Session2-0044	M05	dysarthric	/Users/animesh/Animesh/Project 2.0/echora/data/raw/torgo/M/M05/Session2/wav_headMic/0044.wav	3.195	0.261	0.0816	four	Фу	[]		nvidia/parakeet-tdt-0.6b-v3	cpu
torgo-M05-Session2-0097	M05	dysarthric	/Users/animesh/Animesh/Project 2.0/echora/data/raw/torgo/M/M05/Session2/wav_headMic/0097.wav	3.195	0.264	0.0827	lip	Леп.	[]		nvidia/parakeet-tdt-0.6b-v3	cpu
torgo-M05-Session2-0263	M05	dysarthric	/Users/animesh/Animesh/Project 2.0/echora/data/raw/torgo/M/M05/Session2/wav_headMic/0263.wav	3.195	0.264	0.0827	take		[]		nvidia/parakeet-tdt-0.6b-v3	cpu
torgo-M02-Session2-0132	M02	dysarthric	/Users/animesh/Animesh/Project 2.0/echora/data/raw/torgo/M/M02/Session2/wav_headMic/0132.wav	3.200	0.264	0.0825	brawn		[]		nvidia/parakeet-tdt-0.6b-v3	cpu
torgo-M02-Session2-0181	M02	dysarthric	/Users/animesh/Animesh/Project 2.0/echora/data/raw/torgo/M/M02/Session2/wav_headMic/0181.wav	3.200	0.264	0.0825	park		[]		nvidia/parakeet-tdt-0.6b-v3	cpu
torgo-M04-Session2-0296	M04	dysarthric	/Users/animesh/Animesh/Project 2.0/echora/data/raw/torgo/M/M04/Session2/wav_headMic/0296.wav	3.200	0.264	0.0825	vat		[]		nvidia/parakeet-tdt-0.6b-v3	cpu
torgo-M05-Session2-0045	M05	dysarthric	/Users/animesh/Animesh/Project 2.0/echora/data/raw/torgo/M/M05/Session2/wav_headMic/0045.wav	3.205	0.264	0.0824	urgent	Urgent.	[]		nvidia/parakeet-tdt-0.6b-v3	cpu
torgo-M05-Session2-0205	M05	dysarthric	/Users/animesh/Animesh/Project 2.0/echora/data/raw/torgo/M/M05/Session2/wav_headMic/0205.wav	3.205	0.264	0.0824	spark	Паки	[]		nvidia/parakeet-tdt-0.6b-v3	cpu
torgo-M05-Session2-0235	M05	dysarthric	/Users/animesh/Animesh/Project 2.0/echora/data/raw/torgo/M/M05/Session2/wav_headMic/0235.wav	3.205	0.264	0.0824	quebec	Тубек.	[]		nvidia/parakeet-tdt-0.6b-v3	cpu
torgo-M05-Session2-0323	M05	dysarthric	/Users/animesh/Animesh/Project 2.0/echora/data/raw/torgo/M/M05/Session2/wav_headMic/0323.wav	3.205	0.274	0.0855	dress	Джесс.	[]		nvidia/parakeet-tdt-0.6b-v3	cpu
torgo-M05-Session2-0231	M05	dysarthric	/Users/animesh/Animesh/Project 2.0/echora/data/raw/torgo/M/M05/Session2/wav_headMic/0231.wav	3.210	0.274	0.0853	bloat	Белопт.	[]		nvidia/parakeet-tdt-0.6b-v3	cpu
torgo-M02-Session1-0022	M02	dysarthric	/Users/animesh/Animesh/Project 2.0/echora/data/raw/torgo/M/M02/Session1/wav_headMic/0022.wav	3.214	0.274	0.0852	bit		[]		nvidia/parakeet-tdt-0.6b-v3	cpu
torgo-F03-Session3-0032	F03	dysarthric	/Users/animesh/Animesh/Project 2.0/echora/data/raw/torgo/F/F03/Session3/wav_headMic/0032.wav	3.220	0.274	0.0851	The fish swam across the pond.	The fish swam across the pond.	[]		nvidia/parakeet-tdt-0.6b-v3	cpu
torgo-M01-Session1-0024	M01	dysarthric	/Users/animesh/Animesh/Project 2.0/echora/data/raw/torgo/M/M01/Session1/wav_headMic/0024.wav	3.220	0.274	0.0851	dagger	Dagg.	[]		nvidia/parakeet-tdt-0.6b-v3	cpu
torgo-M03-Session2-0195	M03	dysarthric	/Users/animesh/Animesh/Project 2.0/echora/data/raw/torgo/M/M03/Session2/wav_headMic/0195.wav	3.220	0.274	0.0851	lip	Lip	[]		nvidia/parakeet-tdt-0.6b-v3	cpu
torgo-M03-Session2-0367	M03	dysarthric	/Users/animesh/Animesh/Project 2.0/echora/data/raw/torgo/M/M03/Session2/wav_headMic/0367.wav	3.220	0.274	0.0851	papa	Papa.	[]		nvidia/parakeet-tdt-0.6b-v3	cpu
torgo-M04-Session2-0148	M04	dysarthric	/Users/animesh/Animesh/Project 2.0/echora/data/raw/torgo/M/M04/Session2/wav_headMic/0148.wav	3.220	0.274	0.0851	pile	Pai all	[]		nvidia/parakeet-tdt-0.6b-v3	cpu
torgo-M04-Session2-0232	M04	dysarthric	/Users/animesh/Animesh/Project 2.0/echora/data/raw/torgo/M/M04/Session2/wav_headMic/0232.wav	3.220	0.412	0.1280	suit		[]		nvidia/parakeet-tdt-0.6b-v3	cpu
torgo-M04-Session2-0097	M04	dysarthric	/Users/animesh/Animesh/Project 2.0/echora/data/raw/torgo/M/M04/Session2/wav_headMic/0097.wav	3.225	0.412	0.1278	air	Yeah, yeah.	[]		nvidia/parakeet-tdt-0.6b-v3	cpu
torgo-M05-Session2-0297	M05	dysarthric	/Users/animesh/Animesh/Project 2.0/echora/data/raw/torgo/M/M05/Session2/wav_headMic/0297.wav	3.225	0.412	0.1278	uniform	Uniform.	[]		nvidia/parakeet-tdt-0.6b-v3	cpu
torgo-M04-Session2-0078	M04	dysarthric	/Users/animesh/Animesh/Project 2.0/echora/data/raw/torgo/M/M04/Session2/wav_headMic/0078.wav	3.230	0.412	0.1276	store	Тор.	[]		nvidia/parakeet-tdt-0.6b-v3	cpu
torgo-M05-Session2-0224	M05	dysarthric	/Users/animesh/Animesh/Project 2.0/echora/data/raw/torgo/M/M05/Session2/wav_headMic/0224.wav	3.230	0.412	0.1276	chop		[]		nvidia/parakeet-tdt-0.6b-v3	cpu
torgo-F04-Session2-0100	F04	dysarthric	/Users/animesh/Animesh/Project 2.0/echora/data/raw/torgo/F/F04/Session2/wav_headMic/0100.wav	3.235	0.412	0.1274	six	Секс.	[]		nvidia/parakeet-tdt-0.6b-v3	cpu
torgo-F04-Session2-0208	F04	dysarthric	/Users/animesh/Animesh/Project 2.0/echora/data/raw/torgo/F/F04/Session2/wav_headMic/0208.wav	3.235	0.412	0.1274	A good attitude is unbeatable.	A good attitude is unbeatable.	[]		nvidia/parakeet-tdt-0.6b-v3	cpu
torgo-M05-Session1-0081	M05	dysarthric	/Users/animesh/Animesh/Project 2.0/echora/data/raw/torgo/M/M05/Session1/wav_headMic/0081.wav	3.240	0.412	0.1272	double	Да буд.	[]		nvidia/parakeet-tdt-0.6b-v3	cpu
torgo-M05-Session2-0245	M05	dysarthric	/Users/animesh/Animesh/Project 2.0/echora/data/raw/torgo/M/M05/Session2/wav_headMic/0245.wav	3.240	0.232	0.0715	zero		[]		nvidia/parakeet-tdt-0.6b-v3	cpu
torgo-M02-Session1-0061	M02	dysarthric	/Users/animesh/Animesh/Project 2.0/echora/data/raw/torgo/M/M02/Session1/wav_headMic/0061.wav	3.243	0.232	0.0714	beat		[]		nvidia/parakeet-tdt-0.6b-v3	cpu
torgo-M05-Session2-0092	M05	dysarthric	/Users/animesh/Animesh/Project 2.0/echora/data/raw/torgo/M/M05/Session2/wav_headMic/0092.wav	3.245	0.232	0.0714	menu	Menu	[]		nvidia/parakeet-tdt-0.6b-v3	cpu
torgo-M05-Session2-0220	M05	dysarthric	/Users/animesh/Animesh/Project 2.0/echora/data/raw/torgo/M/M05/Session2/wav_headMic/0220.wav	3.245	0.232	0.0714	papa		[]		nvidia/parakeet-tdt-0.6b-v3	cpu
torgo-M05-Session2-0267	M05	dysarthric	/Users/animesh/Animesh/Project 2.0/echora/data/raw/torgo/M/M05/Session2/wav_headMic/0267.wav	3.245	0.232	0.0714	sell	Cell	[]		nvidia/parakeet-tdt-0.6b-v3	cpu
torgo-F03-Session3-0162	F03	dysarthric	/Users/animesh/Animesh/Project 2.0/echora/data/raw/torgo/F/F03/Session3/wav_headMic/0162.wav	3.250	0.232	0.0713	Night after night, they received annoying phone calls.	Night after night they received annoying phone calls.	[]		nvidia/parakeet-tdt-0.6b-v3	cpu
torgo-M05-Session2-0160	M05	dysarthric	/Users/animesh/Animesh/Project 2.0/echora/data/raw/torgo/M/M05/Session2/wav_headMic/0160.wav	3.250	0.232	0.0713	darn	Дан.	[]		nvidia/parakeet-tdt-0.6b-v3	cpu
torgo-M02-Session1-0112	M02	dysarthric	/Users/animesh/Animesh/Project 2.0/echora/data/raw/torgo/M/M02/Session1/wav_headMic/0112.wav	3.255	0.232	0.0712	jagged		[]		nvidia/parakeet-tdt-0.6b-v3	cpu
torgo-F04-Session2-0182	F04	dysarthric	/Users/animesh/Animesh/Project 2.0/echora/data/raw/torgo/F/F04/Session2/wav_headMic/0182.wav	3.265	0.357	0.1093	foxtrot	Fox try	[]		nvidia/parakeet-tdt-0.6b-v3	cpu
torgo-M05-Session1-0041	M05	dysarthric	/Users/animesh/Animesh/Project 2.0/echora/data/raw/torgo/M/M05/Session1/wav_headMic/0041.wav	3.265	0.357	0.1093	one		[]		nvidia/parakeet-tdt-0.6b-v3	cpu
torgo-M05-Session1-0066	M05	dysarthric	/Users/animesh/Animesh/Project 2.0/echora/data/raw/torgo/M/M05/Session1/wav_headMic/0066.wav	3.265	0.357	0.1093	right		[]		nvidia/parakeet-tdt-0.6b-v3	cpu
torgo-M04-Session2-0101	M04	dysarthric	/Users/animesh/Animesh/Project 2.0/echora/data/raw/torgo/M/M04/Session2/wav_headMic/0101.wav	3.265	0.357	0.1093	horn		[]		nvidia/parakeet-tdt-0.6b-v3	cpu
torgo-M02-Session2-0177	M02	dysarthric	/Users/animesh/Animesh/Project 2.0/echora/data/raw/torgo/M/M02/Session2/wav_headMic/0177.wav	3.270	0.357	0.1091	hotel	Have care.	[]		nvidia/parakeet-tdt-0.6b-v3	cpu
torgo-M04-Session2-0169	M04	dysarthric	/Users/animesh/Animesh/Project 2.0/echora/data/raw/torgo/M/M04/Session2/wav_headMic/0169.wav	3.270	0.357	0.1091	area		[]		nvidia/parakeet-tdt-0.6b-v3	cpu
torgo-M05-Session1-0116	M05	dysarthric	/Users/animesh/Animesh/Project 2.0/echora/data/raw/torgo/M/M05/Session1/wav_headMic/0116.wav	3.270	0.357	0.1091	alpha	Alpha.	[]		nvidia/parakeet-tdt-0.6b-v3	cpu
torgo-M04-Session2-0006	M04	dysarthric	/Users/animesh/Animesh/Project 2.0/echora/data/raw/torgo/M/M04/Session2/wav_headMic/0006.wav	3.275	0.357	0.1090	jagged		[]		nvidia/parakeet-tdt-0.6b-v3	cpu
torgo-M05-Session2-0073	M05	dysarthric	/Users/animesh/Animesh/Project 2.0/echora/data/raw/torgo/M/M05/Session2/wav_headMic/0073.wav	3.275	0.231	0.0707	ate		[]		nvidia/parakeet-tdt-0.6b-v3	cpu
torgo-M05-Session2-0075	M05	dysarthric	/Users/animesh/Animesh/Project 2.0/echora/data/raw/torgo/M/M05/Session2/wav_headMic/0075.wav	3.275	0.231	0.0707	fruit		[]		nvidia/parakeet-tdt-0.6b-v3	cpu
torgo-M05-Session2-0289	M05	dysarthric	/Users/animesh/Animesh/Project 2.0/echora/data/raw/torgo/M/M05/Session2/wav_headMic/0289.wav	3.275	0.231	0.0707	right		[]		nvidia/parakeet-tdt-0.6b-v3	cpu
torgo-M05-Session2-0089	M05	dysarthric	/Users/animesh/Animesh/Project 2.0/echora/data/raw/torgo/M/M05/Session2/wav_headMic/0089.wav	3.280	0.231	0.0705	delta	Дальтах.	[]		nvidia/parakeet-tdt-0.6b-v3	cpu
torgo-F04-Session2-0008	F04	dysarthric	/Users/animesh/Animesh/Project 2.0/echora/data/raw/torgo/F/F04/Session2/wav_headMic/0008.wav	3.285	0.231	0.0704	briar	Briar, Briar.	[]		nvidia/parakeet-tdt-0.6b-v3	cpu
torgo-M01-Session1-0073	M01	dysarthric	/Users/animesh/Animesh/Project 2.0/echora/data/raw/torgo/M/M01/Session1/wav_headMic/0073.wav	3.285	0.231	0.0704	go		[]		nvidia/parakeet-tdt-0.6b-v3	cpu
torgo-M04-Session2-0159	M04	dysarthric	/Users/animesh/Animesh/Project 2.0/echora/data/raw/torgo/M/M04/Session2/wav_headMic/0159.wav	3.290	0.231	0.0703	pad		[]		nvidia/parakeet-tdt-0.6b-v3	cpu
torgo-M05-Session2-0298	M05	dysarthric	/Users/animesh/Animesh/Project 2.0/echora/data/raw/torgo/M/M05/Session2/wav_headMic/0298.wav	3.290	0.231	0.0703	sand	Send	[]		nvidia/parakeet-tdt-0.6b-v3	cpu
torgo-M05-Session2-0133	M05	dysarthric	/Users/animesh/Animesh/Project 2.0/echora/data/raw/torgo/M/M05/Session2/wav_headMic/0133.wav	3.295	0.240	0.0728	bear		[]		nvidia/parakeet-tdt-0.6b-v3	cpu
torgo-M05-Session2-0223	M05	dysarthric	/Users/animesh/Animesh/Project 2.0/echora/data/raw/torgo/M/M05/Session2/wav_headMic/0223.wav	3.295	0.240	0.0728	november	Но Бэмб	[]		nvidia/parakeet-tdt-0.6b-v3	cpu
torgo-M01-Session1-0036	M01	dysarthric	/Users/animesh/Animesh/Project 2.0/echora/data/raw/torgo/M/M01/Session1/wav_headMic/0036.wav	3.300	0.240	0.0727	alpha	Aumba.	[]		nvidia/parakeet-tdt-0.6b-v3	cpu
torgo-M01-Session1-0080	M01	dysarthric	/Users/animesh/Animesh/Project 2.0/echora/data/raw/torgo/M/M01/Session1/wav_headMic/0080.wav	3.300	0.240	0.0727	trace		[]		nvidia/parakeet-tdt-0.6b-v3	cpu
torgo-M05-Session2-0161	M05	dysarthric	/Users/animesh/Animesh/Project 2.0/echora/data/raw/torgo/M/M05/Session2/wav_headMic/0161.wav	3.300	0.240	0.0727	golf	Go.	[]		nvidia/parakeet-tdt-0.6b-v3	cpu
torgo-M05-Session1-0068	M05	dysarthric	/Users/animesh/Animesh/Project 2.0/echora/data/raw/torgo/M/M05/Session1/wav_headMic/0068.wav	3.305	0.240	0.0726	fee	Фи	[]		nvidia/parakeet-tdt-0.6b-v3	cpu
torgo-M05-Session1-0100	M05	dysarthric	/Users/animesh/Animesh/Project 2.0/echora/data/raw/torgo/M/M05/Session1/wav_headMic/0100.wav	3.305	0.240	0.0726	raid	Wait.	[]		nvidia/parakeet-tdt-0.6b-v3	cpu
torgo-M01-Session1-0091	M01	dysarthric	/Users/animesh/Animesh/Project 2.0/echora/data/raw/torgo/M/M01/Session1/wav_headMic/0091.wav	3.310	0.240	0.0725	jagged		[]		nvidia/parakeet-tdt-0.6b-v3	cpu
torgo-M01-Session1-0052	M01	dysarthric	/Users/animesh/Animesh/Project 2.0/echora/data/raw/torgo/M/M01/Session1/wav_headMic/0052.wav	3.310	0.247	0.0745	form	Four.	[]		nvidia/parakeet-tdt-0.6b-v3	cpu
torgo-M04-Session2-0134	M04	dysarthric	/Users/animesh/Animesh/Project 2.0/echora/data/raw/torgo/M/M04/Session2/wav_headMic/0134.wav	3.315	0.247	0.0744	sprinkle		[]		nvidia/parakeet-tdt-0.6b-v3	cpu
torgo-M02-Session1-0057	M02	dysarthric	/Users/animesh/Animesh/Project 2.0/echora/data/raw/torgo/M/M02/Session1/wav_headMic/0057.wav	3.320	0.247	0.0743	lead		[]		nvidia/parakeet-tdt-0.6b-v3	cpu
torgo-F04-Session2-0122	F04	dysarthric	/Users/animesh/Animesh/Project 2.0/echora/data/raw/torgo/F/F04/Session2/wav_headMic/0122.wav	3.320	0.247	0.0743	lair		[]		nvidia/parakeet-tdt-0.6b-v3	cpu
torgo-M02-Session2-0227	M02	dysarthric	/Users/animesh/Animesh/Project 2.0/echora/data/raw/torgo/M/M02/Session2/wav_headMic/0227.wav	3.320	0.247	0.0743	hitting		[]		nvidia/parakeet-tdt-0.6b-v3	cpu
torgo-M03-Session2-0209	M03	dysarthric	/Users/animesh/Animesh/Project 2.0/echora/data/raw/torgo/M/M03/Session2/wav_headMic/0209.wav	3.320	0.247	0.0743	Just one side got wet.	Just one side got wet.	[]		nvidia/parakeet-tdt-0.6b-v3	cpu
torgo-M03-Session2-0249	M03	dysarthric	/Users/animesh/Animesh/Project 2.0/echora/data/raw/torgo/M/M03/Session2/wav_headMic/0249.wav	3.320	0.247	0.0743	Their house is grey and white.	Their house is grey and white.	[]		nvidia/parakeet-tdt-0.6b-v3	cpu
torgo-M05-Session2-0258	M05	dysarthric	/Users/animesh/Animesh/Project 2.0/echora/data/raw/torgo/M/M05/Session2/wav_headMic/0258.wav	3.320	0.247	0.0743	spain	Спень.	[]		nvidia/parakeet-tdt-0.6b-v3	cpu
torgo-F04-Session2-0134	F04	dysarthric	/Users/animesh/Animesh/Project 2.0/echora/data/raw/torgo/F/F04/Session2/wav_headMic/0134.wav	3.325	0.400	0.1203	witty	Witchy.	[]		nvidia/parakeet-tdt-0.6b-v3	cpu
torgo-F03-Session2-0083	F03	dysarthric	/Users/animesh/Animesh/Project 2.0/echora/data/raw/torgo/F/F03/Session2/wav_headMic/0083.wav	3.330	0.400	0.1201	and	And	[]		nvidia/parakeet-tdt-0.6b-v3	cpu
torgo-M01-Session1-0069	M01	dysarthric	/Users/animesh/Animesh/Project 2.0/echora/data/raw/torgo/M/M01/Session1/wav_headMic/0069.wav	3.330	0.400	0.1201	know	No	[]		nvidia/parakeet-tdt-0.6b-v3	cpu
torgo-M05-Session2-0177	M05	dysarthric	/Users/animesh/Animesh/Project 2.0/echora/data/raw/torgo/M/M05/Session2/wav_headMic/0177.wav	3.330	0.400	0.1201	no	Ноу	[]		nvidia/parakeet-tdt-0.6b-v3	cpu
torgo-M03-Session2-0168	M03	dysarthric	/Users/animesh/Animesh/Project 2.0/echora/data/raw/torgo/M/M03/Session2/wav_headMic/0168.wav	3.330	0.400	0.1201	This was easy for us.	This was easy for us.	[]		nvidia/parakeet-tdt-0.6b-v3	cpu
torgo-M03-Session2-0315	M03	dysarthric	/Users/animesh/Animesh/Project 2.0/echora/data/raw/torgo/M/M03/Session2/wav_headMic/0315.wav	3.335	0.400	0.1199	spark	Spark.	[]		nvidia/parakeet-tdt-0.6b-v3	cpu
torgo-M05-Session1-0036	M05	dysarthric	/Users/animesh/Animesh/Project 2.0/echora/data/raw/torgo/M/M05/Session1/wav_headMic/0036.wav	3.340	0.400	0.1197	feed		[]		nvidia/parakeet-tdt-0.6b-v3	cpu
torgo-M05-Session2-0264	M05	dysarthric	/Users/animesh/Animesh/Project 2.0/echora/data/raw/torgo/M/M05/Session2/wav_headMic/0264.wav	3.340	0.400	0.1197	loyal		[]		nvidia/parakeet-tdt-0.6b-v3	cpu
torgo-F03-Session3-0037	F03	dysarthric	/Users/animesh/Animesh/Project 2.0/echora/data/raw/torgo/F/F03/Session3/wav_headMic/0037.wav	3.350	0.289	0.0863	bird	Bird.	[]		nvidia/parakeet-tdt-0.6b-v3	cpu
torgo-M04-Session2-0270	M04	dysarthric	/Users/animesh/Animesh/Project 2.0/echora/data/raw/torgo/M/M04/Session2/wav_headMic/0270.wav	3.350	0.289	0.0863	tile		[]		nvidia/parakeet-tdt-0.6b-v3	cpu
torgo-M05-Session2-0112	M05	dysarthric	/Users/animesh/Animesh/Project 2.0/echora/data/raw/torgo/M/M05/Session2/wav_headMic/0112.wav	3.350	0.289	0.0863	jungle	Дженго.	[]		nvidia/parakeet-tdt-0.6b-v3	cpu
torgo-M01-Session2_3-0105	M01	dysarthric	/Users/animesh/Animesh/Project 2.0/echora/data/raw/torgo/M/M01/Session2_3/wav_headMic/0105.wav	3.352	0.289	0.0862	This was easy for us.	Did went easy for us.	[]		nvidia/parakeet-tdt-0.6b-v3	cpu
torgo-M02-Session2-0171	M02	dysarthric	/Users/animesh/Animesh/Project 2.0/echora/data/raw/torgo/M/M02/Session2/wav_headMic/0171.wav	3.355	0.289	0.0862	chop		[]		nvidia/parakeet-tdt-0.6b-v3	cpu
torgo-M02-Session2-0215	M02	dysarthric	/Users/animesh/Animesh/Project 2.0/echora/data/raw/torgo/M/M02/Session2/wav_headMic/0215.wav	3.355	0.289	0.0862	witch		[]		nvidia/parakeet-tdt-0.6b-v3	cpu
torgo-M05-Session1-0108	M05	dysarthric	/Users/animesh/Animesh/Project 2.0/echora/data/raw/torgo/M/M05/Session1/wav_headMic/0108.wav	3.360	0.289	0.0860	sticks		[]		nvidia/parakeet-tdt-0.6b-v3	cpu
torgo-M05-Session2-0086	M05	dysarthric	/Users/animesh/Animesh/Project 2.0/echora/data/raw/torgo/M/M05/Session2/wav_headMic/0086.wav	3.360	0.289	0.0860	ate		[]		nvidia/parakeet-tdt-0.6b-v3	cpu
torgo-F04-Session2-0090	F04	dysarthric	/Users/animesh/Animesh/Project 2.0/echora/data/raw/torgo/F/F04/Session2/wav_headMic/0090.wav	3.365	0.240	0.0714	zero	Zero	[]		nvidia/parakeet-tdt-0.6b-v3	cpu
torgo-F04-Session2-0105	F04	dysarthric	/Users/animesh/Animesh/Project 2.0/echora/data/raw/torgo/F/F04/Session2/wav_headMic/0105.wav	3.370	0.240	0.0713	hat		[]		nvidia/parakeet-tdt-0.6b-v3	cpu
torgo-M03-Session2-0400	M03	dysarthric	/Users/animesh/Animesh/Project 2.0/echora/data/raw/torgo/M/M03/Session2/wav_headMic/0400.wav	3.370	0.240	0.0713	We bought a brown chair.	We bought a brown chair.	[]		nvidia/parakeet-tdt-0.6b-v3	cpu
torgo-M03-Session2-0129	M03	dysarthric	/Users/animesh/Animesh/Project 2.0/echora/data/raw/torgo/M/M03/Session2/wav_headMic/0129.wav	3.375	0.240	0.0712	know	No	[]		nvidia/parakeet-tdt-0.6b-v3	cpu
torgo-M04-Session2-0092	M04	dysarthric	/Users/animesh/Animesh/Project 2.0/echora/data/raw/torgo/M/M04/Session2/wav_headMic/0092.wav	3.375	0.240	0.0712	gadget	Got it.	[]		nvidia/parakeet-tdt-0.6b-v3	cpu
torgo-M05-Session2-0053	M05	dysarthric	/Users/animesh/Animesh/Project 2.0/echora/data/raw/torgo/M/M05/Session2/wav_headMic/0053.wav	3.375	0.240	0.0712	area		[]		nvidia/parakeet-tdt-0.6b-v3	cpu
torgo-M05-Session2-0105	M05	dysarthric	/Users/animesh/Animesh/Project 2.0/echora/data/raw/torgo/M/M05/Session2/wav_headMic/0105.wav	3.375	0.240	0.0712	write		[]		nvidia/parakeet-tdt-0.6b-v3	cpu
torgo-M05-Session2-0116	M05	dysarthric	/Users/animesh/Animesh/Project 2.0/echora/data/raw/torgo/M/M05/Session2/wav_headMic/0116.wav	3.375	0.240	0.0712	side	Шлайд.	[]		nvidia/parakeet-tdt-0.6b-v3	cpu
torgo-F04-Session2-0187	F04	dysarthric	/Users/animesh/Animesh/Project 2.0/echora/data/raw/torgo/F/F04/Session2/wav_headMic/0187.wav	3.380	0.249	0.0738	fat		[]		nvidia/parakeet-tdt-0.6b-v3	cpu
torgo-F04-Session2-0224	F04	dysarthric	/Users/animesh/Animesh/Project 2.0/echora/data/raw/torgo/F/F04/Session2/wav_headMic/0224.wav	3.380	0.249	0.0738	sheet	Шит.	[]		nvidia/parakeet-tdt-0.6b-v3	cpu
torgo-M04-Session2-0079	M04	dysarthric	/Users/animesh/Animesh/Project 2.0/echora/data/raw/torgo/M/M04/Session2/wav_headMic/0079.wav	3.380	0.249	0.0738	feed	She feed.	[]		nvidia/parakeet-tdt-0.6b-v3	cpu
torgo-M03-Session2-0165	M03	dysarthric	/Users/animesh/Animesh/Project 2.0/echora/data/raw/torgo/M/M03/Session2/wav_headMic/0165.wav	3.385	0.249	0.0737	He will allow a rare lie.	He will allow a rare lie.	[]		nvidia/parakeet-tdt-0.6b-v3	cpu
torgo-M04-Session2-0114	M04	dysarthric	/Users/animesh/Animesh/Project 2.0/echora/data/raw/torgo/M/M04/Session2/wav_headMic/0114.wav	3.385	0.249	0.0737	trait		[]		nvidia/parakeet-tdt-0.6b-v3	cpu
torgo-F04-Session2-0132	F04	dysarthric	/Users/animesh/Animesh/Project 2.0/echora/data/raw/torgo/F/F04/Session2/wav_headMic/0132.wav	3.385	0.249	0.0737	brawn	Пран	[]		nvidia/parakeet-tdt-0.6b-v3	cpu
torgo-M02-Session2-0089	M02	dysarthric	/Users/animesh/Animesh/Project 2.0/echora/data/raw/torgo/M/M02/Session2/wav_headMic/0089.wav	3.390	0.249	0.0736	briar		[]		nvidia/parakeet-tdt-0.6b-v3	cpu
torgo-M02-Session2-0158	M02	dysarthric	/Users/animesh/Animesh/Project 2.0/echora/data/raw/torgo/M/M02/Session2/wav_headMic/0158.wav	3.390	0.249	0.0736	mitten		[]		nvidia/parakeet-tdt-0.6b-v3	cpu
torgo-M05-Session1-0124	M05	dysarthric	/Users/animesh/Animesh/Project 2.0/echora/data/raw/torgo/M/M05/Session1/wav_headMic/0124.wav	3.390	0.249	0.0734	stick	Стык.	[]		nvidia/parakeet-tdt-0.6b-v3	cpu
torgo-M05-Session2-0039	M05	dysarthric	/Users/animesh/Animesh/Project 2.0/echora/data/raw/torgo/M/M05/Session2/wav_headMic/0039.wav	3.390	0.249	0.0734	fate	Фейк.	[]		nvidia/parakeet-tdt-0.6b-v3	cpu
torgo-M05-Session2-0041	M05	dysarthric	/Users/animesh/Animesh/Project 2.0/echora/data/raw/torgo/M/M05/Session2/wav_headMic/0041.wav	3.390	0.249	0.0734	pile		[]		nvidia/parakeet-tdt-0.6b-v3	cpu
torgo-M01-Session1-0022	M01	dysarthric	/Users/animesh/Animesh/Project 2.0/echora/data/raw/torgo/M/M01/Session1/wav_headMic/0022.wav	3.395	0.249	0.0733	beat	Брит.	[]		nvidia/parakeet-tdt-0.6b-v3	cpu
torgo-M04-Session2-0076	M04	dysarthric	/Users/animesh/Animesh/Project 2.0/echora/data/raw/torgo/M/M04/Session2/wav_headMic/0076.wav	3.395	0.249	0.0733	air		[]		nvidia/parakeet-tdt-0.6b-v3	cpu
torgo-F03-Session2-0097	F03	dysarthric	/Users/animesh/Animesh/Project 2.0/echora/data/raw/torgo/F/F03/Session2/wav_headMic/0097.wav	3.405	0.249	0.0731	xxx	You do this one.	[]		nvidia/parakeet-tdt-0.6b-v3	cpu
torgo-F04-Session2-0178	F04	dysarthric	/Users/animesh/Animesh/Project 2.0/echora/data/raw/torgo/F/F04/Session2/wav_headMic/0178.wav	3.405	0.249	0.0731	heart		[]		nvidia/parakeet-tdt-0.6b-v3	cpu
torgo-M05-Session2-0067	M05	dysarthric	/Users/animesh/Animesh/Project 2.0/echora/data/raw/torgo/M/M05/Session2/wav_headMic/0067.wav	3.405	0.249	0.0731	steer		[]		nvidia/parakeet-tdt-0.6b-v3	cpu
torgo-M05-Session2-0270	M05	dysarthric	/Users/animesh/Animesh/Project 2.0/echora/data/raw/torgo/M/M05/Session2/wav_headMic/0270.wav	3.405	0.262	0.0768	fitting	Фэттинь.	[]		nvidia/parakeet-tdt-0.6b-v3	cpu
torgo-M01-Session1-0035	M01	dysarthric	/Users/animesh/Animesh/Project 2.0/echora/data/raw/torgo/M/M01/Session1/wav_headMic/0035.wav	3.405	0.262	0.0768	sticks		[]		nvidia/parakeet-tdt-0.6b-v3	cpu
torgo-M01-Session1-0055	M01	dysarthric	/Users/animesh/Animesh/Project 2.0/echora/data/raw/torgo/M/M01/Session1/wav_headMic/0055.wav	3.410	0.262	0.0767	feed	Feed	[]		nvidia/parakeet-tdt-0.6b-v3	cpu
torgo-M01-Session1-0082	M01	dysarthric	/Users/animesh/Animesh/Project 2.0/echora/data/raw/torgo/M/M01/Session1/wav_headMic/0082.wav	3.410	0.262	0.0767	storm		[]		nvidia/parakeet-tdt-0.6b-v3	cpu
torgo-M03-Session2-0381	M03	dysarthric	/Users/animesh/Animesh/Project 2.0/echora/data/raw/torgo/M/M03/Session2/wav_headMic/0381.wav	3.410	0.262	0.0767	We rode horseback to the farm.	We rode horseback to the farm.	[]		nvidia/parakeet-tdt-0.6b-v3	cpu
torgo-M05-Session2-0134	M05	dysarthric	/Users/animesh/Animesh/Project 2.0/echora/data/raw/torgo/M/M05/Session2/wav_headMic/0134.wav	3.420	0.262	0.0765	snoop	It's a nuke.	[]		nvidia/parakeet-tdt-0.6b-v3	cpu
torgo-M05-Session2-0326	M05	dysarthric	/Users/animesh/Animesh/Project 2.0/echora/data/raw/torgo/M/M05/Session2/wav_headMic/0326.wav	3.420	0.262	0.0765	chip	Shit.	[]		nvidia/parakeet-tdt-0.6b-v3	cpu
torgo-M01-Session1-0034	M01	dysarthric	/Users/animesh/Animesh/Project 2.0/echora/data/raw/torgo/M/M01/Session1/wav_headMic/0034.wav	3.425	0.262	0.0764	chair		[]		nvidia/parakeet-tdt-0.6b-v3	cpu
torgo-M03-Session2-0179	M03	dysarthric	/Users/animesh/Animesh/Project 2.0/echora/data/raw/torgo/M/M03/Session2/wav_headMic/0179.wav	3.425	0.223	0.0651	I was conscious all the time.	I was conscious all the time.	[]		nvidia/parakeet-tdt-0.6b-v3	cpu
torgo-M05-Session2-0081	M05	dysarthric	/Users/animesh/Animesh/Project 2.0/echora/data/raw/torgo/M/M05/Session2/wav_headMic/0081.wav	3.425	0.223	0.0651	briar	Брай.	[]		nvidia/parakeet-tdt-0.6b-v3	cpu
torgo-M05-Session2-0104	M05	dysarthric	/Users/animesh/Animesh/Project 2.0/echora/data/raw/torgo/M/M05/Session2/wav_headMic/0104.wav	3.425	0.223	0.0651	near		[]		nvidia/parakeet-tdt-0.6b-v3	cpu
torgo-F04-Session2-0217	F04	dysarthric	/Users/animesh/Animesh/Project 2.0/echora/data/raw/torgo/F/F04/Session2/wav_headMic/0217.wav	3.430	0.223	0.0650	The hotel owner shrugged.	The ho the hotel owner shrugged.	[]		nvidia/parakeet-tdt-0.6b-v3	cpu
torgo-M05-Session2-0110	M05	dysarthric	/Users/animesh/Animesh/Project 2.0/echora/data/raw/torgo/M/M05/Session2/wav_headMic/0110.wav	3.435	0.223	0.0649	tile		[]		nvidia/parakeet-tdt-0.6b-v3	cpu
torgo-M02-Session1-0056	M02	dysarthric	/Users/animesh/Animesh/Project 2.0/echora/data/raw/torgo/M/M02/Session1/wav_headMic/0056.wav	3.436	0.223	0.0649	horn		[]		nvidia/parakeet-tdt-0.6b-v3	cpu
torgo-M02-Session2-0091	M02	dysarthric	/Users/animesh/Animesh/Project 2.0/echora/data/raw/torgo/M/M02/Session2/wav_headMic/0091.wav	3.440	0.223	0.0648	sleep	Sleep.	[]		nvidia/parakeet-tdt-0.6b-v3	cpu
torgo-M04-Session2-0277	M04	dysarthric	/Users/animesh/Animesh/Project 2.0/echora/data/raw/torgo/M/M04/Session2/wav_headMic/0277.wav	3.440	0.223	0.0648	brawn		[]		nvidia/parakeet-tdt-0.6b-v3	cpu
torgo-F03-Session3-0137	F03	dysarthric	/Users/animesh/Animesh/Project 2.0/echora/data/raw/torgo/F/F03/Session3/wav_headMic/0137.wav	3.445	0.229	0.0665	Critical equipment needs proper maintenance.	Critical equipment need proper maintenance	[]		nvidia/parakeet-tdt-0.6b-v3	cpu
torgo-M04-Session2-0121	M04	dysarthric	/Users/animesh/Animesh/Project 2.0/echora/data/raw/torgo/M/M04/Session2/wav_headMic/0121.wav	3.445	0.229	0.0665	warm	Warm.	[]		nvidia/parakeet-tdt-0.6b-v3	cpu
torgo-M05-Session2-0191	M05	dysarthric	/Users/animesh/Animesh/Project 2.0/echora/data/raw/torgo/M/M05/Session2/wav_headMic/0191.wav	3.445	0.229	0.0665	cart		[]		nvidia/parakeet-tdt-0.6b-v3	cpu
torgo-M02-Session2-0179	M02	dysarthric	/Users/animesh/Animesh/Project 2.0/echora/data/raw/torgo/M/M02/Session2/wav_headMic/0179.wav	3.445	0.229	0.0665	harp		[]		nvidia/parakeet-tdt-0.6b-v3	cpu
torgo-M01-Session1-0062	M01	dysarthric	/Users/animesh/Animesh/Project 2.0/echora/data/raw/torgo/M/M01/Session1/wav_headMic/0062.wav	3.450	0.229	0.0664	slip		[]		nvidia/parakeet-tdt-0.6b-v3	cpu
torgo-M03-Session2-0388	M03	dysarthric	/Users/animesh/Animesh/Project 2.0/echora/data/raw/torgo/M/M03/Session2/wav_headMic/0388.wav	3.450	0.229	0.0664	Only lawyers love millionaires.	Only lawyers love millionaires.	[]		nvidia/parakeet-tdt-0.6b-v3	cpu
torgo-M05-Session1-0075	M05	dysarthric	/Users/animesh/Animesh/Project 2.0/echora/data/raw/torgo/M/M05/Session1/wav_headMic/0075.wav	3.455	0.229	0.0663	trouble	Ты обмана.	[]		nvidia/parakeet-tdt-0.6b-v3	cpu
torgo-F03-Session3-0122	F03	dysarthric	/Users/animesh/Animesh/Project 2.0/echora/data/raw/torgo/F/F03/Session3/wav_headMic/0122.wav	3.460	0.229	0.0662	Nobody really expects to evacuate.	Nobody really expects to evacuate.	[]		nvidia/parakeet-tdt-0.6b-v3	cpu
torgo-F04-Session2-0025	F04	dysarthric	/Users/animesh/Animesh/Project 2.0/echora/data/raw/torgo/F/F04/Session2/wav_headMic/0025.wav	3.460	0.224	0.0647	xxx		[]		nvidia/parakeet-tdt-0.6b-v3	cpu
torgo-F03-Session3-0021	F03	dysarthric	/Users/animesh/Animesh/Project 2.0/echora/data/raw/torgo/F/F03/Session3/wav_headMic/0021.wav	3.460	0.224	0.0647	sight	Site. Site.	[]		nvidia/parakeet-tdt-0.6b-v3	cpu
torgo-M01-Session1-0088	M01	dysarthric	/Users/animesh/Animesh/Project 2.0/echora/data/raw/torgo/M/M01/Session1/wav_headMic/0088.wav	3.460	0.224	0.0647	spark	Park.	[]		nvidia/parakeet-tdt-0.6b-v3	cpu
torgo-F04-Session2-0135	F04	dysarthric	/Users/animesh/Animesh/Project 2.0/echora/data/raw/torgo/F/F04/Session2/wav_headMic/0135.wav	3.465	0.224	0.0646	tell	Ка	[]		nvidia/parakeet-tdt-0.6b-v3	cpu
torgo-M03-Session2-0377	M03	dysarthric	/Users/animesh/Animesh/Project 2.0/echora/data/raw/torgo/M/M03/Session2/wav_headMic/0377.wav	3.465	0.224	0.0646	There is a treehouse up above.	There is a tree house up above.	[]		nvidia/parakeet-tdt-0.6b-v3	cpu
torgo-F03-Session2-0149	F03	dysarthric	/Users/animesh/Animesh/Project 2.0/echora/data/raw/torgo/F/F03/Session2/wav_headMic/0149.wav	3.470	0.224	0.0645	Carl lives in a lively home.	Carl lives in a lively home.	[]		nvidia/parakeet-tdt-0.6b-v3	cpu
torgo-M02-Session2-0101	M02	dysarthric	/Users/animesh/Animesh/Project 2.0/echora/data/raw/torgo/M/M02/Session2/wav_headMic/0101.wav	3.470	0.224	0.0645	seeds		[]		nvidia/parakeet-tdt-0.6b-v3	cpu
torgo-M04-Session2-0278	M04	dysarthric	/Users/animesh/Animesh/Project 2.0/echora/data/raw/torgo/M/M04/Session2/wav_headMic/0278.wav	3.475	0.224	0.0644	brawn	Barn	[]		nvidia/parakeet-tdt-0.6b-v3	cpu
torgo-M05-Session2-0299	M05	dysarthric	/Users/animesh/Animesh/Project 2.0/echora/data/raw/torgo/M/M05/Session2/wav_headMic/0299.wav	3.475	0.221	0.0637	sin	Син.	[]		nvidia/parakeet-tdt-0.6b-v3	cpu
torgo-F04-Session2-0141	F04	dysarthric	/Users/animesh/Animesh/Project 2.0/echora/data/raw/torgo/F/F04/Session2/wav_headMic/0141.wav	3.480	0.221	0.0636	bitten	Bitten.	[]		nvidia/parakeet-tdt-0.6b-v3	cpu
torgo-M03-Session2-0332	M03	dysarthric	/Users/animesh/Animesh/Project 2.0/echora/data/raw/torgo/M/M03/Session2/wav_headMic/0332.wav	3.480	0.221	0.0636	dark	Dark.	[]		nvidia/parakeet-tdt-0.6b-v3	cpu
torgo-M05-Session1-0022	M05	dysarthric	/Users/animesh/Animesh/Project 2.0/echora/data/raw/torgo/M/M05/Session1/wav_headMic/0022.wav	3.480	0.221	0.0636	storm		[]		nvidia/parakeet-tdt-0.6b-v3	cpu
torgo-M01-Session2_3-0078	M01	dysarthric	/Users/animesh/Animesh/Project 2.0/echora/data/raw/torgo/M/M01/Session2_3/wav_headMic/0078.wav	3.481	0.221	0.0636	She is thinner than I am.	И из Дин.	[]		nvidia/parakeet-tdt-0.6b-v3	cpu
torgo-F04-Session2-0151	F04	dysarthric	/Users/animesh/Animesh/Project 2.0/echora/data/raw/torgo/F/F04/Session2/wav_headMic/0151.wav	3.485	0.221	0.0635	kitten	Киттин.	[]		nvidia/parakeet-tdt-0.6b-v3	cpu
torgo-M04-Session2-0132	M04	dysarthric	/Users/animesh/Animesh/Project 2.0/echora/data/raw/torgo/M/M04/Session2/wav_headMic/0132.wav	3.485	0.221	0.0635	boot		[]		nvidia/parakeet-tdt-0.6b-v3	cpu
torgo-M05-Session2-0079	M05	dysarthric	/Users/animesh/Animesh/Project 2.0/echora/data/raw/torgo/M/M05/Session2/wav_headMic/0079.wav	3.485	0.221	0.0635	slay		[]		nvidia/parakeet-tdt-0.6b-v3	cpu
torgo-M05-Session2-0140	M05	dysarthric	/Users/animesh/Animesh/Project 2.0/echora/data/raw/torgo/M/M05/Session2/wav_headMic/0140.wav	3.485	0.229	0.0656	pretty	Пэти.	[]		nvidia/parakeet-tdt-0.6b-v3	cpu
torgo-M05-Session1-0103	M05	dysarthric	/Users/animesh/Animesh/Project 2.0/echora/data/raw/torgo/M/M05/Session1/wav_headMic/0103.wav	3.485	0.229	0.0656	swarm	She warm.	[]		nvidia/parakeet-tdt-0.6b-v3	cpu
torgo-F04-Session2-0152	F04	dysarthric	/Users/animesh/Animesh/Project 2.0/echora/data/raw/torgo/F/F04/Session2/wav_headMic/0152.wav	3.490	0.229	0.0655	sitting	Ситинь.	[]		nvidia/parakeet-tdt-0.6b-v3	cpu
torgo-M05-Session1-0090	M05	dysarthric	/Users/animesh/Animesh/Project 2.0/echora/data/raw/torgo/M/M05/Session1/wav_headMic/0090.wav	3.490	0.229	0.0655	trait	Крей	[]		nvidia/parakeet-tdt-0.6b-v3	cpu
torgo-M05-Session2-0217	M05	dysarthric	/Users/animesh/Animesh/Project 2.0/echora/data/raw/torgo/M/M05/Session2/wav_headMic/0217.wav	3.490	0.229	0.0655	thorn	Шауэн.	[]		nvidia/parakeet-tdt-0.6b-v3	cpu
torgo-M03-Session2-0338	M03	dysarthric	/Users/animesh/Animesh/Project 2.0/echora/data/raw/torgo/M/M03/Session2/wav_headMic/0338.wav	3.495	0.229	0.0654	Alfalfa is healthy for you.	Alfalfa is healthy for you.	[]		nvidia/parakeet-tdt-0.6b-v3	cpu
torgo-F03-Session2-0142	F03	dysarthric	/Users/animesh/Animesh/Project 2.0/echora/data/raw/torgo/F/F03/Session2/wav_headMic/0142.wav	3.495	0.229	0.0654	Students watched as he got out.	Students watched as he gallight.	[]		nvidia/parakeet-tdt-0.6b-v3	cpu
torgo-M05-Session2-0125	M05	dysarthric	/Users/animesh/Animesh/Project 2.0/echora/data/raw/torgo/M/M05/Session2/wav_headMic/0125.wav	3.500	0.229	0.0653	knew		[]		nvidia/parakeet-tdt-0.6b-v3	cpu
torgo-M01-Session1-0020	M01	dysarthric	/Users/animesh/Animesh/Project 2.0/echora/data/raw/torgo/M/M01/Session1/wav_headMic/0020.wav	3.510	0.229	0.0651	horn	Ой.	[]		nvidia/parakeet-tdt-0.6b-v3	cpu
torgo-M03-Session2-0169	M03	dysarthric	/Users/animesh/Animesh/Project 2.0/echora/data/raw/torgo/M/M03/Session2/wav_headMic/0169.wav	3.510	0.229	0.0651	were		[]		nvidia/parakeet-tdt-0.6b-v3	cpu
torgo-M04-Session2-0213	M04	dysarthric	/Users/animesh/Animesh/Project 2.0/echora/data/raw/torgo/M/M04/Session2/wav_headMic/0213.wav	3.510	0.229	0.0651	urgent		[]		nvidia/parakeet-tdt-0.6b-v3	cpu
torgo-M05-Session2-0168	M05	dysarthric	/Users/animesh/Animesh/Project 2.0/echora/data/raw/torgo/M/M05/Session2/wav_headMic/0168.wav	3.510	0.229	0.0651	mush		[]		nvidia/parakeet-tdt-0.6b-v3	cpu
torgo-F04-Session2-0133	F04	dysarthric	/Users/animesh/Animesh/Project 2.0/echora/data/raw/torgo/F/F04/Session2/wav_headMic/0133.wav	3.515	0.229	0.0650	pretty	Pretty.	[]		nvidia/parakeet-tdt-0.6b-v3	cpu
torgo-F04-Session2-0136	F04	dysarthric	/Users/animesh/Animesh/Project 2.0/echora/data/raw/torgo/F/F04/Session2/wav_headMic/0136.wav	3.515	0.229	0.0650	nine	Найн.	[]		nvidia/parakeet-tdt-0.6b-v3	cpu
torgo-M03-Session2-0320	M03	dysarthric	/Users/animesh/Animesh/Project 2.0/echora/data/raw/torgo/M/M03/Session2/wav_headMic/0320.wav	3.515	0.229	0.0650	Students watched as he got out.	Students watched as he got out.	[]		nvidia/parakeet-tdt-0.6b-v3	cpu
torgo-M02-Session2-0081	M02	dysarthric	/Users/animesh/Animesh/Project 2.0/echora/data/raw/torgo/M/M02/Session2/wav_headMic/0081.wav	3.525	0.229	0.0648	select	Killa. Oh, cella.	[]		nvidia/parakeet-tdt-0.6b-v3	cpu
torgo-F04-Session2-0024	F04	dysarthric	/Users/animesh/Animesh/Project 2.0/echora/data/raw/torgo/F/F04/Session2/wav_headMic/0024.wav	3.530	0.229	0.0648	though		[]		nvidia/parakeet-tdt-0.6b-v3	cpu
torgo-F04-Session2-0153	F04	dysarthric	/Users/animesh/Animesh/Project 2.0/echora/data/raw/torgo/F/F04/Session2/wav_headMic/0153.wav	3.530	0.229	0.0648	no	No.	[]		nvidia/parakeet-tdt-0.6b-v3	cpu
torgo-M01-Session1-0033	M01	dysarthric	/Users/animesh/Animesh/Project 2.0/echora/data/raw/torgo/M/M01/Session1/wav_headMic/0033.wav	3.530	0.229	0.0648	warm	One	[]		nvidia/parakeet-tdt-0.6b-v3	cpu
torgo-M02-Session2-0182	M02	dysarthric	/Users/animesh/Animesh/Project 2.0/echora/data/raw/torgo/M/M02/Session2/wav_headMic/0182.wav	3.530	0.229	0.0648	dart	Dark	[]		nvidia/parakeet-tdt-0.6b-v3	cpu
torgo-M02-Session2-0233	M02	dysarthric	/Users/animesh/Animesh/Project 2.0/echora/data/raw/torgo/M/M02/Session2/wav_headMic/0233.wav	3.530	0.229	0.0648	wicked	Вэкаль.	[]		nvidia/parakeet-tdt-0.6b-v3	cpu
torgo-M05-Session1-0042	M05	dysarthric	/Users/animesh/Animesh/Project 2.0/echora/data/raw/torgo/M/M05/Session1/wav_headMic/0042.wav	3.530	0.229	0.0648	stubble	Tem um	[]		nvidia/parakeet-tdt-0.6b-v3	cpu
torgo-M05-Session2-0277	M05	dysarthric	/Users/animesh/Animesh/Project 2.0/echora/data/raw/torgo/M/M05/Session2/wav_headMic/0277.wav	3.530	0.229	0.0648	spit		[]		nvidia/parakeet-tdt-0.6b-v3	cpu
torgo-F04-Session2-0039	F04	dysarthric	/Users/animesh/Animesh/Project 2.0/echora/data/raw/torgo/F/F04/Session2/wav_headMic/0039.wav	3.535	0.229	0.0647	lip	Лип.	[]		nvidia/parakeet-tdt-0.6b-v3	cpu
torgo-M01-Session1-0016	M01	dysarthric	/Users/animesh/Animesh/Project 2.0/echora/data/raw/torgo/M/M01/Session1/wav_headMic/0016.wav	3.535	0.271	0.0765	bit	Бид.	[]		nvidia/parakeet-tdt-0.6b-v3	cpu
torgo-M05-Session1-0044	M05	dysarthric	/Users/animesh/Animesh/Project 2.0/echora/data/raw/torgo/M/M05/Session1/wav_headMic/0044.wav	3.535	0.271	0.0765	store		[]		nvidia/parakeet-tdt-0.6b-v3	cpu
torgo-F03-Session3-0136	F03	dysarthric	/Users/animesh/Animesh/Project 2.0/echora/data/raw/torgo/F/F03/Session3/wav_headMic/0136.wav	3.540	0.271	0.0764	Young people participate in athletic activities.	Young people participate in athletic activities.	[]		nvidia/parakeet-tdt-0.6b-v3	cpu
torgo-M01-Session1-0074	M01	dysarthric	/Users/animesh/Animesh/Project 2.0/echora/data/raw/torgo/M/M01/Session1/wav_headMic/0074.wav	3.540	0.271	0.0764	car		[]		nvidia/parakeet-tdt-0.6b-v3	cpu
torgo-M01-Session1-0097	M01	dysarthric	/Users/animesh/Animesh/Project 2.0/echora/data/raw/torgo/M/M01/Session1/wav_headMic/0097.wav	3.540	0.271	0.0764	weed	Уиль.	[]		nvidia/parakeet-tdt-0.6b-v3	cpu
torgo-M03-Session2-0329	M03	dysarthric	/Users/animesh/Animesh/Project 2.0/echora/data/raw/torgo/M/M03/Session2/wav_headMic/0329.wav	3.540	0.271	0.0764	He wrapped the package hastily.	He wrapped the package hastily.	[]		nvidia/parakeet-tdt-0.6b-v3	cpu
torgo-M05-Session2-0099	M05	dysarthric	/Users/animesh/Animesh/Project 2.0/echora/data/raw/torgo/M/M05/Session2/wav_headMic/0099.wav	3.540	0.271	0.0764	select		[]		nvidia/parakeet-tdt-0.6b-v3	cpu
torgo-F04-Session2-0073	F04	dysarthric	/Users/animesh/Animesh/Project 2.0/echora/data/raw/torgo/F/F04/Session2/wav_headMic/0073.wav	3.545	0.271	0.0763	and	And	[]		nvidia/parakeet-tdt-0.6b-v3	cpu
torgo-M04-Session2-0276	M04	dysarthric	/Users/animesh/Animesh/Project 2.0/echora/data/raw/torgo/M/M04/Session2/wav_headMic/0276.wav	3.550	0.271	0.0764	papa		[]		nvidia/parakeet-tdt-0.6b-v3	cpu
torgo-M05-Session1-0065	M05	dysarthric	/Users/animesh/Animesh/Project 2.0/echora/data/raw/torgo/M/M05/Session1/wav_headMic/0065.wav	3.550	0.271	0.0764	farm		[]		nvidia/parakeet-tdt-0.6b-v3	cpu
torgo-M03-Session2-0194	M03	dysarthric	/Users/animesh/Animesh/Project 2.0/echora/data/raw/torgo/M/M03/Session2/wav_headMic/0194.wav	3.555	0.271	0.0763	I just try to do my best.	I just try to do my best.	[]		nvidia/parakeet-tdt-0.6b-v3	cpu
torgo-M04-Session2-0284	M04	dysarthric	/Users/animesh/Animesh/Project 2.0/echora/data/raw/torgo/M/M04/Session2/wav_headMic/0284.wav	3.555	0.271	0.0763	kitten	Hidden	[]		nvidia/parakeet-tdt-0.6b-v3	cpu
torgo-M05-Session2-0143	M05	dysarthric	/Users/animesh/Animesh/Project 2.0/echora/data/raw/torgo/M/M05/Session2/wav_headMic/0143.wav	3.560	0.271	0.0762	pitting	Петтинь.	[]		nvidia/parakeet-tdt-0.6b-v3	cpu
torgo-M05-Session2-0180	M05	dysarthric	/Users/animesh/Animesh/Project 2.0/echora/data/raw/torgo/M/M05/Session2/wav_headMic/0180.wav	3.560	0.271	0.0762	oscar		[]		nvidia/parakeet-tdt-0.6b-v3	cpu
torgo-M05-Session2-0121	M05	dysarthric	/Users/animesh/Animesh/Project 2.0/echora/data/raw/torgo/M/M05/Session2/wav_headMic/0121.wav	3.565	0.271	0.0761	troop		[]		nvidia/parakeet-tdt-0.6b-v3	cpu
torgo-F04-Session2-0166	F04	dysarthric	/Users/animesh/Animesh/Project 2.0/echora/data/raw/torgo/F/F04/Session2/wav_headMic/0166.wav	3.570	0.271	0.0760	top		[]		nvidia/parakeet-tdt-0.6b-v3	cpu
torgo-M02-Session2-0203	M02	dysarthric	/Users/animesh/Animesh/Project 2.0/echora/data/raw/torgo/M/M02/Session2/wav_headMic/0203.wav	3.575	0.278	0.0776	fat		[]		nvidia/parakeet-tdt-0.6b-v3	cpu
torgo-M02-Session2-0229	M02	dysarthric	/Users/animesh/Animesh/Project 2.0/echora/data/raw/torgo/M/M02/Session2/wav_headMic/0229.wav	3.575	0.278	0.0776	darn		[]		nvidia/parakeet-tdt-0.6b-v3	cpu
torgo-M05-Session2-0164	M05	dysarthric	/Users/animesh/Animesh/Project 2.0/echora/data/raw/torgo/M/M05/Session2/wav_headMic/0164.wav	3.575	0.278	0.0776	leak		[]		nvidia/parakeet-tdt-0.6b-v3	cpu
torgo-F03-Session3-0056	F03	dysarthric	/Users/animesh/Animesh/Project 2.0/echora/data/raw/torgo/F/F03/Session3/wav_headMic/0056.wav	3.585	0.278	0.0774	This is a good place, though small.	This is a good place, though smell.	[]		nvidia/parakeet-tdt-0.6b-v3	cpu
torgo-F03-Session2-0108	F03	dysarthric	/Users/animesh/Animesh/Project 2.0/echora/data/raw/torgo/F/F03/Session2/wav_headMic/0108.wav	3.590	0.278	0.0773	kitten	Киттен.	[]		nvidia/parakeet-tdt-0.6b-v3	cpu
torgo-M04-Session2-0111	M04	dysarthric	/Users/animesh/Animesh/Project 2.0/echora/data/raw/torgo/M/M04/Session2/wav_headMic/0111.wav	3.590	0.278	0.0773	pat		[]		nvidia/parakeet-tdt-0.6b-v3	cpu
torgo-M05-Session2-0080	M05	dysarthric	/Users/animesh/Animesh/Project 2.0/echora/data/raw/torgo/M/M05/Session2/wav_headMic/0080.wav	3.595	0.278	0.0772	xxx		[]		nvidia/parakeet-tdt-0.6b-v3	cpu
torgo-M05-Session2-0184	M05	dysarthric	/Users/animesh/Animesh/Project 2.0/echora/data/raw/torgo/M/M05/Session2/wav_headMic/0184.wav	3.595	0.278	0.0772	him	Hmm	[]		nvidia/parakeet-tdt-0.6b-v3	cpu
torgo-M03-Session2-0069	M03	dysarthric	/Users/animesh/Animesh/Project 2.0/echora/data/raw/torgo/M/M03/Session2/wav_headMic/0069.wav	3.600	0.284	0.0788	form	Form	[]		nvidia/parakeet-tdt-0.6b-v3	cpu
torgo-M03-Session2-0200	M03	dysarthric	/Users/animesh/Animesh/Project 2.0/echora/data/raw/torgo/M/M03/Session2/wav_headMic/0200.wav	3.605	0.284	0.0786	through	Through	[]		nvidia/parakeet-tdt-0.6b-v3	cpu
torgo-M05-Session2-0074	M05	dysarthric	/Users/animesh/Animesh/Project 2.0/echora/data/raw/torgo/M/M05/Session2/wav_headMic/0074.wav	3.605	0.284	0.0786	write		[]		nvidia/parakeet-tdt-0.6b-v3	cpu
torgo-M05-Session2-0262	M05	dysarthric	/Users/animesh/Animesh/Project 2.0/echora/data/raw/torgo/M/M05/Session2/wav_headMic/0262.wav	3.605	0.284	0.0786	leak		[]		nvidia/parakeet-tdt-0.6b-v3	cpu
torgo-M05-Session2-0188	M05	dysarthric	/Users/animesh/Animesh/Project 2.0/echora/data/raw/torgo/M/M05/Session2/wav_headMic/0188.wav	3.610	0.284	0.0785	rich		[]		nvidia/parakeet-tdt-0.6b-v3	cpu
torgo-F04-Session2-0068	F04	dysarthric	/Users/animesh/Animesh/Project 2.0/echora/data/raw/torgo/F/F04/Session2/wav_headMic/0068.wav	3.630	0.284	0.0781	xxx		[]		nvidia/parakeet-tdt-0.6b-v3	cpu
torgo-M04-Session2-0102	M04	dysarthric	/Users/animesh/Animesh/Project 2.0/echora/data/raw/torgo/M/M04/Session2/wav_headMic/0102.wav	3.630	0.284	0.0781	horn	One	[]		nvidia/parakeet-tdt-0.6b-v3	cpu
torgo-M04-Session2-0150	M04	dysarthric	/Users/animesh/Animesh/Project 2.0/echora/data/raw/torgo/M/M04/Session2/wav_headMic/0150.wav	3.630	0.284	0.0781	we're		[]		nvidia/parakeet-tdt-0.6b-v3	cpu
torgo-M05-Session1-0060	M05	dysarthric	/Users/animesh/Animesh/Project 2.0/echora/data/raw/torgo/M/M05/Session1/wav_headMic/0060.wav	3.630	0.272	0.0748	swarm		[]		nvidia/parakeet-tdt-0.6b-v3	cpu
torgo-M01-Session1-0068	M01	dysarthric	/Users/animesh/Animesh/Project 2.0/echora/data/raw/torgo/M/M01/Session1/wav_headMic/0068.wav	3.640	0.272	0.0746	right		[]		nvidia/parakeet-tdt-0.6b-v3	cpu
torgo-M03-Session2-0355	M03	dysarthric	/Users/animesh/Animesh/Project 2.0/echora/data/raw/torgo/M/M03/Session2/wav_headMic/0355.wav	3.640	0.272	0.0746	I have had my bell rung.	I have had my bell rung.	[]		nvidia/parakeet-tdt-0.6b-v3	cpu
torgo-M01-Session2_3-0245	M01	dysarthric	/Users/animesh/Animesh/Project 2.0/echora/data/raw/torgo/M/M01/Session2_3/wav_headMic/0245.wav	3.643	0.272	0.0746	thought		[]		nvidia/parakeet-tdt-0.6b-v3	cpu
torgo-F04-Session2-0005	F04	dysarthric	/Users/animesh/Animesh/Project 2.0/echora/data/raw/torgo/F/F04/Session2/wav_headMic/0005.wav	3.645	0.272	0.0745	I was conscious all the time.	I was conscious all the time.	[]		nvidia/parakeet-tdt-0.6b-v3	cpu
torgo-M05-Session1-0025	M05	dysarthric	/Users/animesh/Animesh/Project 2.0/echora/data/raw/torgo/M/M05/Session1/wav_headMic/0025.wav	3.645	0.272	0.0745	floor	Салевой.	[]		nvidia/parakeet-tdt-0.6b-v3	cpu
torgo-M05-Session2-0278	M05	dysarthric	/Users/animesh/Animesh/Project 2.0/echora/data/raw/torgo/M/M05/Session2/wav_headMic/0278.wav	3.645	0.272	0.0745	xray	Эт Луи.	[]		nvidia/parakeet-tdt-0.6b-v3	cpu
torgo-M03-Session2-0162	M03	dysarthric	/Users/animesh/Animesh/Project 2.0/echora/data/raw/torgo/M/M03/Session2/wav_headMic/0162.wav	3.650	0.272	0.0744	Bright sunshine shimmers on the ocean.	Bright sunshine shimmers on the ocean.	[]		nvidia/parakeet-tdt-0.6b-v3	cpu
torgo-M03-Session2-0301	M03	dysarthric	/Users/animesh/Animesh/Project 2.0/echora/data/raw/torgo/M/M03/Session2/wav_headMic/0301.wav	3.650	0.273	0.0749	The dolphins swam around our boat.	The dolphins swam around our boat.	[]		nvidia/parakeet-tdt-0.6b-v3	cpu
torgo-M04-Session2-0090	M04	dysarthric	/Users/animesh/Animesh/Project 2.0/echora/data/raw/torgo/M/M04/Session2/wav_headMic/0090.wav	3.650	0.273	0.0749	warm		[]		nvidia/parakeet-tdt-0.6b-v3	cpu
torgo-M05-Session2-0196	M05	dysarthric	/Users/animesh/Animesh/Project 2.0/echora/data/raw/torgo/M/M05/Session2/wav_headMic/0196.wav	3.650	0.273	0.0749	witty		[]		nvidia/parakeet-tdt-0.6b-v3	cpu
torgo-M05-Session2-0392	M05	dysarthric	/Users/animesh/Animesh/Project 2.0/echora/data/raw/torgo/M/M05/Session2/wav_headMic/0392.wav	3.650	0.273	0.0749	glitter	Гириты.	[]		nvidia/parakeet-tdt-0.6b-v3	cpu
torgo-M01-Session1-0071	M01	dysarthric	/Users/animesh/Animesh/Project 2.0/echora/data/raw/torgo/M/M01/Session1/wav_headMic/0071.wav	3.655	0.273	0.0748	rage		[]		nvidia/parakeet-tdt-0.6b-v3	cpu
torgo-M05-Session2-0159	M05	dysarthric	/Users/animesh/Animesh/Project 2.0/echora/data/raw/torgo/M/M05/Session2/wav_headMic/0159.wav	3.655	0.273	0.0748	bitten	Бритн.	[]		nvidia/parakeet-tdt-0.6b-v3	cpu
torgo-M02-Session1-0053	M02	dysarthric	/Users/animesh/Animesh/Project 2.0/echora/data/raw/torgo/M/M02/Session1/wav_headMic/0053.wav	3.663	0.273	0.0746	stubble	Tss Jarbo.	[]		nvidia/parakeet-tdt-0.6b-v3	cpu
torgo-M01-Session1-0086	M01	dysarthric	/Users/animesh/Animesh/Project 2.0/echora/data/raw/torgo/M/M01/Session1/wav_headMic/0086.wav	3.670	0.273	0.0745	down		[]		nvidia/parakeet-tdt-0.6b-v3	cpu
torgo-M03-Session2-0373	M03	dysarthric	/Users/animesh/Animesh/Project 2.0/echora/data/raw/torgo/M/M03/Session2/wav_headMic/0373.wav	3.685	0.272	0.0738	Carl lives in a lovely home	Carl lives in a lovely home.	[]		nvidia/parakeet-tdt-0.6b-v3	cpu
torgo-M04-Session2-0140	M04	dysarthric	/Users/animesh/Animesh/Project 2.0/echora/data/raw/torgo/M/M04/Session2/wav_headMic/0140.wav	3.685	0.272	0.0738	bear		[]		nvidia/parakeet-tdt-0.6b-v3	cpu
torgo-M01-Session1-0021	M01	dysarthric	/Users/animesh/Animesh/Project 2.0/echora/data/raw/torgo/M/M01/Session1/wav_headMic/0021.wav	3.690	0.272	0.0737	bat	Брат.	[]		nvidia/parakeet-tdt-0.6b-v3	cpu
torgo-F03-Session3-0055	F03	dysarthric	/Users/animesh/Animesh/Project 2.0/echora/data/raw/torgo/F/F03/Session3/wav_headMic/0055.wav	3.700	0.272	0.0735	The results were very disappointing.	The results were very disappointing.	[]		nvidia/parakeet-tdt-0.6b-v3	cpu
torgo-M05-Session1-0033	M05	dysarthric	/Users/animesh/Animesh/Project 2.0/echora/data/raw/torgo/M/M05/Session1/wav_headMic/0033.wav	3.700	0.272	0.0735	form		[]		nvidia/parakeet-tdt-0.6b-v3	cpu
torgo-F03-Session2-0059	F03	dysarthric	/Users/animesh/Animesh/Project 2.0/echora/data/raw/torgo/F/F03/Session2/wav_headMic/0059.wav	3.700	0.272	0.0735	yes	Yes.	[]		nvidia/parakeet-tdt-0.6b-v3	cpu
torgo-M05-Session2-0018	M05	dysarthric	/Users/animesh/Animesh/Project 2.0/echora/data/raw/torgo/M/M05/Session2/wav_headMic/0018.wav	3.710	0.272	0.0733	prior		[]		nvidia/parakeet-tdt-0.6b-v3	cpu
torgo-M02-Session2-0223	M02	dysarthric	/Users/animesh/Animesh/Project 2.0/echora/data/raw/torgo/M/M02/Session2/wav_headMic/0223.wav	3.720	0.272	0.0731	thorn		[]		nvidia/parakeet-tdt-0.6b-v3	cpu
torgo-M05-Session2-0221	M05	dysarthric	/Users/animesh/Animesh/Project 2.0/echora/data/raw/torgo/M/M05/Session2/wav_headMic/0221.wav	3.720	0.269	0.0724	papa	Папа.	[]		nvidia/parakeet-tdt-0.6b-v3	cpu
torgo-F04-Session2-0203	F04	dysarthric	/Users/animesh/Animesh/Project 2.0/echora/data/raw/torgo/F/F04/Session2/wav_headMic/0203.wav	3.725	0.269	0.0723	We rode horseback to the farm.	We rode horseback to the farm.	[]		nvidia/parakeet-tdt-0.6b-v3	cpu
torgo-M03-Session2-0057	M03	dysarthric	/Users/animesh/Animesh/Project 2.0/echora/data/raw/torgo/M/M03/Session2/wav_headMic/0057.wav	3.730	0.269	0.0722	usually minus several buttons;	usually minus several buttons.	[]		nvidia/parakeet-tdt-0.6b-v3	cpu
torgo-M05-Session1-0095	M05	dysarthric	/Users/animesh/Animesh/Project 2.0/echora/data/raw/torgo/M/M05/Session1/wav_headMic/0095.wav	3.735	0.269	0.0721	dug		[]		nvidia/parakeet-tdt-0.6b-v3	cpu
torgo-M05-Session2-0193	M05	dysarthric	/Users/animesh/Animesh/Project 2.0/echora/data/raw/torgo/M/M05/Session2/wav_headMic/0193.wav	3.735	0.269	0.0721	nine		[]		nvidia/parakeet-tdt-0.6b-v3	cpu
torgo-M03-Session2-0166	M03	dysarthric	/Users/animesh/Animesh/Project 2.0/echora/data/raw/torgo/M/M03/Session2/wav_headMic/0166.wav	3.745	0.269	0.0719	The islands are sparsely populated.	The islands are sparsely populated.	[]		nvidia/parakeet-tdt-0.6b-v3	cpu
torgo-M05-Session1-0097	M05	dysarthric	/Users/animesh/Animesh/Project 2.0/echora/data/raw/torgo/M/M05/Session1/wav_headMic/0097.wav	3.745	0.269	0.0719	jagged	Джаггид.	[]		nvidia/parakeet-tdt-0.6b-v3	cpu
torgo-M05-Session2-0322	M05	dysarthric	/Users/animesh/Animesh/Project 2.0/echora/data/raw/torgo/M/M05/Session2/wav_headMic/0322.wav	3.745	0.269	0.0719	knot		[]		nvidia/parakeet-tdt-0.6b-v3	cpu
torgo-M03-Session2-0398	M03	dysarthric	/Users/animesh/Animesh/Project 2.0/echora/data/raw/torgo/M/M03/Session2/wav_headMic/0398.wav	3.750	0.272	0.0726	Each one volunteered to jump first.	Each one volunteered to jump first.	[]		nvidia/parakeet-tdt-0.6b-v3	cpu
torgo-M01-Session1-0048	M01	dysarthric	/Users/animesh/Animesh/Project 2.0/echora/data/raw/torgo/M/M01/Session1/wav_headMic/0048.wav	3.750	0.272	0.0726	glow	No.	[]		nvidia/parakeet-tdt-0.6b-v3	cpu
torgo-M03-Session2-0074	M03	dysarthric	/Users/animesh/Animesh/Project 2.0/echora/data/raw/torgo/M/M03/Session2/wav_headMic/0074.wav	3.755	0.272	0.0725	"but he always answers, ""Banana oil!"""	But he always answers banana oil.	[]		nvidia/parakeet-tdt-0.6b-v3	cpu
torgo-F04-Session2-0230	F04	dysarthric	/Users/animesh/Animesh/Project 2.0/echora/data/raw/torgo/F/F04/Session2/wav_headMic/0230.wav	3.760	0.272	0.0724	and	And	[]		nvidia/parakeet-tdt-0.6b-v3	cpu
torgo-M03-Session2-0198	M03	dysarthric	/Users/animesh/Animesh/Project 2.0/echora/data/raw/torgo/M/M03/Session2/wav_headMic/0198.wav	3.760	0.272	0.0724	We gathered shells on the beach.	We gathered shells on the beach.	[]		nvidia/parakeet-tdt-0.6b-v3	cpu
torgo-F04-Session2-0050	F04	dysarthric	/Users/animesh/Animesh/Project 2.0/echora/data/raw/torgo/F/F04/Session2/wav_headMic/0050.wav	3.765	0.272	0.0723	sigh		[]		nvidia/parakeet-tdt-0.6b-v3	cpu
torgo-M01-Session1-0039	M01	dysarthric	/Users/animesh/Animesh/Project 2.0/echora/data/raw/torgo/M/M01/Session1/wav_headMic/0039.wav	3.765	0.272	0.0723	no	No.	[]		nvidia/parakeet-tdt-0.6b-v3	cpu
torgo-M01-Session1-0015	M01	dysarthric	/Users/animesh/Animesh/Project 2.0/echora/data/raw/torgo/M/M01/Session1/wav_headMic/0015.wav	3.785	0.272	0.0719	tip		[]		nvidia/parakeet-tdt-0.6b-v3	cpu
torgo-M05-Session1-0099	M05	dysarthric	/Users/animesh/Animesh/Project 2.0/echora/data/raw/torgo/M/M05/Session1/wav_headMic/0099.wav	3.785	0.280	0.0738	rate	Wait.	[]		nvidia/parakeet-tdt-0.6b-v3	cpu
torgo-M03-Session2-0211	M03	dysarthric	/Users/animesh/Animesh/Project 2.0/echora/data/raw/torgo/M/M03/Session2/wav_headMic/0211.wav	3.795	0.280	0.0737	I feel I can play this weekend.	I feel I can play this weekend.	[]		nvidia/parakeet-tdt-0.6b-v3	cpu
torgo-M04-Session2-0075	M04	dysarthric	/Users/animesh/Animesh/Project 2.0/echora/data/raw/torgo/M/M04/Session2/wav_headMic/0075.wav	3.795	0.280	0.0737	swore	Sword.	[]		nvidia/parakeet-tdt-0.6b-v3	cpu
torgo-M03-Session2-0260	M03	dysarthric	/Users/animesh/Animesh/Project 2.0/echora/data/raw/torgo/M/M03/Session2/wav_headMic/0260.wav	3.800	0.280	0.0736	The little schoolhouse stood empty.	The little schoolhouse stood empty.	[]		nvidia/parakeet-tdt-0.6b-v3	cpu
torgo-M04-Session2-0165	M04	dysarthric	/Users/animesh/Animesh/Project 2.0/echora/data/raw/torgo/M/M04/Session2/wav_headMic/0165.wav	3.800	0.280	0.0736	peer		[]		nvidia/parakeet-tdt-0.6b-v3	cpu
torgo-M05-Session2-0103	M05	dysarthric	/Users/animesh/Animesh/Project 2.0/echora/data/raw/torgo/M/M05/Session2/wav_headMic/0103.wav	3.805	0.280	0.0735	witch		[]		nvidia/parakeet-tdt-0.6b-v3	cpu
torgo-M04-Session2-0128	M04	dysarthric	/Users/animesh/Animesh/Project 2.0/echora/data/raw/torgo/M/M04/Session2/wav_headMic/0128.wav	3.810	0.280	0.0734	dagger		[]		nvidia/parakeet-tdt-0.6b-v3	cpu
torgo-F04-Session2-0054	F04	dysarthric	/Users/animesh/Animesh/Project 2.0/echora/data/raw/torgo/F/F04/Session2/wav_headMic/0054.wav	3.815	0.280	0.0733	urgent	Urgent.	[]		nvidia/parakeet-tdt-0.6b-v3	cpu
torgo-M02-Session2-0094	M02	dysarthric	/Users/animesh/Animesh/Project 2.0/echora/data/raw/torgo/M/M02/Session2/wav_headMic/0094.wav	3.815	0.284	0.0745	pat		[]		nvidia/parakeet-tdt-0.6b-v3	cpu
torgo-F04-Session2-0213	F04	dysarthric	/Users/animesh/Animesh/Project 2.0/echora/data/raw/torgo/F/F04/Session2/wav_headMic/0213.wav	3.820	0.284	0.0744	ticker		[]		nvidia/parakeet-tdt-0.6b-v3	cpu
torgo-F04-Session2-0244	F04	dysarthric	/Users/animesh/Animesh/Project 2.0/echora/data/raw/torgo/F/F04/Session2/wav_headMic/0244.wav	3.820	0.284	0.0744	We have an excellent team.	We have an excellent team.	[]		nvidia/parakeet-tdt-0.6b-v3	cpu
torgo-M05-Session1-0058	M05	dysarthric	/Users/animesh/Animesh/Project 2.0/echora/data/raw/torgo/M/M05/Session1/wav_headMic/0058.wav	3.820	0.284	0.0744	torn	Троин.	[]		nvidia/parakeet-tdt-0.6b-v3	cpu
torgo-M05-Session2-0237	M05	dysarthric	/Users/animesh/Animesh/Project 2.0/echora/data/raw/torgo/M/M05/Session2/wav_headMic/0237.wav	3.825	0.284	0.0743	sigh		[]		nvidia/parakeet-tdt-0.6b-v3	cpu
torgo-M01-Session1-0030	M01	dysarthric	/Users/animesh/Animesh/Project 2.0/echora/data/raw/torgo/M/M01/Session1/wav_headMic/0030.wav	3.830	0.284	0.0742	bug	Марг.	[]		nvidia/parakeet-tdt-0.6b-v3	cpu
torgo-M01-Session1-0037	M01	dysarthric	/Users/animesh/Animesh/Project 2.0/echora/data/raw/torgo/M/M01/Session1/wav_headMic/0037.wav	3.830	0.284	0.0742	hair	Yeah.	[]		nvidia/parakeet-tdt-0.6b-v3	cpu
torgo-M03-Session2-0286	M03	dysarthric	/Users/animesh/Animesh/Project 2.0/echora/data/raw/torgo/M/M03/Session2/wav_headMic/0286.wav	3.830	0.284	0.0742	A roll of wire lay near the wall.	A roll of wire lay near the wall.	[]		nvidia/parakeet-tdt-0.6b-v3	cpu
torgo-M03-Session2-0013	M03	dysarthric	/Users/animesh/Animesh/Project 2.0/echora/data/raw/torgo/M/M03/Session2/wav_headMic/0013.wav	3.835	0.241	0.0628	Well, he is nearly ninety-three years old;	Well he is nearly ninety three years old.	[]		nvidia/parakeet-tdt-0.6b-v3	cpu
torgo-M03-Session2-0328	M03	dysarthric	/Users/animesh/Animesh/Project 2.0/echora/data/raw/torgo/M/M03/Session2/wav_headMic/0328.wav	3.835	0.241	0.0628	Swing your arm as high as you can.	Swing your arms as high as you can.	[]		nvidia/parakeet-tdt-0.6b-v3	cpu
torgo-F04-Session2-0109	F04	dysarthric	/Users/animesh/Animesh/Project 2.0/echora/data/raw/torgo/F/F04/Session2/wav_headMic/0109.wav	3.840	0.241	0.0628	Carl lives in a lively home.	Carl lives in a lively home.	[]		nvidia/parakeet-tdt-0.6b-v3	cpu
torgo-M04-Session2-0146	M04	dysarthric	/Users/animesh/Animesh/Project 2.0/echora/data/raw/torgo/M/M04/Session2/wav_headMic/0146.wav	3.840	0.241	0.0628	hate		[]		nvidia/parakeet-tdt-0.6b-v3	cpu
torgo-F03-Session2-0079	F03	dysarthric	/Users/animesh/Animesh/Project 2.0/echora/data/raw/torgo/F/F03/Session2/wav_headMic/0079.wav	3.850	0.241	0.0626	thought		[]		nvidia/parakeet-tdt-0.6b-v3	cpu
torgo-F04-Session2-0012	F04	dysarthric	/Users/animesh/Animesh/Project 2.0/echora/data/raw/torgo/F/F04/Session2/wav_headMic/0012.wav	3.850	0.241	0.0626	xxx	I've been big baseball.	[]		nvidia/parakeet-tdt-0.6b-v3	cpu
torgo-M01-Session1-0083	M01	dysarthric	/Users/animesh/Animesh/Project 2.0/echora/data/raw/torgo/M/M01/Session1/wav_headMic/0083.wav	3.850	0.241	0.0626	knew		[]		nvidia/parakeet-tdt-0.6b-v3	cpu
torgo-M01-Session2_3-0249	M01	dysarthric	/Users/animesh/Animesh/Project 2.0/echora/data/raw/torgo/M/M01/Session2_3/wav_headMic/0249.wav	3.855	0.241	0.0625	The books are very expensive.	The book are very independent.	[]		nvidia/parakeet-tdt-0.6b-v3	cpu
torgo-M03-Session2-0199	M03	dysarthric	/Users/animesh/Animesh/Project 2.0/echora/data/raw/torgo/M/M03/Session2/wav_headMic/0199.wav	3.855	0.235	0.0610	Mother sews yellow gingham aprons.	Mother sold yellow gingham aprons.	[]		nvidia/parakeet-tdt-0.6b-v3	cpu
torgo-M04-Session2-0095	M04	dysarthric	/Users/animesh/Animesh/Project 2.0/echora/data/raw/torgo/M/M04/Session2/wav_headMic/0095.wav	3.855	0.235	0.0610	beta		[]		nvidia/parakeet-tdt-0.6b-v3	cpu
torgo-M04-Session2-0287	M04	dysarthric	/Users/animesh/Animesh/Project 2.0/echora/data/raw/torgo/M/M04/Session2/wav_headMic/0287.wav	3.855	0.235	0.0610	spit		[]		nvidia/parakeet-tdt-0.6b-v3	cpu
torgo-F04-Session2-0232	F04	dysarthric	/Users/animesh/Animesh/Project 2.0/echora/data/raw/torgo/F/F04/Session2/wav_headMic/0232.wav	3.860	0.235	0.0610	xray	X ray	[]		nvidia/parakeet-tdt-0.6b-v3	cpu
torgo-M01-Session1-0010	M01	dysarthric	/Users/animesh/Animesh/Project 2.0/echora/data/raw/torgo/M/M01/Session1/wav_headMic/0010.wav	3.860	0.235	0.0610	raid		[]		nvidia/parakeet-tdt-0.6b-v3	cpu
torgo-M02-Session2-0231	M02	dysarthric	/Users/animesh/Animesh/Project 2.0/echora/data/raw/torgo/M/M02/Session2/wav_headMic/0231.wav	3.860	0.235	0.0610	knot	No	[]		nvidia/parakeet-tdt-0.6b-v3	cpu
torgo-M05-Session2-0114	M05	dysarthric	/Users/animesh/Animesh/Project 2.0/echora/data/raw/torgo/M/M05/Session2/wav_headMic/0114.wav	3.860	0.235	0.0610	we're		[]		nvidia/parakeet-tdt-0.6b-v3	cpu
torgo-M03-Session2-0164	M03	dysarthric	/Users/animesh/Animesh/Project 2.0/echora/data/raw/torgo/M/M03/Session2/wav_headMic/0164.wav	3.870	0.235	0.0608	I looked up and noticed two old men.	I looked up and noticed two old men.	[]		nvidia/parakeet-tdt-0.6b-v3	cpu
torgo-M05-Session1-0118	M05	dysarthric	/Users/animesh/Animesh/Project 2.0/echora/data/raw/torgo/M/M05/Session1/wav_headMic/0118.wav	3.870	0.241	0.0622	lead	Lead.	[]		nvidia/parakeet-tdt-0.6b-v3	cpu
torgo-M05-Session2-0198	M05	dysarthric	/Users/animesh/Animesh/Project 2.0/echora/data/raw/torgo/M/M05/Session2/wav_headMic/0198.wav	3.875	0.241	0.0621	dart	Date	[]		nvidia/parakeet-tdt-0.6b-v3	cpu
torgo-F04-Session2-0206	F04	dysarthric	/Users/animesh/Animesh/Project 2.0/echora/data/raw/torgo/F/F04/Session2/wav_headMic/0206.wav	3.880	0.241	0.0621	The books are very expensive.	The books are very expensive.	[]		nvidia/parakeet-tdt-0.6b-v3	cpu
torgo-M05-Session1-0059	M05	dysarthric	/Users/animesh/Animesh/Project 2.0/echora/data/raw/torgo/M/M05/Session1/wav_headMic/0059.wav	3.880	0.241	0.0621	range	Выньч.	[]		nvidia/parakeet-tdt-0.6b-v3	cpu
torgo-M05-Session2-0373	M05	dysarthric	/Users/animesh/Animesh/Project 2.0/echora/data/raw/torgo/M/M05/Session2/wav_headMic/0373.wav	3.885	0.241	0.0620	witch		[]		nvidia/parakeet-tdt-0.6b-v3	cpu
torgo-M02-Session2-0151	M02	dysarthric	/Users/animesh/Animesh/Project 2.0/echora/data/raw/torgo/M/M02/Session2/wav_headMic/0151.wav	3.890	0.241	0.0619	juliet		[]		nvidia/parakeet-tdt-0.6b-v3	cpu
torgo-M03-Session2-0374	M03	dysarthric	/Users/animesh/Animesh/Project 2.0/echora/data/raw/torgo/M/M03/Session2/wav_headMic/0374.wav	3.890	0.241	0.0619	Carl lives in a lively home.	Carl lives in a lively home.	[]		nvidia/parakeet-tdt-0.6b-v3	cpu
torgo-F03-Session2-0111	F03	dysarthric	/Users/animesh/Animesh/Project 2.0/echora/data/raw/torgo/F/F03/Session2/wav_headMic/0111.wav	3.895	0.241	0.0618	xxx	Okay. Pretty good. Fine.	[]		nvidia/parakeet-tdt-0.6b-v3	cpu
torgo-M01-Session1-0057	M01	dysarthric	/Users/animesh/Animesh/Project 2.0/echora/data/raw/torgo/M/M01/Session1/wav_headMic/0057.wav	3.910	0.236	0.0605	sip		[]		nvidia/parakeet-tdt-0.6b-v3	cpu
torgo-M02-Session2-0103	M02	dysarthric	/Users/animesh/Animesh/Project 2.0/echora/data/raw/torgo/M/M02/Session2/wav_headMic/0103.wav	3.925	0.236	0.0602	brought		[]		nvidia/parakeet-tdt-0.6b-v3	cpu
torgo-M02-Session2-0156	M02	dysarthric	/Users/animesh/Animesh/Project 2.0/echora/data/raw/torgo/M/M02/Session2/wav_headMic/0156.wav	3.935	0.236	0.0601	yes	Yeah.	[]		nvidia/parakeet-tdt-0.6b-v3	cpu
torgo-M05-Session1-0023	M05	dysarthric	/Users/animesh/Animesh/Project 2.0/echora/data/raw/torgo/M/M05/Session1/wav_headMic/0023.wav	3.935	0.236	0.0601	trade	Трейди.	[]		nvidia/parakeet-tdt-0.6b-v3	cpu
torgo-M01-Session1-0050	M01	dysarthric	/Users/animesh/Animesh/Project 2.0/echora/data/raw/torgo/M/M01/Session1/wav_headMic/0050.wav	3.940	0.236	0.0600	swarm		[]		nvidia/parakeet-tdt-0.6b-v3	cpu
torgo-M03-Session2-0361	M03	dysarthric	/Users/animesh/Animesh/Project 2.0/echora/data/raw/torgo/M/M03/Session2/wav_headMic/0361.wav	3.945	0.236	0.0599	Both injuries were to the same leg.	Both injuries were to the same leg.	[]		nvidia/parakeet-tdt-0.6b-v3	cpu
torgo-M05-Session2-0174	M05	dysarthric	/Users/animesh/Animesh/Project 2.0/echora/data/raw/torgo/M/M05/Session2/wav_headMic/0174.wav	3.955	0.236	0.0598	knitting	Ned.	[]		nvidia/parakeet-tdt-0.6b-v3	cpu
torgo-M05-Session1-0111	M05	dysarthric	/Users/animesh/Animesh/Project 2.0/echora/data/raw/torgo/M/M05/Session1/wav_headMic/0111.wav	3.970	0.236	0.0595	beta	Убейся.	[]		nvidia/parakeet-tdt-0.6b-v3	cpu
torgo-F03-Session3-0117	F03	dysarthric	/Users/animesh/Animesh/Project 2.0/echora/data/raw/torgo/F/F03/Session3/wav_headMic/0117.wav	3.975	0.237	0.0597	He is definitely a notch above us.	He definit he's definitely a notch above us.	[]		nvidia/parakeet-tdt-0.6b-v3	cpu
torgo-M03-Session2-0033	M03	dysarthric	/Users/animesh/Animesh/Project 2.0/echora/data/raw/torgo/M/M03/Session2/wav_headMic/0033.wav	3.975	0.237	0.0597	bat	Bat.	[]		nvidia/parakeet-tdt-0.6b-v3	cpu
torgo-M04-Session2-0176	M04	dysarthric	/Users/animesh/Animesh/Project 2.0/echora/data/raw/torgo/M/M04/Session2/wav_headMic/0176.wav	3.975	0.237	0.0597	galore		[]		nvidia/parakeet-tdt-0.6b-v3	cpu
torgo-M03-Session2-0196	M03	dysarthric	/Users/animesh/Animesh/Project 2.0/echora/data/raw/torgo/M/M03/Session2/wav_headMic/0196.wav	3.980	0.237	0.0596	They carried me off on the stretcher.	He carried me off on the stretcher.	[]		nvidia/parakeet-tdt-0.6b-v3	cpu
torgo-M04-Session2-0178	M04	dysarthric	/Users/animesh/Animesh/Project 2.0/echora/data/raw/torgo/M/M04/Session2/wav_headMic/0178.wav	3.980	0.237	0.0596	gnaw		[]		nvidia/parakeet-tdt-0.6b-v3	cpu
torgo-M01-Session1-0046	M01	dysarthric	/Users/animesh/Animesh/Project 2.0/echora/data/raw/torgo/M/M01/Session1/wav_headMic/0046.wav	3.985	0.237	0.0596	stubble	Дамбо.	[]		nvidia/parakeet-tdt-0.6b-v3	cpu
torgo-M02-Session2-0115	M02	dysarthric	/Users/animesh/Animesh/Project 2.0/echora/data/raw/torgo/M/M02/Session2/wav_headMic/0115.wav	3.990	0.237	0.0595	kilo	Хиллял.	[]		nvidia/parakeet-tdt-0.6b-v3	cpu
torgo-M05-Session2-0069	M05	dysarthric	/Users/animesh/Animesh/Project 2.0/echora/data/raw/torgo/M/M05/Session2/wav_headMic/0069.wav	3.990	0.237	0.0595	cycle		[]		nvidia/parakeet-tdt-0.6b-v3	cpu
torgo-F03-Session2-0084	F03	dysarthric	/Users/animesh/Animesh/Project 2.0/echora/data/raw/torgo/F/F03/Session2/wav_headMic/0084.wav	3.995	0.247	0.0618	hem	Хэм.	[]		nvidia/parakeet-tdt-0.6b-v3	cpu
torgo-M05-Session2-0261	M05	dysarthric	/Users/animesh/Animesh/Project 2.0/echora/data/raw/torgo/M/M05/Session2/wav_headMic/0261.wav	3.995	0.247	0.0618	sergeant	Сайтинт.	[]		nvidia/parakeet-tdt-0.6b-v3	cpu
torgo-F03-Session3-0118	F03	dysarthric	/Users/animesh/Animesh/Project 2.0/echora/data/raw/torgo/F/F03/Session3/wav_headMic/0118.wav	4.010	0.247	0.0616	He is definitely a notch above us.	He's definitely a notch of above us.	[]		nvidia/parakeet-tdt-0.6b-v3	cpu
torgo-M03-Session2-0185	M03	dysarthric	/Users/animesh/Animesh/Project 2.0/echora/data/raw/torgo/M/M03/Session2/wav_headMic/0185.wav	4.010	0.247	0.0616	Why yell or worry over silly items?	Why yellow rurry over his silly items?	[]		nvidia/parakeet-tdt-0.6b-v3	cpu
torgo-M02-Session1-0141	M02	dysarthric	/Users/animesh/Animesh/Project 2.0/echora/data/raw/torgo/M/M02/Session1/wav_headMic/0141.wav	4.013	0.247	0.0615	This was easy for us.	That's what using for us.	[]		nvidia/parakeet-tdt-0.6b-v3	cpu
torgo-F03-Session3-0009	F03	dysarthric	/Users/animesh/Animesh/Project 2.0/echora/data/raw/torgo/F/F03/Session3/wav_headMic/0009.wav	4.015	0.247	0.0615	Travel is about the only leisure we have.	Travel is about the only leisure we have.	[]		nvidia/parakeet-tdt-0.6b-v3	cpu
torgo-F03-Session3-0022	F03	dysarthric	/Users/animesh/Animesh/Project 2.0/echora/data/raw/torgo/F/F03/Session3/wav_headMic/0022.wav	4.020	0.247	0.0614	She doesn't like it to have	She doesn't like it to have	[]		nvidia/parakeet-tdt-0.6b-v3	cpu
torgo-M01-Session1-0090	M01	dysarthric	/Users/animesh/Animesh/Project 2.0/echora/data/raw/torgo/M/M01/Session1/wav_headMic/0090.wav	4.030	0.247	0.0613	stick		[]		nvidia/parakeet-tdt-0.6b-v3	cpu
torgo-M05-Session1-0032	M05	dysarthric	/Users/animesh/Animesh/Project 2.0/echora/data/raw/torgo/M/M05/Session1/wav_headMic/0032.wav	4.030	0.239	0.0592	left		[]		nvidia/parakeet-tdt-0.6b-v3	cpu
torgo-M02-Session2-0210	M02	dysarthric	/Users/animesh/Animesh/Project 2.0/echora/data/raw/torgo/M/M02/Session2/wav_headMic/0210.wav	4.035	0.239	0.0591	quebec		[]		nvidia/parakeet-tdt-0.6b-v3	cpu
torgo-F03-Session3-0050	F03	dysarthric	/Users/animesh/Animesh/Project 2.0/echora/data/raw/torgo/F/F03/Session3/wav_headMic/0050.wav	4.045	0.239	0.0590	Get a calico cat to keep.	Get a cap ticket.	[]		nvidia/parakeet-tdt-0.6b-v3	cpu
torgo-M01-Session1-0032	M01	dysarthric	/Users/animesh/Animesh/Project 2.0/echora/data/raw/torgo/M/M01/Session1/wav_headMic/0032.wav	4.045	0.239	0.0590	share	Yeah.	[]		nvidia/parakeet-tdt-0.6b-v3	cpu
torgo-M01-Session1-0008	M01	dysarthric	/Users/animesh/Animesh/Project 2.0/echora/data/raw/torgo/M/M01/Session1/wav_headMic/0008.wav	4.060	0.239	0.0588	fee	Пи	[]		nvidia/parakeet-tdt-0.6b-v3	cpu
torgo-M01-Session1-0060	M01	dysarthric	/Users/animesh/Animesh/Project 2.0/echora/data/raw/torgo/M/M01/Session1/wav_headMic/0060.wav	4.060	0.239	0.0588	rate		[]		nvidia/parakeet-tdt-0.6b-v3	cpu
torgo-M02-Session1-0099	M02	dysarthric	/Users/animesh/Animesh/Project 2.0/echora/data/raw/torgo/M/M02/Session1/wav_headMic/0099.wav	4.069	0.239	0.0586	dark		[]		nvidia/parakeet-tdt-0.6b-v3	cpu
torgo-M01-Session1-0078	M01	dysarthric	/Users/animesh/Animesh/Project 2.0/echora/data/raw/torgo/M/M01/Session1/wav_headMic/0078.wav	4.070	0.239	0.0586	storm		[]		nvidia/parakeet-tdt-0.6b-v3	cpu
torgo-M03-Session2-0287	M03	dysarthric	/Users/animesh/Animesh/Project 2.0/echora/data/raw/torgo/M/M03/Session2/wav_headMic/0287.wav	4.080	0.243	0.0597	It eventually became a rather proud claim.	It eventually became a rather proud claim.	[]		nvidia/parakeet-tdt-0.6b-v3	cpu
torgo-M03-Session2-0339	M03	dysarthric	/Users/animesh/Animesh/Project 2.0/echora/data/raw/torgo/M/M03/Session2/wav_headMic/0339.wav	4.080	0.243	0.0597	The job provides many benefits.	The job provides many benefits.	[]		nvidia/parakeet-tdt-0.6b-v3	cpu
torgo-F04-Session2-0160	F04	dysarthric	/Users/animesh/Animesh/Project 2.0/echora/data/raw/torgo/F/F04/Session2/wav_headMic/0160.wav	4.085	0.243	0.0596	him	Хем	[]		nvidia/parakeet-tdt-0.6b-v3	cpu
torgo-M01-Session1-0064	M01	dysarthric	/Users/animesh/Animesh/Project 2.0/echora/data/raw/torgo/M/M01/Session1/wav_headMic/0064.wav	4.095	0.243	0.0595	trade	Trade.	[]		nvidia/parakeet-tdt-0.6b-v3	cpu
torgo-M02-Session1-0128	M02	dysarthric	/Users/animesh/Animesh/Project 2.0/echora/data/raw/torgo/M/M02/Session1/wav_headMic/0128.wav	4.097	0.243	0.0594	menu	Меню.	[]		nvidia/parakeet-tdt-0.6b-v3	cpu
torgo-M03-Session2-0144	M03	dysarthric	/Users/animesh/Animesh/Project 2.0/echora/data/raw/torgo/M/M03/Session2/wav_headMic/0144.wav	4.115	0.243	0.0592	My sister made the flowered curtains.	My sister made the flowered curtains.	[]		nvidia/parakeet-tdt-0.6b-v3	cpu
torgo-M01-Session1-0067	M01	dysarthric	/Users/animesh/Animesh/Project 2.0/echora/data/raw/torgo/M/M01/Session1/wav_headMic/0067.wav	4.135	0.243	0.0589	born		[]		nvidia/parakeet-tdt-0.6b-v3	cpu
torgo-M01-Session1-0045	M01	dysarthric	/Users/animesh/Animesh/Project 2.0/echora/data/raw/torgo/M/M01/Session1/wav_headMic/0045.wav	4.145	0.243	0.0587	feet	Вет.	[]		nvidia/parakeet-tdt-0.6b-v3	cpu
torgo-M03-Session2-0117	M03	dysarthric	/Users/animesh/Animesh/Project 2.0/echora/data/raw/torgo/M/M03/Session2/wav_headMic/0117.wav	4.160	0.248	0.0596	Don't ask me to carry an oily rag like that.	Don't ask me to carry an oily rag like that.	[]		nvidia/parakeet-tdt-0.6b-v3	cpu
torgo-F03-Session3-0090	F03	dysarthric	/Users/animesh/Animesh/Project 2.0/echora/data/raw/torgo/F/F03/Session3/wav_headMic/0090.wav	4.165	0.248	0.0595	Aluminum silverware can often be flimsy.	Aluminium and silverware can often be flimsy.	[]		nvidia/parakeet-tdt-0.6b-v3	cpu
torgo-M03-Session2-0042	M03	dysarthric	/Users/animesh/Animesh/Project 2.0/echora/data/raw/torgo/M/M03/Session2/wav_headMic/0042.wav	4.165	0.248	0.0595	chair	Chair.	[]		nvidia/parakeet-tdt-0.6b-v3	cpu
torgo-M01-Session2_3-0173	M01	dysarthric	/Users/animesh/Animesh/Project 2.0/echora/data/raw/torgo/M/M01/Session2_3/wav_headMic/0173.wav	4.174	0.248	0.0594	We rode horseback to the farm.	We around our back into the farm.	[]		nvidia/parakeet-tdt-0.6b-v3	cpu
torgo-M05-Session2-0288	M05	dysarthric	/Users/animesh/Animesh/Project 2.0/echora/data/raw/torgo/M/M05/Session2/wav_headMic/0288.wav	4.175	0.248	0.0594	sitter	C'était	[]		nvidia/parakeet-tdt-0.6b-v3	cpu
torgo-M03-Session2-0111	M03	dysarthric	/Users/animesh/Animesh/Project 2.0/echora/data/raw/torgo/M/M03/Session2/wav_headMic/0111.wav	4.185	0.248	0.0592	You wished to know all about my grandfather.	You wish to know all about my grandfather.	[]		nvidia/parakeet-tdt-0.6b-v3	cpu
torgo-M03-Session2-0138	M03	dysarthric	/Users/animesh/Animesh/Project 2.0/echora/data/raw/torgo/M/M03/Session2/wav_headMic/0138.wav	4.185	0.248	0.0592	All the big baseball players get traded.	All the big baseball players get traded.	[]		nvidia/parakeet-tdt-0.6b-v3	cpu
torgo-M03-Session2-0192	M03	dysarthric	/Users/animesh/Animesh/Project 2.0/echora/data/raw/torgo/M/M03/Session2/wav_headMic/0192.wav	4.185	0.248	0.0592	Where were you while we were away?	Where were you while we were away?	[]		nvidia/parakeet-tdt-0.6b-v3	cpu
torgo-M05-Session2-0050	M05	dysarthric	/Users/animesh/Animesh/Project 2.0/echora/data/raw/torgo/M/M05/Session2/wav_headMic/0050.wav	4.185	0.238	0.0569	error		[]		nvidia/parakeet-tdt-0.6b-v3	cpu
torgo-F03-Session3-0007	F03	dysarthric	/Users/animesh/Animesh/Project 2.0/echora/data/raw/torgo/F/F03/Session3/wav_headMic/0007.wav	4.195	0.238	0.0568	People who value themselves are life's winners.	People who value themselves are life's owners.	[]		nvidia/parakeet-tdt-0.6b-v3	cpu
torgo-F04-Session2-0118	F04	dysarthric	/Users/animesh/Animesh/Project 2.0/echora/data/raw/torgo/F/F04/Session2/wav_headMic/0118.wav	4.200	0.238	0.0567	It was a good win for us.	It was a good win for us.	[]		nvidia/parakeet-tdt-0.6b-v3	cpu
torgo-M05-Session2-0115	M05	dysarthric	/Users/animesh/Animesh/Project 2.0/echora/data/raw/torgo/M/M05/Session2/wav_headMic/0115.wav	4.200	0.238	0.0567	three		[]		nvidia/parakeet-tdt-0.6b-v3	cpu
torgo-M03-Session2-0241	M03	dysarthric	/Users/animesh/Animesh/Project 2.0/echora/data/raw/torgo/M/M03/Session2/wav_headMic/0241.wav	4.205	0.238	0.0566	The humidity is overwhelming there.	The humidity is overwhelming there.	[]		nvidia/parakeet-tdt-0.6b-v3	cpu
torgo-M03-Session2-0221	M03	dysarthric	/Users/animesh/Animesh/Project 2.0/echora/data/raw/torgo/M/M03/Session2/wav_headMic/0221.wav	4.220	0.238	0.0564	Both figures would go higher in later years.	Both figures would go higher in later years.	[]		nvidia/parakeet-tdt-0.6b-v3	cpu
torgo-M02-Session1-0203	M02	dysarthric	/Users/animesh/Animesh/Project 2.0/echora/data/raw/torgo/M/M02/Session1/wav_headMic/0203.wav	4.221	0.238	0.0564	She is thinner than I am.	Сердне.	[]		nvidia/parakeet-tdt-0.6b-v3	cpu
torgo-F03-Session3-0127	F03	dysarthric	/Users/animesh/Animesh/Project 2.0/echora/data/raw/torgo/F/F03/Session3/wav_headMic/0127.wav	4.235	0.238	0.0562	We selected places where families will be welcome.	We selected places where families will be welcomed.	[]		nvidia/parakeet-tdt-0.6b-v3	cpu
torgo-M03-Session2-0404	M03	dysarthric	/Users/animesh/Animesh/Project 2.0/echora/data/raw/torgo/M/M03/Session2/wav_headMic/0404.wav	4.240	0.243	0.0573	The wait for work can be very long.	The wait for work can be very long.	[]		nvidia/parakeet-tdt-0.6b-v3	cpu
torgo-F03-Session2-0072	F03	dysarthric	/Users/animesh/Animesh/Project 2.0/echora/data/raw/torgo/F/F03/Session2/wav_headMic/0072.wav	4.245	0.243	0.0572	We rode horseback to the farm.	We roll horseback to the farm	[]		nvidia/parakeet-tdt-0.6b-v3	cpu
torgo-M03-Session2-0391	M03	dysarthric	/Users/animesh/Animesh/Project 2.0/echora/data/raw/torgo/M/M03/Session2/wav_headMic/0391.wav	4.245	0.243	0.0572	People who value themselves are life's winners.	People who value themselves are life's winners.	[]		nvidia/parakeet-tdt-0.6b-v3	cpu
torgo-F03-Session2-0095	F03	dysarthric	/Users/animesh/Animesh/Project 2.0/echora/data/raw/torgo/F/F03/Session2/wav_headMic/0095.wav	4.250	0.243	0.0572	leak	Блик.	[]		nvidia/parakeet-tdt-0.6b-v3	cpu
torgo-F04-Session2-0241	F04	dysarthric	/Users/animesh/Animesh/Project 2.0/echora/data/raw/torgo/F/F04/Session2/wav_headMic/0241.wav	4.250	0.243	0.0572	I'm willing to experiment for the first time.	I am willing to experiment for the first time.	[]		nvidia/parakeet-tdt-0.6b-v3	cpu
torgo-F04-Session2-0247	F04	dysarthric	/Users/animesh/Animesh/Project 2.0/echora/data/raw/torgo/F/F04/Session2/wav_headMic/0247.wav	4.250	0.243	0.0572	Please open the window quickly.	Please open the window quickly.	[]		nvidia/parakeet-tdt-0.6b-v3	cpu
torgo-M03-Session2-0115	M03	dysarthric	/Users/animesh/Animesh/Project 2.0/echora/data/raw/torgo/M/M03/Session2/wav_headMic/0115.wav	4.255	0.243	0.0571	A long, flowing beard clings to his chin,	A long, flowing beard clings to his chin.	[]		nvidia/parakeet-tdt-0.6b-v3	cpu
torgo-F03-Session2-0085	F03	dysarthric	/Users/animesh/Animesh/Project 2.0/echora/data/raw/torgo/F/F03/Session2/wav_headMic/0085.wav	4.260	0.243	0.0570	I expect we'll bounce back this week.	I expect we'll bounce back this week.	[]		nvidia/parakeet-tdt-0.6b-v3	cpu
torgo-F03-Session2-0147	F03	dysarthric	/Users/animesh/Animesh/Project 2.0/echora/data/raw/torgo/F/F03/Session2/wav_headMic/0147.wav	4.260	0.239	0.0561	The misguided souls have lost their way.	The misguided souls have lost their way.	[]		nvidia/parakeet-tdt-0.6b-v3	cpu
torgo-M02-Session2-0162	M02	dysarthric	/Users/animesh/Animesh/Project 2.0/echora/data/raw/torgo/M/M02/Session2/wav_headMic/0162.wav	4.260	0.239	0.0561	sergeant	Sergeant.	[]		nvidia/parakeet-tdt-0.6b-v3	cpu
torgo-F03-Session3-0030	F03	dysarthric	/Users/animesh/Animesh/Project 2.0/echora/data/raw/torgo/F/F03/Session3/wav_headMic/0030.wav	4.265	0.239	0.0560	I'm willing to experiment for the first time.	I'm willing to experiment for the first time.	[]		nvidia/parakeet-tdt-0.6b-v3	cpu
torgo-M02-Session2-0087	M02	dysarthric	/Users/animesh/Animesh/Project 2.0/echora/data/raw/torgo/M/M02/Session2/wav_headMic/0087.wav	4.265	0.239	0.0560	lip	Yeah.	[]		nvidia/parakeet-tdt-0.6b-v3	cpu
torgo-M01-Session1-0058	M01	dysarthric	/Users/animesh/Animesh/Project 2.0/echora/data/raw/torgo/M/M01/Session1/wav_headMic/0058.wav	4.290	0.239	0.0557	I can read	I can read.	[]		nvidia/parakeet-tdt-0.6b-v3	cpu
torgo-M05-Session1-0122	M05	dysarthric	/Users/animesh/Animesh/Project 2.0/echora/data/raw/torgo/M/M05/Session1/wav_headMic/0122.wav	4.300	0.239	0.0556	feed		[]		nvidia/parakeet-tdt-0.6b-v3	cpu
torgo-M05-Session2-0171	M05	dysarthric	/Users/animesh/Animesh/Project 2.0/echora/data/raw/torgo/M/M05/Session2/wav_headMic/0171.wav	4.300	0.239	0.0556	brawn	Бран.	[]		nvidia/parakeet-tdt-0.6b-v3	cpu
torgo-M05-Session1-0083	M05	dysarthric	/Users/animesh/Animesh/Project 2.0/echora/data/raw/torgo/M/M05/Session1/wav_headMic/0083.wav	4.305	0.239	0.0555	warm		[]		nvidia/parakeet-tdt-0.6b-v3	cpu
torgo-M01-Session2_3-0152	M01	dysarthric	/Users/animesh/Animesh/Project 2.0/echora/data/raw/torgo/M/M01/Session2_3/wav_headMic/0152.wav	4.311	0.250	0.0580	He will allow a rare lie.	You will allow a real lie.	[]		nvidia/parakeet-tdt-0.6b-v3	cpu
torgo-M03-Session2-0119	M03	dysarthric	/Users/animesh/Animesh/Project 2.0/echora/data/raw/torgo/M/M03/Session2/wav_headMic/0119.wav	4.315	0.250	0.0580	You'd be better off taking a cold shower.	You'd be better off taking a cold shower.	[]		nvidia/parakeet-tdt-0.6b-v3	cpu
torgo-F03-Session3-0048	F03	dysarthric	/Users/animesh/Animesh/Project 2.0/echora/data/raw/torgo/F/F03/Session3/wav_headMic/0048.wav	4.315	0.250	0.0580	In fact our whole defensive unit did a good job.	In fact, our whole defensive unit did a good job.	[]		nvidia/parakeet-tdt-0.6b-v3	cpu
torgo-F03-Session3-0023	F03	dysarthric	/Users/animesh/Animesh/Project 2.0/echora/data/raw/torgo/F/F03/Session3/wav_headMic/0023.wav	4.350	0.250	0.0575	She doesn't like to have it hanging around.	She doesn't like it to have it hanging around.	[]		nvidia/parakeet-tdt-0.6b-v3	cpu
torgo-M03-Session2-0135	M03	dysarthric	/Users/animesh/Animesh/Project 2.0/echora/data/raw/torgo/M/M03/Session2/wav_headMic/0135.wav	4.350	0.250	0.0575	Jane may earn more money by working hard.	Jane may earn more money by working hard.	[]		nvidia/parakeet-tdt-0.6b-v3	cpu
torgo-M03-Session2-0271	M03	dysarthric	/Users/animesh/Animesh/Project 2.0/echora/data/raw/torgo/M/M03/Session2/wav_headMic/0271.wav	4.350	0.250	0.0575	I expect we'll bounce back this week.	I expect we'll bounce back this week.	[]		nvidia/parakeet-tdt-0.6b-v3	cpu
torgo-M02-Session2-0236	M02	dysarthric	/Users/animesh/Animesh/Project 2.0/echora/data/raw/torgo/M/M02/Session2/wav_headMic/0236.wav	4.355	0.250	0.0574	chip	Yep.	[]		nvidia/parakeet-tdt-0.6b-v3	cpu
torgo-M05-Session2-0187	M05	dysarthric	/Users/animesh/Animesh/Project 2.0/echora/data/raw/torgo/M/M05/Session2/wav_headMic/0187.wav	4.370	0.250	0.0572	lima		[]		nvidia/parakeet-tdt-0.6b-v3	cpu
torgo-F04-Session2-0104	F04	dysarthric	/Users/animesh/Animesh/Project 2.0/echora/data/raw/torgo/F/F04/Session2/wav_headMic/0104.wav	4.375	0.244	0.0559	pit	Pit.	[]		nvidia/parakeet-tdt-0.6b-v3	cpu
torgo-M01-Session1-0027	M01	dysarthric	/Users/animesh/Animesh/Project 2.0/echora/data/raw/torgo/M/M01/Session1/wav_headMic/0027.wav	4.375	0.244	0.0559	I can read	I can read	[]		nvidia/parakeet-tdt-0.6b-v3	cpu
torgo-M03-Session2-0303	M03	dysarthric	/Users/animesh/Animesh/Project 2.0/echora/data/raw/torgo/M/M03/Session2/wav_headMic/0303.wav	4.380	0.244	0.0558	Day after day some new episode is reported.	Day after day, some new episode is reported.	[]		nvidia/parakeet-tdt-0.6b-v3	cpu
torgo-M03-Session2-0410	M03	dysarthric	/Users/animesh/Animesh/Project 2.0/echora/data/raw/torgo/M/M03/Session2/wav_headMic/0410.wav	4.420	0.244	0.0553	Beg that guard for one gallon of gas.	Beg that guard for one gallon of gas.	[]		nvidia/parakeet-tdt-0.6b-v3	cpu
torgo-M05-Session2-0266	M05	dysarthric	/Users/animesh/Animesh/Project 2.0/echora/data/raw/torgo/M/M05/Session2/wav_headMic/0266.wav	4.425	0.244	0.0552	reek		[]		nvidia/parakeet-tdt-0.6b-v3	cpu
torgo-F04-Session2-0220	F04	dysarthric	/Users/animesh/Animesh/Project 2.0/echora/data/raw/torgo/F/F04/Session2/wav_headMic/0220.wav	4.430	0.244	0.0552	The pair of shoes was new.	The pair of shoes was new.	[]		nvidia/parakeet-tdt-0.6b-v3	cpu
torgo-M03-Session2-0318	M03	dysarthric	/Users/animesh/Animesh/Project 2.0/echora/data/raw/torgo/M/M03/Session2/wav_headMic/0318.wav	4.430	0.244	0.0552	The box contained three sweaters.	The box contained three sweaters.	[]		nvidia/parakeet-tdt-0.6b-v3	cpu
torgo-F04-Session2-0088	F04	dysarthric	/Users/animesh/Animesh/Project 2.0/echora/data/raw/torgo/F/F04/Session2/wav_headMic/0088.wav	4.435	0.244	0.0551	Swing your arm as high as you can.	Swing your arms as high as you can.	[]		nvidia/parakeet-tdt-0.6b-v3	cpu
torgo-M04-Session2-0290	M04	dysarthric	/Users/animesh/Animesh/Project 2.0/echora/data/raw/torgo/M/M04/Session2/wav_headMic/0290.wav	4.435	0.243	0.0548	pitting		[]		nvidia/parakeet-tdt-0.6b-v3	cpu
torgo-M03-Session2-0250	M03	dysarthric	/Users/animesh/Animesh/Project 2.0/echora/data/raw/torgo/M/M03/Session2/wav_headMic/0250.wav	4.440	0.243	0.0547	Two other cases also were under advisement.	Two other cases also were under advisement.	[]		nvidia/parakeet-tdt-0.6b-v3	cpu
torgo-F03-Session2-0141	F03	dysarthric	/Users/animesh/Animesh/Project 2.0/echora/data/raw/torgo/F/F03/Session2/wav_headMic/0141.wav	4.445	0.243	0.0547	Before Thursday's exam, review every formula.	Before Thursday's exam review of the formula.	[]		nvidia/parakeet-tdt-0.6b-v3	cpu
torgo-F04-Session2-0019	F04	dysarthric	/Users/animesh/Animesh/Project 2.0/echora/data/raw/torgo/F/F04/Session2/wav_headMic/0019.wav	4.445	0.243	0.0547	I scrubbed the floors thoroughly.	I scrubbed the floors thoroughly.	[]		nvidia/parakeet-tdt-0.6b-v3	cpu
torgo-F03-Session3-0192	F03	dysarthric	/Users/animesh/Animesh/Project 2.0/echora/data/raw/torgo/F/F03/Session3/wav_headMic/0192.wav	4.450	0.243	0.0546	She wore warm, fleecy, woolen overalls.	Okay. She wore war fleecy wooden w overalls.	[]		nvidia/parakeet-tdt-0.6b-v3	cpu
torgo-F04-Session2-0032	F04	dysarthric	/Users/animesh/Animesh/Project 2.0/echora/data/raw/torgo/F/F04/Session2/wav_headMic/0032.wav	4.455	0.243	0.0545	She is thinner than I am.	She is thinner than I am.	[]		nvidia/parakeet-tdt-0.6b-v3	cpu
torgo-M03-Session2-0351	M03	dysarthric	/Users/animesh/Animesh/Project 2.0/echora/data/raw/torgo/M/M03/Session2/wav_headMic/0351.wav	4.455	0.243	0.0545	She wore warm, fleecy, woolen overalls.	She wore warm, fleecy woolen overalls.	[]		nvidia/parakeet-tdt-0.6b-v3	cpu
torgo-F04-Session2-0066	F04	dysarthric	/Users/animesh/Animesh/Project 2.0/echora/data/raw/torgo/F/F04/Session2/wav_headMic/0066.wav	4.460	0.243	0.0545	write	Right.	[]		nvidia/parakeet-tdt-0.6b-v3	cpu
torgo-F04-Session2-0126	F04	dysarthric	/Users/animesh/Animesh/Project 2.0/echora/data/raw/torgo/F/F04/Session2/wav_headMic/0126.wav	4.465	0.249	0.0557	This is a period of transition for me.	This is a period of transition for me.	[]		nvidia/parakeet-tdt-0.6b-v3	cpu
torgo-M01-Session2_3-0254	M01	dysarthric	/Users/animesh/Animesh/Project 2.0/echora/data/raw/torgo/M/M01/Session2_3/wav_headMic/0254.wav	4.469	0.249	0.0556	Students watched as he got out.	You didn't want any kind of	[]		nvidia/parakeet-tdt-0.6b-v3	cpu
torgo-M02-Session2-0230	M02	dysarthric	/Users/animesh/Animesh/Project 2.0/echora/data/raw/torgo/M/M02/Session2/wav_headMic/0230.wav	4.475	0.249	0.0555	xxx		[]		nvidia/parakeet-tdt-0.6b-v3	cpu
torgo-M01-Session2_3-0086	M01	dysarthric	/Users/animesh/Animesh/Project 2.0/echora/data/raw/torgo/M/M01/Session2_3/wav_headMic/0086.wav	4.477	0.249	0.0555	Just one side got wet.	Judgment right Godward.	[]		nvidia/parakeet-tdt-0.6b-v3	cpu
torgo-M02-Session1-0217	M02	dysarthric	/Users/animesh/Animesh/Project 2.0/echora/data/raw/torgo/M/M02/Session1/wav_headMic/0217.wav	4.481	0.249	0.0555	I was conscious all the time.	I was conscious all the time.	[]		nvidia/parakeet-tdt-0.6b-v3	cpu
torgo-M01-Session2_3-0096	M01	dysarthric	/Users/animesh/Animesh/Project 2.0/echora/data/raw/torgo/M/M01/Session2_3/wav_headMic/0096.wav	4.482	0.249	0.0554	I just try to do my best.	I should try to do my best.	[]		nvidia/parakeet-tdt-0.6b-v3	cpu
torgo-F03-Session3-0199	F03	dysarthric	/Users/animesh/Animesh/Project 2.0/echora/data/raw/torgo/F/F03/Session3/wav_headMic/0199.wav	4.485	0.249	0.0554	Help Greg to pick a peck of potatoes.	Help Greg to pick a pack of potatoes.	[]		nvidia/parakeet-tdt-0.6b-v3	cpu
torgo-M03-Session2-0415	M03	dysarthric	/Users/animesh/Animesh/Project 2.0/echora/data/raw/torgo/M/M03/Session2/wav_headMic/0415.wav	4.485	0.249	0.0554	Although always alone, we survive.	Although always alone, we survive.	[]		nvidia/parakeet-tdt-0.6b-v3	cpu
torgo-F03-Session3-0041	F03	dysarthric	/Users/animesh/Animesh/Project 2.0/echora/data/raw/torgo/F/F03/Session3/wav_headMic/0041.wav	4.490	0.242	0.0539	Most young rise early every morning.	Mouse Young rides early every morning.	[]		nvidia/parakeet-tdt-0.6b-v3	cpu
torgo-M02-Session1-0173	M02	dysarthric	/Users/animesh/Animesh/Project 2.0/echora/data/raw/torgo/M/M02/Session1/wav_headMic/0173.wav	4.500	0.242	0.0537	I feel I can play this weekend.	I feel I can play this weekend.	[]		nvidia/parakeet-tdt-0.6b-v3	cpu
torgo-F03-Session3-0036	F03	dysarthric	/Users/animesh/Animesh/Project 2.0/echora/data/raw/torgo/F/F03/Session3/wav_headMic/0036.wav	4.510	0.242	0.0536	bird	Bird.	[]		nvidia/parakeet-tdt-0.6b-v3	cpu
torgo-M03-Session2-0380	M03	dysarthric	/Users/animesh/Animesh/Project 2.0/echora/data/raw/torgo/M/M03/Session2/wav_headMic/0380.wav	4.510	0.242	0.0536	If you are losing water, replace it immediately.	If you are losing water, replace it immediately.	[]		nvidia/parakeet-tdt-0.6b-v3	cpu
torgo-M01-Session1-0065	M01	dysarthric	/Users/animesh/Animesh/Project 2.0/echora/data/raw/torgo/M/M01/Session1/wav_headMic/0065.wav	4.515	0.242	0.0536	two		[]		nvidia/parakeet-tdt-0.6b-v3	cpu
torgo-M04-Session2-0247	M04	dysarthric	/Users/animesh/Animesh/Project 2.0/echora/data/raw/torgo/M/M04/Session2/wav_headMic/0247.wav	4.515	0.242	0.0536	innocence	Hang you in.	[]		nvidia/parakeet-tdt-0.6b-v3	cpu
torgo-F04-Session2-0055	F04	dysarthric	/Users/animesh/Animesh/Project 2.0/echora/data/raw/torgo/F/F04/Session2/wav_headMic/0055.wav	4.515	0.242	0.0536	The humidity is overwhelming there.	The humidity is overwhelming there.	[]		nvidia/parakeet-tdt-0.6b-v3	cpu
torgo-F04-Session2-0193	F04	dysarthric	/Users/animesh/Animesh/Project 2.0/echora/data/raw/torgo/F/F04/Session2/wav_headMic/0193.wav	4.520	0.242	0.0535	A roll of wire lay near the wall.	A roll of wire lay near the wall.	[]		nvidia/parakeet-tdt-0.6b-v3	cpu
torgo-F03-Session3-0182	F03	dysarthric	/Users/animesh/Animesh/Project 2.0/echora/data/raw/torgo/F/F03/Session3/wav_headMic/0182.wav	4.535	0.247	0.0544	He played basketball there while working toward a law degree.	He played basketball there while working towards a law degree.	[]		nvidia/parakeet-tdt-0.6b-v3	cpu
torgo-F04-Session2-0108	F04	dysarthric	/Users/animesh/Animesh/Project 2.0/echora/data/raw/torgo/F/F04/Session2/wav_headMic/0108.wav	4.535	0.247	0.0544	Carl lives in a lovely home.	Carl lives in a lovely home.	[]		nvidia/parakeet-tdt-0.6b-v3	cpu
torgo-M04-Session2-0256	M04	dysarthric	/Users/animesh/Animesh/Project 2.0/echora/data/raw/torgo/M/M04/Session2/wav_headMic/0256.wav	4.535	0.247	0.0544	coupe		[]		nvidia/parakeet-tdt-0.6b-v3	cpu
torgo-F04-Session2-0013	F04	dysarthric	/Users/animesh/Animesh/Project 2.0/echora/data/raw/torgo/F/F04/Session2/wav_headMic/0013.wav	4.540	0.247	0.0544	All the big baseball players get traded.	All the big baseball players get traded.	[]		nvidia/parakeet-tdt-0.6b-v3	cpu
torgo-M01-Session1-0089	M01	dysarthric	/Users/animesh/Animesh/Project 2.0/echora/data/raw/torgo/M/M01/Session1/wav_headMic/0089.wav	4.545	0.247	0.0543	spark	Барк.	[]		nvidia/parakeet-tdt-0.6b-v3	cpu
torgo-M05-Session1-0046	M05	dysarthric	/Users/animesh/Animesh/Project 2.0/echora/data/raw/torgo/M/M05/Session1/wav_headMic/0046.wav	4.550	0.247	0.0543	rake		[]		nvidia/parakeet-tdt-0.6b-v3	cpu
torgo-M02-Session1-0208	M02	dysarthric	/Users/animesh/Animesh/Project 2.0/echora/data/raw/torgo/M/M02/Session1/wav_headMic/0208.wav	4.551	0.247	0.0542	Just one side got wet.	Just one shiker wet.	[]		nvidia/parakeet-tdt-0.6b-v3	cpu
torgo-M03-Session2-0065	M03	dysarthric	/Users/animesh/Animesh/Project 2.0/echora/data/raw/torgo/M/M03/Session2/wav_headMic/0065.wav	4.555	0.247	0.0542	yet he still thinks as swiftly as ever.	Yet he still thinks as swiftly as ever.	[]		nvidia/parakeet-tdt-0.6b-v3	cpu
torgo-M05-Session2-0324	M05	dysarthric	/Users/animesh/Animesh/Project 2.0/echora/data/raw/torgo/M/M05/Session2/wav_headMic/0324.wav	4.555	0.263	0.0578	wicker		[]		nvidia/parakeet-tdt-0.6b-v3	cpu
torgo-F03-Session3-0082	F03	dysarthric	/Users/animesh/Animesh/Project 2.0/echora/data/raw/torgo/F/F03/Session3/wav_headMic/0082.wav	4.565	0.263	0.0576	Those musicians harmonize marvelously.	Those musicians harmonise marvelously.	[]		nvidia/parakeet-tdt-0.6b-v3	cpu
torgo-F04-Session2-0028	F04	dysarthric	/Users/animesh/Animesh/Project 2.0/echora/data/raw/torgo/F/F04/Session2/wav_headMic/0028.wav	4.570	0.263	0.0576	I tried to tell people in the community.	I tried to tell people in the community.	[]		nvidia/parakeet-tdt-0.6b-v3	cpu
torgo-M02-Session2-0149	M02	dysarthric	/Users/animesh/Animesh/Project 2.0/echora/data/raw/torgo/M/M02/Session2/wav_headMic/0149.wav	4.575	0.263	0.0575	foxtrot	Flour. Oh.	[]		nvidia/parakeet-tdt-0.6b-v3	cpu
torgo-M03-Session2-0187	M03	dysarthric	/Users/animesh/Animesh/Project 2.0/echora/data/raw/torgo/M/M03/Session2/wav_headMic/0187.wav	4.575	0.263	0.0575	Everything went real smooth, the sheriff said.	Everything went real smooth, the sheriff said.	[]		nvidia/parakeet-tdt-0.6b-v3	cpu
torgo-M03-Session2-0300	M03	dysarthric	/Users/animesh/Animesh/Project 2.0/echora/data/raw/torgo/M/M03/Session2/wav_headMic/0300.wav	4.575	0.263	0.0575	The museum hires musicians every evening.	The museum hires musicians every evening.	[]		nvidia/parakeet-tdt-0.6b-v3	cpu
torgo-M03-Session2-0312	M03	dysarthric	/Users/animesh/Animesh/Project 2.0/echora/data/raw/torgo/M/M03/Session2/wav_headMic/0312.wav	4.580	0.263	0.0574	Night after night, they received annoying phone calls.	Night after night, they received annoying phone calls.	[]		nvidia/parakeet-tdt-0.6b-v3	cpu
torgo-F04-Session2-0139	F04	dysarthric	/Users/animesh/Animesh/Project 2.0/echora/data/raw/torgo/F/F04/Session2/wav_headMic/0139.wav	4.580	0.263	0.0574	cart		[]		nvidia/parakeet-tdt-0.6b-v3	cpu
torgo-F04-Session2-0163	F04	dysarthric	/Users/animesh/Animesh/Project 2.0/echora/data/raw/torgo/F/F04/Session2/wav_headMic/0163.wav	4.595	0.267	0.0581	eight		[]		nvidia/parakeet-tdt-0.6b-v3	cpu
torgo-M01-Session2_3-0222	M01	dysarthric	/Users/animesh/Animesh/Project 2.0/echora/data/raw/torgo/M/M01/Session2_3/wav_headMic/0222.wav	4.597	0.267	0.0581	I expect we'll bounce back this week.	I bank with your pound bike in the week.	[]		nvidia/parakeet-tdt-0.6b-v3	cpu
torgo-F03-Session2-0042	F03	dysarthric	/Users/animesh/Animesh/Project 2.0/echora/data/raw/torgo/F/F03/Session2/wav_headMic/0042.wav	4.600	0.267	0.0580	slip	Слэп	[]		nvidia/parakeet-tdt-0.6b-v3	cpu
torgo-M02-Session1-0210	M02	dysarthric	/Users/animesh/Animesh/Project 2.0/echora/data/raw/torgo/M/M02/Session1/wav_headMic/0210.wav	4.602	0.267	0.0580	You're used to being on the field.	We're used to being on the field.	[]		nvidia/parakeet-tdt-0.6b-v3	cpu
torgo-F04-Session2-0041	F04	dysarthric	/Users/animesh/Animesh/Project 2.0/echora/data/raw/torgo/F/F04/Session2/wav_headMic/0041.wav	4.610	0.267	0.0579	We gathered shells on the beach.	We gathered shells on the beach.	[]		nvidia/parakeet-tdt-0.6b-v3	cpu
torgo-M03-Session2-0107	M03	dysarthric	/Users/animesh/Animesh/Project 2.0/echora/data/raw/torgo/M/M03/Session2/wav_headMic/0107.wav	4.625	0.267	0.0577	The quick brown fox jumps over the lazy dog.	The quick brown fox jumps over the lazy dog.	[]		nvidia/parakeet-tdt-0.6b-v3	cpu
torgo-F04-Session2-0052	F04	dysarthric	/Users/animesh/Animesh/Project 2.0/echora/data/raw/torgo/F/F04/Session2/wav_headMic/0052.wav	4.635	0.267	0.0576	Their house is grey and white.	Their house is grey and white.	[]		nvidia/parakeet-tdt-0.6b-v3	cpu
torgo-F04-Session2-0200	F04	dysarthric	/Users/animesh/Animesh/Project 2.0/echora/data/raw/torgo/F/F04/Session2/wav_headMic/0200.wav	4.650	0.267	0.0574	He wrapped the package hastily.	He wrapped the package hastily.	[]		nvidia/parakeet-tdt-0.6b-v3	cpu
torgo-M03-Session2-0256	M03	dysarthric	/Users/animesh/Animesh/Project 2.0/echora/data/raw/torgo/M/M03/Session2/wav_headMic/0256.wav	4.665	0.248	0.0531	This is a period of transition for me.	This is a period of transition for me.	[]		nvidia/parakeet-tdt-0.6b-v3	cpu
torgo-F03-Session3-0025	F03	dysarthric	/Users/animesh/Animesh/Project 2.0/echora/data/raw/torgo/F/F03/Session3/wav_headMic/0025.wav	4.675	0.248	0.0530	White-capped waves covered the entire bay.	White capped waves cover the entire bay.	[]		nvidia/parakeet-tdt-0.6b-v3	cpu
torgo-M03-Session2-0014	M03	dysarthric	/Users/animesh/Animesh/Project 2.0/echora/data/raw/torgo/M/M03/Session2/wav_headMic/0014.wav	4.675	0.248	0.0530	Well, he is nearly ninety-three years old;	Well, he is nearly ninety three years old.	[]		nvidia/parakeet-tdt-0.6b-v3	cpu
torgo-M05-Session1-0119	M05	dysarthric	/Users/animesh/Animesh/Project 2.0/echora/data/raw/torgo/M/M05/Session1/wav_headMic/0119.wav	4.675	0.248	0.0530	grow		[]		nvidia/parakeet-tdt-0.6b-v3	cpu
torgo-F03-Session3-0119	F03	dysarthric	/Users/animesh/Animesh/Project 2.0/echora/data/raw/torgo/F/F03/Session3/wav_headMic/0119.wav	4.695	0.248	0.0527	He is definitely a notch above us.	He was definitely a notch above us.	[]		nvidia/parakeet-tdt-0.6b-v3	cpu
torgo-F04-Session2-0215	F04	dysarthric	/Users/animesh/Animesh/Project 2.0/echora/data/raw/torgo/F/F04/Session2/wav_headMic/0215.wav	4.705	0.248	0.0526	Each one volunteered to jump first.	Each one volunteered to jump first.	[]		nvidia/parakeet-tdt-0.6b-v3	cpu
torgo-F03-Session2-0146	F03	dysarthric	/Users/animesh/Animesh/Project 2.0/echora/data/raw/torgo/F/F03/Session2/wav_headMic/0146.wav	4.710	0.248	0.0526	foxtrot	Фокс.	[]		nvidia/parakeet-tdt-0.6b-v3	cpu
torgo-F04-Session2-0079	F04	dysarthric	/Users/animesh/Animesh/Project 2.0/echora/data/raw/torgo/F/F04/Session2/wav_headMic/0079.wav	4.715	0.248	0.0525	Alfalfa is healthy for you.	Alfalfa is healthy for you.	[]		nvidia/parakeet-tdt-0.6b-v3	cpu
torgo-M01-Session1-0038	M01	dysarthric	/Users/animesh/Animesh/Project 2.0/echora/data/raw/torgo/M/M01/Session1/wav_headMic/0038.wav	4.715	0.246	0.0521	rain		[]		nvidia/parakeet-tdt-0.6b-v3	cpu
torgo-F03-Session3-0084	F03	dysarthric	/Users/animesh/Animesh/Project 2.0/echora/data/raw/torgo/F/F03/Session3/wav_headMic/0084.wav	4.730	0.246	0.0520	There was only one decision to be made.	There was only one decision to be made.	[]		nvidia/parakeet-tdt-0.6b-v3	cpu
torgo-F04-Session2-0140	F04	dysarthric	/Users/animesh/Animesh/Project 2.0/echora/data/raw/torgo/F/F04/Session2/wav_headMic/0140.wav	4.730	0.246	0.0520	The box contained three sweaters.	The box contained three sweaters.	[]		nvidia/parakeet-tdt-0.6b-v3	cpu
torgo-M03-Session2-0278	M03	dysarthric	/Users/animesh/Animesh/Project 2.0/echora/data/raw/torgo/M/M03/Session2/wav_headMic/0278.wav	4.745	0.246	0.0518	Alimony harms a divorced man's wealth.	Alimony harms a divorced man's wealth.	[]		nvidia/parakeet-tdt-0.6b-v3	cpu
torgo-F04-Session2-0207	F04	dysarthric	/Users/animesh/Animesh/Project 2.0/echora/data/raw/torgo/F/F04/Session2/wav_headMic/0207.wav	4.750	0.246	0.0517	Did dad do academic bidding?	Did Dad do academic bidding?	[]		nvidia/parakeet-tdt-0.6b-v3	cpu
torgo-F04-Session2-0004	F04	dysarthric	/Users/animesh/Animesh/Project 2.0/echora/data/raw/torgo/F/F04/Session2/wav_headMic/0004.wav	4.760	0.246	0.0516	Will Robin wear a yellow lily?	Will Robin wear a yellow lily?	[]		nvidia/parakeet-tdt-0.6b-v3	cpu
torgo-F03-Session2-0058	F03	dysarthric	/Users/animesh/Animesh/Project 2.0/echora/data/raw/torgo/F/F03/Session2/wav_headMic/0058.wav	4.765	0.246	0.0516	If you are losing water, replace it immediately.	If you're losing water, replace it immediately.	[]		nvidia/parakeet-tdt-0.6b-v3	cpu
torgo-F04-Session2-0049	F04	dysarthric	/Users/animesh/Animesh/Project 2.0/echora/data/raw/torgo/F/F04/Session2/wav_headMic/0049.wav	4.765	0.246	0.0516	sigh		[]		nvidia/parakeet-tdt-0.6b-v3	cpu
torgo-M03-Session2-0151	M03	dysarthric	/Users/animesh/Animesh/Project 2.0/echora/data/raw/torgo/M/M03/Session2/wav_headMic/0151.wav	4.790	0.247	0.0517	Are your grades higher or lower than Nancy's?	Are your grades higher or lower than Nancy's?	[]		nvidia/parakeet-tdt-0.6b-v3	cpu
torgo-M03-Session2-0098	M03	dysarthric	/Users/animesh/Animesh/Project 2.0/echora/data/raw/torgo/M/M03/Session2/wav_headMic/0098.wav	4.795	0.247	0.0516	We have often urged him to walk more and smoke less,	We have often urged him to walk more and smoke less.	[]		nvidia/parakeet-tdt-0.6b-v3	cpu
torgo-M04-Session2-0175	M04	dysarthric	/Users/animesh/Animesh/Project 2.0/echora/data/raw/torgo/M/M04/Session2/wav_headMic/0175.wav	4.795	0.247	0.0516	explore		[]		nvidia/parakeet-tdt-0.6b-v3	cpu
torgo-F03-Session2-0092	F03	dysarthric	/Users/animesh/Animesh/Project 2.0/echora/data/raw/torgo/F/F03/Session2/wav_headMic/0092.wav	4.800	0.247	0.0516	The box contained three sweaters.	The box contained three sweaters.	[]		nvidia/parakeet-tdt-0.6b-v3	cpu
torgo-M05-Session2-0190	M05	dysarthric	/Users/animesh/Animesh/Project 2.0/echora/data/raw/torgo/M/M05/Session2/wav_headMic/0190.wav	4.810	0.247	0.0514	juliet	Дует.	[]		nvidia/parakeet-tdt-0.6b-v3	cpu
torgo-F03-Session2-0160	F03	dysarthric	/Users/animesh/Animesh/Project 2.0/echora/data/raw/torgo/F/F03/Session2/wav_headMic/0160.wav	4.815	0.247	0.0514	This is not a program of socialized medicine.	This is not a programme of socialised medicine.	[]		nvidia/parakeet-tdt-0.6b-v3	cpu
torgo-F04-Session2-0085	F04	dysarthric	/Users/animesh/Animesh/Project 2.0/echora/data/raw/torgo/F/F04/Session2/wav_headMic/0085.wav	4.815	0.247	0.0514	If you are losing water, replace it immediately.	If you are losing water, replace it immediately.	[]		nvidia/parakeet-tdt-0.6b-v3	cpu
torgo-M03-Session2-0155	M03	dysarthric	/Users/animesh/Animesh/Project 2.0/echora/data/raw/torgo/M/M03/Session2/wav_headMic/0155.wav	4.815	0.247	0.0514	You're used to being on the field.	You're used to being on the field.	[]		nvidia/parakeet-tdt-0.6b-v3	cpu
torgo-M03-Session2-0218	M03	dysarthric	/Users/animesh/Animesh/Project 2.0/echora/data/raw/torgo/M/M03/Session2/wav_headMic/0218.wav	4.815	0.281	0.0583	I tried to tell people in the community.	I tried to tell people in the community.	[]		nvidia/parakeet-tdt-0.6b-v3	cpu
torgo-F04-Session2-0042	F04	dysarthric	/Users/animesh/Animesh/Project 2.0/echora/data/raw/torgo/F/F04/Session2/wav_headMic/0042.wav	4.820	0.281	0.0583	I feel I can play this weekend.	Oh, I feel I can play this weekend.	[]		nvidia/parakeet-tdt-0.6b-v3	cpu
torgo-M05-Session2-0113	M05	dysarthric	/Users/animesh/Animesh/Project 2.0/echora/data/raw/torgo/M/M05/Session2/wav_headMic/0113.wav	4.820	0.281	0.0583	were		[]		nvidia/parakeet-tdt-0.6b-v3	cpu
torgo-M01-Session2_3-0103	M01	dysarthric	/Users/animesh/Animesh/Project 2.0/echora/data/raw/torgo/M/M01/Session2_3/wav_headMic/0103.wav	4.840	0.281	0.0580	Their house is grey and white.	They're out in gray and white.	[]		nvidia/parakeet-tdt-0.6b-v3	cpu
torgo-M01-Session1-0028	M01	dysarthric	/Users/animesh/Animesh/Project 2.0/echora/data/raw/torgo/M/M01/Session1/wav_headMic/0028.wav	4.850	0.281	0.0579	jacket	Джаггит.	[]		nvidia/parakeet-tdt-0.6b-v3	cpu
torgo-M01-Session2_3-0187	M01	dysarthric	/Users/animesh/Animesh/Project 2.0/echora/data/raw/torgo/M/M01/Session2_3/wav_headMic/0187.wav	4.864	0.281	0.0577	There is a treehouse up above.	There is a tree out a pupper.	[]		nvidia/parakeet-tdt-0.6b-v3	cpu
torgo-M01-Session1-0061	M01	dysarthric	/Users/animesh/Animesh/Project 2.0/echora/data/raw/torgo/M/M01/Session1/wav_headMic/0061.wav	4.880	0.281	0.0575	farm	Five	[]		nvidia/parakeet-tdt-0.6b-v3	cpu
torgo-M05-Session2-0315	M05	dysarthric	/Users/animesh/Animesh/Project 2.0/echora/data/raw/torgo/M/M05/Session2/wav_headMic/0315.wav	4.880	0.281	0.0575	tread		[]		nvidia/parakeet-tdt-0.6b-v3	cpu
torgo-F03-Session3-0001	F03	dysarthric	/Users/animesh/Animesh/Project 2.0/echora/data/raw/torgo/F/F03/Session3/wav_headMic/0001.wav	4.895	0.291	0.0594	Trespassers can be prosecuted and fined.	Trespassers can be prosecuted and fined.	[]		nvidia/parakeet-tdt-0.6b-v3	cpu
torgo-F03-Session2-0033	F03	dysarthric	/Users/animesh/Animesh/Project 2.0/echora/data/raw/torgo/F/F03/Session2/wav_headMic/0033.wav	4.915	0.291	0.0592	Two other cases were also under advisement.	Two other cases were also under advisement.	[]		nvidia/parakeet-tdt-0.6b-v3	cpu
torgo-M01-Session2_3-0262	M01	dysarthric	/Users/animesh/Animesh/Project 2.0/echora/data/raw/torgo/M/M01/Session2_3/wav_headMic/0262.wav	4.922	0.291	0.0591	Carl lives in a lively home.	Caroline in the label.	[]		nvidia/parakeet-tdt-0.6b-v3	cpu
torgo-M02-Session1-0184	M02	dysarthric	/Users/animesh/Animesh/Project 2.0/echora/data/raw/torgo/M/M02/Session1/wav_headMic/0184.wav	4.933	0.291	0.0590	We gathered shells on the beach.	Forget the jails on the beach.	[]		nvidia/parakeet-tdt-0.6b-v3	cpu
torgo-F04-Session2-0099	F04	dysarthric	/Users/animesh/Animesh/Project 2.0/echora/data/raw/torgo/F/F04/Session2/wav_headMic/0099.wav	4.945	0.291	0.0588	dark	Dark.	[]		nvidia/parakeet-tdt-0.6b-v3	cpu
torgo-M03-Session2-0219	M03	dysarthric	/Users/animesh/Animesh/Project 2.0/echora/data/raw/torgo/M/M03/Session2/wav_headMic/0219.wav	4.950	0.291	0.0588	Will Robin wear a yellow lily?	Will Robin wear a yellow lily?	[]		nvidia/parakeet-tdt-0.6b-v3	cpu
torgo-M01-Session2_3-0029	M01	dysarthric	/Users/animesh/Animesh/Project 2.0/echora/data/raw/torgo/M/M01/Session2_3/wav_headMic/0029.wav	4.951	0.291	0.0587	I was conscious all the time.	I was cranted all the time.	[]		nvidia/parakeet-tdt-0.6b-v3	cpu
torgo-M01-Session2_3-0035	M01	dysarthric	/Users/animesh/Animesh/Project 2.0/echora/data/raw/torgo/M/M01/Session2_3/wav_headMic/0035.wav	4.951	0.291	0.0587	Where were you while we were away?	Where were you while we were?	[]		nvidia/parakeet-tdt-0.6b-v3	cpu
torgo-M05-Session1-0115	M05	dysarthric	/Users/animesh/Animesh/Project 2.0/echora/data/raw/torgo/M/M05/Session1/wav_headMic/0115.wav	4.955	0.283	0.0572	beat		[]		nvidia/parakeet-tdt-0.6b-v3	cpu
torgo-F04-Session2-0127	F04	dysarthric	/Users/animesh/Animesh/Project 2.0/echora/data/raw/torgo/F/F04/Session2/wav_headMic/0127.wav	4.970	0.283	0.0570	There is a treehouse up above.	There is a tree house up above.	[]		nvidia/parakeet-tdt-0.6b-v3	cpu
torgo-M01-Session2_3-0166	M01	dysarthric	/Users/animesh/Animesh/Project 2.0/echora/data/raw/torgo/M/M01/Session2_3/wav_headMic/0166.wav	4.973	0.283	0.0569	The little schoolhouse stood empty.	Then they don't go out to it empty.	[]		nvidia/parakeet-tdt-0.6b-v3	cpu
torgo-M03-Session2-0368	M03	dysarthric	/Users/animesh/Animesh/Project 2.0/echora/data/raw/torgo/M/M03/Session2/wav_headMic/0368.wav	4.975	0.283	0.0569	Aluminum silverware can often be flimsy.	Aluminum silverware can often be flimsy.	[]		nvidia/parakeet-tdt-0.6b-v3	cpu
torgo-M01-Session2_3-0145	M01	dysarthric	/Users/animesh/Animesh/Project 2.0/echora/data/raw/torgo/M/M01/Session2_3/wav_headMic/0145.wav	4.980	0.283	0.0569	You're used to being on the field.	You do being on the field.	[]		nvidia/parakeet-tdt-0.6b-v3	cpu
torgo-M02-Session1-0174	M02	dysarthric	/Users/animesh/Animesh/Project 2.0/echora/data/raw/torgo/M/M02/Session1/wav_headMic/0174.wav	4.984	0.283	0.0568	They carried me off on the stretcher.	They gave me up on the stretcher.	[]		nvidia/parakeet-tdt-0.6b-v3	cpu
torgo-M03-Session2-0128	M03	dysarthric	/Users/animesh/Animesh/Project 2.0/echora/data/raw/torgo/M/M03/Session2/wav_headMic/0128.wav	4.995	0.283	0.0567	One validated acts of school districts.	One validated acts of school districts.	[]		nvidia/parakeet-tdt-0.6b-v3	cpu
torgo-M03-Session2-0277	M03	dysarthric	/Users/animesh/Animesh/Project 2.0/echora/data/raw/torgo/M/M03/Session2/wav_headMic/0277.wav	5.020	0.283	0.0564	This is not a program of socialized medicine.	This is not a programme of socialised medicine.	[]		nvidia/parakeet-tdt-0.6b-v3	cpu
torgo-F03-Session2-0044	F03	dysarthric	/Users/animesh/Animesh/Project 2.0/echora/data/raw/torgo/F/F03/Session2/wav_headMic/0044.wav	5.030	0.294	0.0584	near	Near.	[]		nvidia/parakeet-tdt-0.6b-v3	cpu
torgo-M01-Session2_3-0255	M01	dysarthric	/Users/animesh/Animesh/Project 2.0/echora/data/raw/torgo/M/M01/Session2_3/wav_headMic/0255.wav	5.030	0.294	0.0584	A roll of wire lay near the wall.	A row of fire lay near the wall.	[]		nvidia/parakeet-tdt-0.6b-v3	cpu
torgo-M02-Session1-0185	M02	dysarthric	/Users/animesh/Animesh/Project 2.0/echora/data/raw/torgo/M/M02/Session1/wav_headMic/0185.wav	5.034	0.294	0.0583	He will allow a rare lie.	He were of thou a real lie.	[]		nvidia/parakeet-tdt-0.6b-v3	cpu
torgo-M01-Session2_3-0271	M01	dysarthric	/Users/animesh/Animesh/Project 2.0/echora/data/raw/torgo/M/M01/Session2_3/wav_headMic/0271.wav	5.040	0.294	0.0583	He wrapped the package hastily.	Ира Добри.	[]		nvidia/parakeet-tdt-0.6b-v3	cpu
torgo-M02-Session1-0035	M02	dysarthric	/Users/animesh/Animesh/Project 2.0/echora/data/raw/torgo/M/M02/Session1/wav_headMic/0035.wav	5.050	0.294	0.0582	I can	This was no I can	[]		nvidia/parakeet-tdt-0.6b-v3	cpu
torgo-M03-Session2-0184	M03	dysarthric	/Users/animesh/Animesh/Project 2.0/echora/data/raw/torgo/M/M03/Session2/wav_headMic/0184.wav	5.055	0.294	0.0581	The train approached the depot slowly.	The train approached the depot slowly.	[]		nvidia/parakeet-tdt-0.6b-v3	cpu
torgo-F04-Session2-0002	F04	dysarthric	/Users/animesh/Animesh/Project 2.0/echora/data/raw/torgo/F/F04/Session2/wav_headMic/0002.wav	5.070	0.294	0.0579	I looked up and noticed two old men.	I looked up and noticed two old men.	[]		nvidia/parakeet-tdt-0.6b-v3	cpu
torgo-F04-Session2-0248	F04	dysarthric	/Users/animesh/Animesh/Project 2.0/echora/data/raw/torgo/F/F04/Session2/wav_headMic/0248.wav	5.070	0.294	0.0579	He is definitely a notch above us.	He is definitely a notch above us.	[]		nvidia/parakeet-tdt-0.6b-v3	cpu
torgo-M01-Session2_3-0242	M01	dysarthric	/Users/animesh/Animesh/Project 2.0/echora/data/raw/torgo/M/M01/Session2_3/wav_headMic/0242.wav	5.083	0.255	0.0501	I have had my bell rung.	I have heard my power run.	[]		nvidia/parakeet-tdt-0.6b-v3	cpu
torgo-F04-Session2-0138	F04	dysarthric	/Users/animesh/Animesh/Project 2.0/echora/data/raw/torgo/F/F04/Session2/wav_headMic/0138.wav	5.085	0.255	0.0501	hotel	Хотел.	[]		nvidia/parakeet-tdt-0.6b-v3	cpu
torgo-F03-Session2-0122	F03	dysarthric	/Users/animesh/Animesh/Project 2.0/echora/data/raw/torgo/F/F03/Session2/wav_headMic/0122.wav	5.090	0.255	0.0500	I have had my bell rung.	I I I have had my bell rung.	[]		nvidia/parakeet-tdt-0.6b-v3	cpu
torgo-M02-Session1-0126	M02	dysarthric	/Users/animesh/Animesh/Project 2.0/echora/data/raw/torgo/M/M02/Session1/wav_headMic/0126.wav	5.107	0.255	0.0499	I just try to do my best.	I just try to do my best.	[]		nvidia/parakeet-tdt-0.6b-v3	cpu
torgo-F03-Session2-0123	F03	dysarthric	/Users/animesh/Animesh/Project 2.0/echora/data/raw/torgo/F/F03/Session2/wav_headMic/0123.wav	5.120	0.255	0.0497	spit	Сплэт.	[]		nvidia/parakeet-tdt-0.6b-v3	cpu
torgo-F04-Session2-0218	F04	dysarthric	/Users/animesh/Animesh/Project 2.0/echora/data/raw/torgo/F/F04/Session2/wav_headMic/0218.wav	5.135	0.255	0.0496	tin	Tin.	[]		nvidia/parakeet-tdt-0.6b-v3	cpu
torgo-F03-Session3-0123	F03	dysarthric	/Users/animesh/Animesh/Project 2.0/echora/data/raw/torgo/F/F03/Session3/wav_headMic/0123.wav	5.140	0.255	0.0495	Nobody really expects to evacuate.	Nobody really expects to evacuate.	[]		nvidia/parakeet-tdt-0.6b-v3	cpu
torgo-M03-Session2-0045	M03	dysarthric	/Users/animesh/Animesh/Project 2.0/echora/data/raw/torgo/M/M03/Session2/wav_headMic/0045.wav	5.140	0.255	0.0495	She had your dark suit in greasy wash water all year.	She had your dark suit in greasy washwater all year.	[]		nvidia/parakeet-tdt-0.6b-v3	cpu
torgo-M02-Session1-0236	M02	dysarthric	/Users/animesh/Animesh/Project 2.0/echora/data/raw/torgo/M/M02/Session1/wav_headMic/0236.wav	5.143	0.260	0.0505	I scrubbed the floors thoroughly.	Отскумство.	[]		nvidia/parakeet-tdt-0.6b-v3	cpu
torgo-F04-Session2-0148	F04	dysarthric	/Users/animesh/Animesh/Project 2.0/echora/data/raw/torgo/F/F04/Session2/wav_headMic/0148.wav	5.150	0.260	0.0505	The little schoolhouse stood empty.	The little schoolhouse stood empty.	[]		nvidia/parakeet-tdt-0.6b-v3	cpu
torgo-M05-Session2-0389	M05	dysarthric	/Users/animesh/Animesh/Project 2.0/echora/data/raw/torgo/M/M05/Session2/wav_headMic/0389.wav	5.165	0.260	0.0503	The hotel man	За Хотелме.	[]		nvidia/parakeet-tdt-0.6b-v3	cpu
torgo-F04-Session2-0149	F04	dysarthric	/Users/animesh/Animesh/Project 2.0/echora/data/raw/torgo/F/F04/Session2/wav_headMic/0149.wav	5.180	0.260	0.0502	Students watched as he got out.	Students watched as he got out.	[]		nvidia/parakeet-tdt-0.6b-v3	cpu
torgo-M02-Session1-0215	M02	dysarthric	/Users/animesh/Animesh/Project 2.0/echora/data/raw/torgo/M/M02/Session1/wav_headMic/0215.wav	5.187	0.260	0.0501	I looked up and noticed two old men.	I learned that I know this to open.	[]		nvidia/parakeet-tdt-0.6b-v3	cpu
torgo-M03-Session2-0002	M03	dysarthric	/Users/animesh/Animesh/Project 2.0/echora/data/raw/torgo/M/M03/Session2/wav_headMic/0002.wav	5.195	0.260	0.0500	now	No.	[]		nvidia/parakeet-tdt-0.6b-v3	cpu
torgo-M04-Session2-0269	M04	dysarthric	/Users/animesh/Animesh/Project 2.0/echora/data/raw/torgo/M/M04/Session2/wav_headMic/0269.wav	5.205	0.260	0.0499	thigh	Sorry.	[]		nvidia/parakeet-tdt-0.6b-v3	cpu
torgo-F03-Session2-0087	F03	dysarthric	/Users/animesh/Animesh/Project 2.0/echora/data/raw/torgo/F/F03/Session2/wav_headMic/0087.wav	5.225	0.260	0.0497	Both injuries were to the same leg.	Both injuries were to the same leg.	[]		nvidia/parakeet-tdt-0.6b-v3	cpu
torgo-M02-Session1-0103	M02	dysarthric	/Users/animesh/Animesh/Project 2.0/echora/data/raw/torgo/M/M02/Session1/wav_headMic/0103.wav	5.247	0.264	0.0504	I can read	I can read.	[]		nvidia/parakeet-tdt-0.6b-v3	cpu
torgo-F04-Session2-0083	F04	dysarthric	/Users/animesh/Animesh/Project 2.0/echora/data/raw/torgo/F/F04/Session2/wav_headMic/0083.wav	5.250	0.264	0.0503	The misguided souls have lost their way.	The misguided souls have lost their way.	[]		nvidia/parakeet-tdt-0.6b-v3	cpu
torgo-M04-Session2-0064	M04	dysarthric	/Users/animesh/Animesh/Project 2.0/echora/data/raw/torgo/M/M04/Session2/wav_headMic/0064.wav	5.250	0.264	0.0503	tear up that paper		[]		nvidia/parakeet-tdt-0.6b-v3	cpu
torgo-F03-Session2-0099	F03	dysarthric	/Users/animesh/Animesh/Project 2.0/echora/data/raw/torgo/F/F03/Session2/wav_headMic/0099.wav	5.255	0.264	0.0503	A roll of wire lay near the wall.	Ревайер Лей незума.	[]		nvidia/parakeet-tdt-0.6b-v3	cpu
torgo-F03-Session2-0080	F03	dysarthric	/Users/animesh/Animesh/Project 2.0/echora/data/raw/torgo/F/F03/Session2/wav_headMic/0080.wav	5.270	0.264	0.0501	The little schoolhouse stood empty.	The little schoolhouse stood empty.	[]		nvidia/parakeet-tdt-0.6b-v3	cpu
torgo-M05-Session2-0166	M05	dysarthric	/Users/animesh/Animesh/Project 2.0/echora/data/raw/torgo/M/M05/Session2/wav_headMic/0166.wav	5.270	0.264	0.0501	foxtrot	Факт.	[]		nvidia/parakeet-tdt-0.6b-v3	cpu
torgo-M01-Session1-0023	M01	dysarthric	/Users/animesh/Animesh/Project 2.0/echora/data/raw/torgo/M/M01/Session1/wav_headMic/0023.wav	5.295	0.264	0.0499	I will lead you	I wear you.	[]		nvidia/parakeet-tdt-0.6b-v3	cpu
torgo-M01-Session2_3-0268	M01	dysarthric	/Users/animesh/Animesh/Project 2.0/echora/data/raw/torgo/M/M01/Session2_3/wav_headMic/0268.wav	5.301	0.264	0.0498	It was a good win for us.	It was a good win um for us.	[]		nvidia/parakeet-tdt-0.6b-v3	cpu
torgo-M01-Session2_3-0115	M01	dysarthric	/Users/animesh/Animesh/Project 2.0/echora/data/raw/torgo/M/M01/Session2_3/wav_headMic/0115.wav	5.349	0.260	0.0487	Will Robin wear a yellow lily?	We robin wear a yellow lady.	[]		nvidia/parakeet-tdt-0.6b-v3	cpu
torgo-F04-Session2-0120	F04	dysarthric	/Users/animesh/Animesh/Project 2.0/echora/data/raw/torgo/F/F04/Session2/wav_headMic/0120.wav	5.350	0.260	0.0487	Aluminum silverware can often be flimsy.	Aluminum silverware can often be flimsy.	[]		nvidia/parakeet-tdt-0.6b-v3	cpu
torgo-M03-Session2-0118	M03	dysarthric	/Users/animesh/Animesh/Project 2.0/echora/data/raw/torgo/M/M03/Session2/wav_headMic/0118.wav	5.370	0.260	0.0485	giving those who observe him a pronounced feeling of the utmost respect.	Giving those who observe him a pronounced feeling of the utmost respect.	[]		nvidia/parakeet-tdt-0.6b-v3	cpu
torgo-M03-Session2-0086	M03	dysarthric	/Users/animesh/Animesh/Project 2.0/echora/data/raw/torgo/M/M03/Session2/wav_headMic/0086.wav	5.370	0.260	0.0485	fee	Fee. Fee.	[]		nvidia/parakeet-tdt-0.6b-v3	cpu
torgo-F03-Session3-0191	F03	dysarthric	/Users/animesh/Animesh/Project 2.0/echora/data/raw/torgo/F/F03/Session3/wav_headMic/0191.wav	5.385	0.260	0.0484	She wore wore fleecy over wooden wool oh	She wore wore fleecey over wooden over.	[]		nvidia/parakeet-tdt-0.6b-v3	cpu
torgo-F04-Session2-0204	F04	dysarthric	/Users/animesh/Animesh/Project 2.0/echora/data/raw/torgo/F/F04/Session2/wav_headMic/0204.wav	5.390	0.260	0.0483	juliet	Juliet.	[]		nvidia/parakeet-tdt-0.6b-v3	cpu
torgo-M01-Session2_3-0227	M01	dysarthric	/Users/animesh/Animesh/Project 2.0/echora/data/raw/torgo/M/M01/Session2_3/wav_headMic/0227.wav	5.394	0.260	0.0483	The box contained three sweaters.	The park contained three sweaters.	[]		nvidia/parakeet-tdt-0.6b-v3	cpu
torgo-F03-Session3-0135	F03	dysarthric	/Users/animesh/Animesh/Project 2.0/echora/data/raw/torgo/F/F03/Session3/wav_headMic/0135.wav	5.415	0.260	0.0481	Etiquette mandates compliance with existing regulations.	Adequate mandates compliance with existing regulations.	[]		nvidia/parakeet-tdt-0.6b-v3	cpu
torgo-M01-Session2_3-0239	M01	dysarthric	/Users/animesh/Animesh/Project 2.0/echora/data/raw/torgo/M/M01/Session2_3/wav_headMic/0239.wav	5.418	0.262	0.0483	Alfalfa is healthy for you.	A Vom is al easy for you.	[]		nvidia/parakeet-tdt-0.6b-v3	cpu
torgo-M05-Session2-0390	M05	dysarthric	/Users/animesh/Animesh/Project 2.0/echora/data/raw/torgo/M/M05/Session2/wav_headMic/0390.wav	5.435	0.262	0.0482	The hotel owner shrugged.	The hotel уничтожить.	[]		nvidia/parakeet-tdt-0.6b-v3	cpu
torgo-M05-Session2-0393	M05	dysarthric	/Users/animesh/Animesh/Project 2.0/echora/data/raw/torgo/M/M05/Session2/wav_headMic/0393.wav	5.440	0.262	0.0481	the pair of shoes was new	Заперщу з уню.	[]		nvidia/parakeet-tdt-0.6b-v3	cpu
torgo-F04-Session2-0128	F04	dysarthric	/Users/animesh/Animesh/Project 2.0/echora/data/raw/torgo/F/F04/Session2/wav_headMic/0128.wav	5.460	0.262	0.0479	The dolphins swam around our boat.	The dolphins swarm around our boats.	[]		nvidia/parakeet-tdt-0.6b-v3	cpu
torgo-M01-Session2_3-0076	M01	dysarthric	/Users/animesh/Animesh/Project 2.0/echora/data/raw/torgo/M/M01/Session2_3/wav_headMic/0076.wav	5.474	0.262	0.0478	The humidity is overwhelming there.	The humanity is overwhelming there.	[]		nvidia/parakeet-tdt-0.6b-v3	cpu
torgo-M01-Session2_3-0061	M01	dysarthric	/Users/animesh/Animesh/Project 2.0/echora/data/raw/torgo/M/M01/Session2_3/wav_headMic/0061.wav	5.475	0.262	0.0478	I feel I can play this weekend.	I feel I can take it working.	[]		nvidia/parakeet-tdt-0.6b-v3	cpu
torgo-F03-Session2-0043	F03	dysarthric	/Users/animesh/Animesh/Project 2.0/echora/data/raw/torgo/F/F03/Session2/wav_headMic/0043.wav	5.480	0.262	0.0478	I tried to tell people in the community.	I try to tell people in the community.	[]		nvidia/parakeet-tdt-0.6b-v3	cpu
torgo-M02-Session1-0176	M02	dysarthric	/Users/animesh/Animesh/Project 2.0/echora/data/raw/torgo/M/M02/Session1/wav_headMic/0176.wav	5.518	0.262	0.0474	Will Robin wear a yellow lily?	Мы вравне.	[]		nvidia/parakeet-tdt-0.6b-v3	cpu
torgo-F03-Session3-0029	F03	dysarthric	/Users/animesh/Animesh/Project 2.0/echora/data/raw/torgo/F/F03/Session3/wav_headMic/0029.wav	5.520	0.262	0.0474	xxx		[]		nvidia/parakeet-tdt-0.6b-v3	cpu
torgo-M03-Session2-0100	M03	dysarthric	/Users/animesh/Animesh/Project 2.0/echora/data/raw/torgo/M/M03/Session2/wav_headMic/0100.wav	5.520	0.262	0.0474	he dresses himself in an ancient black frock coat,	He dresses himself in an ancient black frock coat.	[]		nvidia/parakeet-tdt-0.6b-v3	cpu
torgo-M03-Session2-0222	M03	dysarthric	/Users/animesh/Animesh/Project 2.0/echora/data/raw/torgo/M/M03/Session2/wav_headMic/0222.wav	5.535	0.262	0.0473	Nothing is as offensive as innocence.	Nothing is as offensive as innocence.	[]		nvidia/parakeet-tdt-0.6b-v3	cpu
torgo-M02-Session1-0067	M02	dysarthric	/Users/animesh/Animesh/Project 2.0/echora/data/raw/torgo/M/M02/Session1/wav_headMic/0067.wav	5.539	0.262	0.0472	usually minus several buttons;	You ring behind the separate buttons.	[]		nvidia/parakeet-tdt-0.6b-v3	cpu
torgo-F04-Session2-0047	F04	dysarthric	/Users/animesh/Animesh/Project 2.0/echora/data/raw/torgo/F/F04/Session2/wav_headMic/0047.wav	5.540	0.262	0.0472	Everything went real smooth, the sheriff said.	Everything went real smooth, the sheriff said.	[]		nvidia/parakeet-tdt-0.6b-v3	cpu
torgo-M02-Session1-0196	M02	dysarthric	/Users/animesh/Animesh/Project 2.0/echora/data/raw/torgo/M/M02/Session1/wav_headMic/0196.wav	5.543	0.262	0.0472	Their house is grey and white.	The house is grey and white.	[]		nvidia/parakeet-tdt-0.6b-v3	cpu
torgo-F04-Session2-0101	F04	dysarthric	/Users/animesh/Animesh/Project 2.0/echora/data/raw/torgo/F/F04/Session2/wav_headMic/0101.wav	5.550	0.262	0.0472	When all else fails, use force.	When all else fails, use force.	[]		nvidia/parakeet-tdt-0.6b-v3	cpu
torgo-F04-Session2-0057	F04	dysarthric	/Users/animesh/Animesh/Project 2.0/echora/data/raw/torgo/F/F04/Session2/wav_headMic/0057.wav	5.565	0.262	0.0470	They carried me off on the stretcher.	They carried me off on the stretcher.	[]		nvidia/parakeet-tdt-0.6b-v3	cpu
torgo-M04-Session2-0186	M04	dysarthric	/Users/animesh/Animesh/Project 2.0/echora/data/raw/torgo/M/M04/Session2/wav_headMic/0186.wav	5.565	0.294	0.0528	Just one side got wet.	Then one time it got away.	[]		nvidia/parakeet-tdt-0.6b-v3	cpu
torgo-F04-Session2-0096	F04	dysarthric	/Users/animesh/Animesh/Project 2.0/echora/data/raw/torgo/F/F04/Session2/wav_headMic/0096.wav	5.585	0.294	0.0526	I expect we'll bounce back this week.	I expect we'll bounce back this week.	[]		nvidia/parakeet-tdt-0.6b-v3	cpu
torgo-M03-Session2-0001	M03	dysarthric	/Users/animesh/Animesh/Project 2.0/echora/data/raw/torgo/M/M03/Session2/wav_headMic/0001.wav	5.605	0.294	0.0524	xxx		[]		nvidia/parakeet-tdt-0.6b-v3	cpu
torgo-F04-Session2-0176	F04	dysarthric	/Users/animesh/Animesh/Project 2.0/echora/data/raw/torgo/F/F04/Session2/wav_headMic/0176.wav	5.630	0.294	0.0522	I have had my bell rung.	I've had my barrel run.	[]		nvidia/parakeet-tdt-0.6b-v3	cpu
torgo-M05-Session2-0199	M05	dysarthric	/Users/animesh/Animesh/Project 2.0/echora/data/raw/torgo/M/M05/Session2/wav_headMic/0199.wav	5.655	0.294	0.0519	mitten	Nothing.	[]		nvidia/parakeet-tdt-0.6b-v3	cpu
torgo-M05-Session2-0201	M05	dysarthric	/Users/animesh/Animesh/Project 2.0/echora/data/raw/torgo/M/M05/Session2/wav_headMic/0201.wav	5.680	0.294	0.0517	It was a good win for us.	It was a good win for us.	[]		nvidia/parakeet-tdt-0.6b-v3	cpu
torgo-M05-Session2-0307	M05	dysarthric	/Users/animesh/Animesh/Project 2.0/echora/data/raw/torgo/M/M05/Session2/wav_headMic/0307.wav	5.690	0.294	0.0516	We have an excellent team.	We have an excellent team.	[]		nvidia/parakeet-tdt-0.6b-v3	cpu
torgo-M04-Session2-0183	M04	dysarthric	/Users/animesh/Animesh/Project 2.0/echora/data/raw/torgo/M/M04/Session2/wav_headMic/0183.wav	5.695	0.294	0.0516	He will allow a rare lie.	He will uh allow a lie.	[]		nvidia/parakeet-tdt-0.6b-v3	cpu
torgo-M01-Session2_3-0275	M01	dysarthric	/Users/animesh/Animesh/Project 2.0/echora/data/raw/torgo/M/M01/Session2_3/wav_headMic/0275.wav	5.703	0.293	0.0514	Swing your arm as high as you can.	Swing your arm as high as you can.	[]		nvidia/parakeet-tdt-0.6b-v3	cpu
torgo-F03-Session2-0130	F03	dysarthric	/Users/animesh/Animesh/Project 2.0/echora/data/raw/torgo/F/F03/Session2/wav_headMic/0130.wav	5.705	0.293	0.0514	The dolphins swam around our boat.	The dolphins swarm around the boat. No.	[]		nvidia/parakeet-tdt-0.6b-v3	cpu
torgo-M02-Session2-0090	M02	dysarthric	/Users/animesh/Animesh/Project 2.0/echora/data/raw/torgo/M/M02/Session2/wav_headMic/0090.wav	5.760	0.293	0.0509	Where were you while we were away?		[]		nvidia/parakeet-tdt-0.6b-v3	cpu
torgo-M05-Session2-0383	M05	dysarthric	/Users/animesh/Animesh/Project 2.0/echora/data/raw/torgo/M/M05/Session2/wav_headMic/0383.wav	5.765	0.293	0.0509	You can ride stagecoach.	You can write stage coach.	[]		nvidia/parakeet-tdt-0.6b-v3	cpu
torgo-M01-Session2_3-0208	M01	dysarthric	/Users/animesh/Animesh/Project 2.0/echora/data/raw/torgo/M/M01/Session2_3/wav_headMic/0208.wav	5.795	0.293	0.0506	She wore warm, fleecy, woolen overalls.	You were warm pretty well in a bell.	[]		nvidia/parakeet-tdt-0.6b-v3	cpu
torgo-F03-Session2-0055	F03	dysarthric	/Users/animesh/Animesh/Project 2.0/echora/data/raw/torgo/F/F03/Session2/wav_headMic/0055.wav	5.800	0.293	0.0506	Mother sews yellow gingham aprons.	Mother shows yellow game a prince.	[]		nvidia/parakeet-tdt-0.6b-v3	cpu
torgo-M03-Session2-0099	M03	dysarthric	/Users/animesh/Animesh/Project 2.0/echora/data/raw/torgo/M/M03/Session2/wav_headMic/0099.wav	5.825	0.293	0.0503	he dresses himself in an ancient black frock coat,	He dresses himself in an ancient black frock coat.	[]		nvidia/parakeet-tdt-0.6b-v3	cpu
torgo-F03-Session2-0032	F03	dysarthric	/Users/animesh/Animesh/Project 2.0/echora/data/raw/torgo/F/F03/Session2/wav_headMic/0032.wav	5.855	0.293	0.0501	Two other cases also were under advisement.	Two other cases also were under advertisement.	[]		nvidia/parakeet-tdt-0.6b-v3	cpu
torgo-F04-Session2-0103	F04	dysarthric	/Users/animesh/Animesh/Project 2.0/echora/data/raw/torgo/F/F04/Session2/wav_headMic/0103.wav	5.860	0.271	0.0462	Alimony harms a divorced man's wealth.	Alimony hel harms a divorced man's wealth.	[]		nvidia/parakeet-tdt-0.6b-v3	cpu
torgo-F04-Session2-0172	F04	dysarthric	/Users/animesh/Animesh/Project 2.0/echora/data/raw/torgo/F/F04/Session2/wav_headMic/0172.wav	5.865	0.271	0.0462	Before Thursday's exam, review every formula.	Before Thursday's exam, review every formula.	[]		nvidia/parakeet-tdt-0.6b-v3	cpu
torgo-M03-Session2-0420	M03	dysarthric	/Users/animesh/Animesh/Project 2.0/echora/data/raw/torgo/M/M03/Session2/wav_headMic/0420.wav	5.915	0.271	0.0458	the prospect of cutting back spending is an unpleasant one for any governor	The prospect of cutting back spending is an unpleasant one for any governor.	[]		nvidia/parakeet-tdt-0.6b-v3	cpu
torgo-M04-Session2-0154	M04	dysarthric	/Users/animesh/Animesh/Project 2.0/echora/data/raw/torgo/M/M04/Session2/wav_headMic/0154.wav	5.915	0.271	0.0458	xxx	I'm sorry then.	[]		nvidia/parakeet-tdt-0.6b-v3	cpu
torgo-M03-Session2-0346	M03	dysarthric	/Users/animesh/Animesh/Project 2.0/echora/data/raw/torgo/M/M03/Session2/wav_headMic/0346.wav	5.925	0.271	0.0457	Nothing has been done yet to take advantage of the enabling legislation.	Nothing has been done yet to take advantage of the enabling legislation.	[]		nvidia/parakeet-tdt-0.6b-v3	cpu
torgo-M01-Session2_3-0094	M01	dysarthric	/Users/animesh/Animesh/Project 2.0/echora/data/raw/torgo/M/M01/Session2_3/wav_headMic/0094.wav	5.933	0.271	0.0456	I looked up and noticed two old men.	I looked up and nodded to Artman.	[]		nvidia/parakeet-tdt-0.6b-v3	cpu
torgo-F03-Session2-0110	F03	dysarthric	/Users/animesh/Animesh/Project 2.0/echora/data/raw/torgo/F/F03/Session2/wav_headMic/0110.wav	5.945	0.271	0.0456	brawn	Brawn.	[]		nvidia/parakeet-tdt-0.6b-v3	cpu
torgo-M01-Session2_3-0033	M01	dysarthric	/Users/animesh/Animesh/Project 2.0/echora/data/raw/torgo/M/M01/Session2_3/wav_headMic/0033.wav	5.955	0.271	0.0455	We gathered shells on the beach.	We gathered yellow on the beach.	[]		nvidia/parakeet-tdt-0.6b-v3	cpu
torgo-F03-Session3-0134	F03	dysarthric	/Users/animesh/Animesh/Project 2.0/echora/data/raw/torgo/F/F03/Session3/wav_headMic/0134.wav	5.970	0.264	0.0441	The prospect of cutting back spending is an unpleasant one for any governor.	The prospect of cutting back spending is an unpleasant one for any governor.	[]		nvidia/parakeet-tdt-0.6b-v3	cpu
torgo-M03-Session2-0096	M03	dysarthric	/Users/animesh/Animesh/Project 2.0/echora/data/raw/torgo/M/M03/Session2/wav_headMic/0096.wav	6.005	0.264	0.0439	Twice each day he plays skillfully and with zest upon our small organ.	Twice each day he plays skilfully and with zest upon our small organ.	[]		nvidia/parakeet-tdt-0.6b-v3	cpu
torgo-M01-Session2_3-0125	M01	dysarthric	/Users/animesh/Animesh/Project 2.0/echora/data/raw/torgo/M/M01/Session2_3/wav_headMic/0125.wav	6.029	0.264	0.0437	My sister made the flowered curtains.	My later may the flowered curtain.	[]		nvidia/parakeet-tdt-0.6b-v3	cpu
torgo-F04-Session2-0228	F04	dysarthric	/Users/animesh/Animesh/Project 2.0/echora/data/raw/torgo/F/F04/Session2/wav_headMic/0228.wav	6.035	0.264	0.0437	The owners regularly look for plumbing leaks.	The owners regularly look for plumbing leaks.	[]		nvidia/parakeet-tdt-0.6b-v3	cpu
torgo-M05-Session2-0019	M05	dysarthric	/Users/animesh/Animesh/Project 2.0/echora/data/raw/torgo/M/M05/Session2/wav_headMic/0019.wav	6.035	0.264	0.0437	This was easy for us.	This was easy for us.	[]		nvidia/parakeet-tdt-0.6b-v3	cpu
torgo-M02-Session2-0194	M02	dysarthric	/Users/animesh/Animesh/Project 2.0/echora/data/raw/torgo/M/M02/Session2/wav_headMic/0194.wav	6.040	0.264	0.0436	It was a good win for us.	Important good one.	[]		nvidia/parakeet-tdt-0.6b-v3	cpu
torgo-M02-Session2-0078	M02	dysarthric	/Users/animesh/Animesh/Project 2.0/echora/data/raw/torgo/M/M02/Session2/wav_headMic/0078.wav	6.055	0.264	0.0435	The humidity is overwhelming there.	Like the usual problem. Yeah.	[]		nvidia/parakeet-tdt-0.6b-v3	cpu
torgo-F04-Session2-0147	F04	dysarthric	/Users/animesh/Animesh/Project 2.0/echora/data/raw/torgo/F/F04/Session2/wav_headMic/0147.wav	6.060	0.264	0.0435	It eventually became a rather proud claim.	It eventually became a rather proud claim.	[]		nvidia/parakeet-tdt-0.6b-v3	cpu
torgo-M03-Session2-0029	M03	dysarthric	/Users/animesh/Animesh/Project 2.0/echora/data/raw/torgo/M/M03/Session2/wav_headMic/0029.wav	6.060	0.276	0.0455	Except in the winter when the ooze or snow or ice prevents,	Except in the winter when the ooze or snow or ice prevents.	[]		nvidia/parakeet-tdt-0.6b-v3	cpu
torgo-M04-Session2-0253	M04	dysarthric	/Users/animesh/Animesh/Project 2.0/echora/data/raw/torgo/M/M04/Session2/wav_headMic/0253.wav	6.100	0.276	0.0452	This was easy for us.	Des fois il dit pas.	[]		nvidia/parakeet-tdt-0.6b-v3	cpu
torgo-M05-Session2-0320	M05	dysarthric	/Users/animesh/Animesh/Project 2.0/echora/data/raw/torgo/M/M05/Session2/wav_headMic/0320.wav	6.100	0.276	0.0452	We bought a brown chair.	Ибрат Эй Браун Хэ.	[]		nvidia/parakeet-tdt-0.6b-v3	cpu
torgo-M01-Session2_3-0185	M01	dysarthric	/Users/animesh/Animesh/Project 2.0/echora/data/raw/torgo/M/M01/Session2_3/wav_headMic/0185.wav	6.105	0.276	0.0451	The misguided souls have lost their way.	The mid guided out of underway.	[]		nvidia/parakeet-tdt-0.6b-v3	cpu
torgo-F03-Session2-0098	F03	dysarthric	/Users/animesh/Animesh/Project 2.0/echora/data/raw/torgo/F/F03/Session2/wav_headMic/0098.wav	6.120	0.276	0.0450	The museum hires musicians every evening.	The museum hires musicians every evening.	[]		nvidia/parakeet-tdt-0.6b-v3	cpu
torgo-M04-Session2-0206	M04	dysarthric	/Users/animesh/Animesh/Project 2.0/echora/data/raw/torgo/M/M04/Session2/wav_headMic/0206.wav	6.165	0.276	0.0447	I scrubbed the floors thoroughly.	I scrubbed the phone threatly.	[]		nvidia/parakeet-tdt-0.6b-v3	cpu
torgo-M04-Session2-0185	M04	dysarthric	/Users/animesh/Animesh/Project 2.0/echora/data/raw/torgo/M/M04/Session2/wav_headMic/0185.wav	6.170	0.276	0.0447	briar		[]		nvidia/parakeet-tdt-0.6b-v3	cpu
torgo-M05-Session2-0124	M05	dysarthric	/Users/animesh/Animesh/Project 2.0/echora/data/raw/torgo/M/M05/Session2/wav_headMic/0124.wav	6.170	0.276	0.0447	I was conscious all the time.	I was conscious all the time.	[]		nvidia/parakeet-tdt-0.6b-v3	cpu
torgo-M03-Session2-0245	M03	dysarthric	/Users/animesh/Animesh/Project 2.0/echora/data/raw/torgo/M/M03/Session2/wav_headMic/0245.wav	6.185	0.272	0.0441	If you destroy confidence in banks, you do something to the economy, he said.	Mm. If you destroy confidence in banks, you do something to the economy, he said.	[]		nvidia/parakeet-tdt-0.6b-v3	cpu
torgo-M03-Session2-0101	M03	dysarthric	/Users/animesh/Animesh/Project 2.0/echora/data/raw/torgo/M/M03/Session2/wav_headMic/0101.wav	6.205	0.272	0.0439	When he speaks, his voice is just a bit cracked and quivers a trifle.	When he speaks, his voice is just a bit crackled and quivers a trifle.	[]		nvidia/parakeet-tdt-0.6b-v3	cpu
torgo-M02-Session2-0200	M02	dysarthric	/Users/animesh/Animesh/Project 2.0/echora/data/raw/torgo/M/M02/Session2/wav_headMic/0200.wav	6.225	0.272	0.0438	There is a treehouse up above.	There is a tree of	[]		nvidia/parakeet-tdt-0.6b-v3	cpu
torgo-M01-Session2_3-0167	M01	dysarthric	/Users/animesh/Animesh/Project 2.0/echora/data/raw/torgo/M/M01/Session2_3/wav_headMic/0167.wav	6.235	0.272	0.0437	Alimony harms a divorced man's wealth.	a money on department wealth.	[]		nvidia/parakeet-tdt-0.6b-v3	cpu
torgo-M04-Session2-0295	M04	dysarthric	/Users/animesh/Animesh/Project 2.0/echora/data/raw/torgo/M/M04/Session2/wav_headMic/0295.wav	6.235	0.272	0.0437	There is a treehouse up above.	They are drilling up above.	[]		nvidia/parakeet-tdt-0.6b-v3	cpu
torgo-M05-Session2-0147	M05	dysarthric	/Users/animesh/Animesh/Project 2.0/echora/data/raw/torgo/M/M05/Session2/wav_headMic/0147.wav	6.250	0.272	0.0436	Alfalfa is healthy for you.	And it's healthy for you.	[]		nvidia/parakeet-tdt-0.6b-v3	cpu
torgo-M02-Session2-0237	M02	dysarthric	/Users/animesh/Animesh/Project 2.0/echora/data/raw/torgo/M/M02/Session2/wav_headMic/0237.wav	6.250	0.272	0.0436	Being able to dance can help too.	Being able to then can help too.	[]		nvidia/parakeet-tdt-0.6b-v3	cpu
torgo-F04-Session2-0062	F04	dysarthric	/Users/animesh/Animesh/Project 2.0/echora/data/raw/torgo/F/F04/Session2/wav_headMic/0062.wav	6.255	0.272	0.0436	Jane may earn more money by working hard.	Jane may earn more money by working hard.	[]		nvidia/parakeet-tdt-0.6b-v3	cpu
torgo-M01-Session2_3-0127	M01	dysarthric	/Users/animesh/Animesh/Project 2.0/echora/data/raw/torgo/M/M01/Session2_3/wav_headMic/0127.wav	6.265	0.271	0.0433	Why yell or worry over silly items?	Why yeah, are worry over sheary items?	[]		nvidia/parakeet-tdt-0.6b-v3	cpu
torgo-M05-Session2-0122	M05	dysarthric	/Users/animesh/Animesh/Project 2.0/echora/data/raw/torgo/M/M05/Session2/wav_headMic/0122.wav	6.270	0.271	0.0432	Just one side got wet.	Джесс вансайд го вэт.	[]		nvidia/parakeet-tdt-0.6b-v3	cpu
torgo-M02-Session1-0130	M02	dysarthric	/Users/animesh/Animesh/Project 2.0/echora/data/raw/torgo/M/M02/Session1/wav_headMic/0130.wav	6.285	0.271	0.0431	I tried to tell people in the community.	I try to help people in the community.	[]		nvidia/parakeet-tdt-0.6b-v3	cpu
torgo-F03-Session2-0063	F03	dysarthric	/Users/animesh/Animesh/Project 2.0/echora/data/raw/torgo/F/F03/Session2/wav_headMic/0063.wav	6.320	0.271	0.0429	Day after day some new episode is reported.	Day after day, some new episode is reported.	[]		nvidia/parakeet-tdt-0.6b-v3	cpu
torgo-F04-Session2-0072	F04	dysarthric	/Users/animesh/Animesh/Project 2.0/echora/data/raw/torgo/F/F04/Session2/wav_headMic/0072.wav	6.325	0.271	0.0429	Night after night, they received annoying phone calls.	Night after night, they received annoying phone calls.	[]		nvidia/parakeet-tdt-0.6b-v3	cpu
torgo-M01-Session2_3-0240	M01	dysarthric	/Users/animesh/Animesh/Project 2.0/echora/data/raw/torgo/M/M01/Session2_3/wav_headMic/0240.wav	6.354	0.271	0.0427	The job provides many benefits.	The job provides money, benefit.	[]		nvidia/parakeet-tdt-0.6b-v3	cpu
torgo-M04-Session2-0236	M04	dysarthric	/Users/animesh/Animesh/Project 2.0/echora/data/raw/torgo/M/M04/Session2/wav_headMic/0236.wav	6.370	0.271	0.0426	Their house is grey and white.	Then the own grey and white.	[]		nvidia/parakeet-tdt-0.6b-v3	cpu
torgo-F03-Session2-0131	F03	dysarthric	/Users/animesh/Animesh/Project 2.0/echora/data/raw/torgo/F/F03/Session2/wav_headMic/0131.wav	6.390	0.271	0.0424	The dolphins swam around our boat.	The dolphins swarmed around our boat.	[]		nvidia/parakeet-tdt-0.6b-v3	cpu
torgo-M02-Session2-0190	M02	dysarthric	/Users/animesh/Animesh/Project 2.0/echora/data/raw/torgo/M/M02/Session2/wav_headMic/0190.wav	6.415	0.277	0.0431	Alfalfa is healthy for you.	I think I'm healthy for you.	[]		nvidia/parakeet-tdt-0.6b-v3	cpu
torgo-M02-Session1-0121	M02	dysarthric	/Users/animesh/Animesh/Project 2.0/echora/data/raw/torgo/M/M02/Session1/wav_headMic/0121.wav	6.426	0.277	0.0431	You wished to know all about my grandfather.	He wished to know how about my grandfather.	[]		nvidia/parakeet-tdt-0.6b-v3	cpu
torgo-M03-Session2-0275	M03	dysarthric	/Users/animesh/Animesh/Project 2.0/echora/data/raw/torgo/M/M03/Session2/wav_headMic/0275.wav	6.435	0.277	0.0430	Before Thursday's exam, review every formula.	Before Thursday's exam, re review every formula.	[]		nvidia/parakeet-tdt-0.6b-v3	cpu
torgo-F04-Session2-0053	F04	dysarthric	/Users/animesh/Animesh/Project 2.0/echora/data/raw/torgo/F/F04/Session2/wav_headMic/0053.wav	6.440	0.277	0.0430	Are your grades higher or lower than Nancy's?	Are your grades higher or lower than Nancy's?	[]		nvidia/parakeet-tdt-0.6b-v3	cpu
torgo-M04-Session2-0174	M04	dysarthric	/Users/animesh/Animesh/Project 2.0/echora/data/raw/torgo/M/M04/Session2/wav_headMic/0174.wav	6.440	0.277	0.0430	We gathered shells on the beach.	We we get a judge on on a big beach.	[]		nvidia/parakeet-tdt-0.6b-v3	cpu
torgo-M02-Session1-0238	M02	dysarthric	/Users/animesh/Animesh/Project 2.0/echora/data/raw/torgo/M/M02/Session1/wav_headMic/0238.wav	6.467	0.277	0.0428	The train approached the depot slowly.	The drain involved and evolved slowly.	[]		nvidia/parakeet-tdt-0.6b-v3	cpu
torgo-M03-Session2-0244	M03	dysarthric	/Users/animesh/Animesh/Project 2.0/echora/data/raw/torgo/M/M03/Session2/wav_headMic/0244.wav	6.470	0.277	0.0428	If you destroy confidence in banks, you do something to the economy, he said.	If you destroy confidence in banks, you do something in the economy, he said.	[]		nvidia/parakeet-tdt-0.6b-v3	cpu
torgo-F04-Session2-0144	F04	dysarthric	/Users/animesh/Animesh/Project 2.0/echora/data/raw/torgo/F/F04/Session2/wav_headMic/0144.wav	6.470	0.277	0.0428	This is not a program of socialized medicine.	This is not a programme of socialised medicine.	[]		nvidia/parakeet-tdt-0.6b-v3	cpu
torgo-M01-Session2_3-0278	M01	dysarthric	/Users/animesh/Animesh/Project 2.0/echora/data/raw/torgo/M/M01/Session2_3/wav_headMic/0278.wav	6.508	0.289	0.0444	Both injuries were to the same leg.	Both injuries were due the same rate.	[]		nvidia/parakeet-tdt-0.6b-v3	cpu
torgo-M02-Session1-0172	M02	dysarthric	/Users/animesh/Animesh/Project 2.0/echora/data/raw/torgo/M/M02/Session1/wav_headMic/0172.wav	6.509	0.289	0.0443	I can play this weekend.	I can play this weekend.	[]		nvidia/parakeet-tdt-0.6b-v3	cpu
torgo-M02-Session2-0212	M02	dysarthric	/Users/animesh/Animesh/Project 2.0/echora/data/raw/torgo/M/M02/Session2/wav_headMic/0212.wav	6.510	0.289	0.0443	The job provides many benefits.	Good job provides many benefits.	[]		nvidia/parakeet-tdt-0.6b-v3	cpu
torgo-M04-Session2-0182	M04	dysarthric	/Users/animesh/Animesh/Project 2.0/echora/data/raw/torgo/M/M04/Session2/wav_headMic/0182.wav	6.510	0.289	0.0443	He will allow a rare lie.	He will allow a very real life. A very real life.	[]		nvidia/parakeet-tdt-0.6b-v3	cpu
torgo-M01-Session2_3-0095	M01	dysarthric	/Users/animesh/Animesh/Project 2.0/echora/data/raw/torgo/M/M01/Session2_3/wav_headMic/0095.wav	6.535	0.289	0.0442	I scrubbed the floors thoroughly.	I scrubbed the floor sorry.	[]		nvidia/parakeet-tdt-0.6b-v3	cpu
torgo-M02-Session1-0183	M02	dysarthric	/Users/animesh/Animesh/Project 2.0/echora/data/raw/torgo/M/M02/Session1/wav_headMic/0183.wav	6.560	0.289	0.0440	Bright sunshine shimmers on the ocean.	Price center and shimmer on the ocean.	[]		nvidia/parakeet-tdt-0.6b-v3	cpu
torgo-M02-Session2-0086	M02	dysarthric	/Users/animesh/Animesh/Project 2.0/echora/data/raw/torgo/M/M02/Session2/wav_headMic/0086.wav	6.580	0.289	0.0439	My sister made the flowered curtains.	My sister made the flowers clean.	[]		nvidia/parakeet-tdt-0.6b-v3	cpu
torgo-M01-Session2_3-0177	M01	dysarthric	/Users/animesh/Animesh/Project 2.0/echora/data/raw/torgo/M/M01/Session2_3/wav_headMic/0177.wav	6.592	0.289	0.0438	Day after day some new episode is reported.	They had their day amino and it reported.	[]		nvidia/parakeet-tdt-0.6b-v3	cpu
torgo-M01-Session2_3-0174	M01	dysarthric	/Users/animesh/Animesh/Project 2.0/echora/data/raw/torgo/M/M01/Session2_3/wav_headMic/0174.wav	6.603	0.286	0.0434	The dolphins swam around our boat.	The dolphin swam around our boat.	[]		nvidia/parakeet-tdt-0.6b-v3	cpu
torgo-F04-Session2-0162	F04	dysarthric	/Users/animesh/Animesh/Project 2.0/echora/data/raw/torgo/F/F04/Session2/wav_headMic/0162.wav	6.610	0.286	0.0433	The museum hires musicians every evening.	The museum hires musicians every evening.	[]		nvidia/parakeet-tdt-0.6b-v3	cpu
torgo-M04-Session2-0191	M04	dysarthric	/Users/animesh/Animesh/Project 2.0/echora/data/raw/torgo/M/M04/Session2/wav_headMic/0191.wav	6.615	0.286	0.0433	Will Robin wear a yellow lily?	Whoa, Robin Why Lady	[]		nvidia/parakeet-tdt-0.6b-v3	cpu
torgo-M03-Session2-0344	M03	dysarthric	/Users/animesh/Animesh/Project 2.0/echora/data/raw/torgo/M/M03/Session2/wav_headMic/0344.wav	6.635	0.286	0.0432	It also provides for funds to clear slums and help colleges build dormitories.	It also provides for funds to clear slums and help colleges build dormitories.	[]		nvidia/parakeet-tdt-0.6b-v3	cpu
torgo-M02-Session2-0104	M02	dysarthric	/Users/animesh/Animesh/Project 2.0/echora/data/raw/torgo/M/M02/Session2/wav_headMic/0104.wav	6.645	0.286	0.0431	Students watched as he got out.	students watch and he gotta	[]		nvidia/parakeet-tdt-0.6b-v3	cpu
torgo-M02-Session1-0232	M02	dysarthric	/Users/animesh/Animesh/Project 2.0/echora/data/raw/torgo/M/M02/Session1/wav_headMic/0232.wav	6.666	0.286	0.0430	Jane may earn more money by working hard.	Genius may earn more money by working hard	[]		nvidia/parakeet-tdt-0.6b-v3	cpu
torgo-M01-Session2_3-0121	M01	dysarthric	/Users/animesh/Animesh/Project 2.0/echora/data/raw/torgo/M/M01/Session2_3/wav_headMic/0121.wav	6.667	0.286	0.0430	All the big baseball players get traded.	I the big paintball player can train.	[]		nvidia/parakeet-tdt-0.6b-v3	cpu
torgo-F04-Session2-0036	F04	dysarthric	/Users/animesh/Animesh/Project 2.0/echora/data/raw/torgo/F/F04/Session2/wav_headMic/0036.wav	6.690	0.286	0.0428	Nothing is as offensive as innocence.	Nothing is as offensive as innocence.	[]		nvidia/parakeet-tdt-0.6b-v3	cpu
torgo-M02-Session1-0127	M02	dysarthric	/Users/animesh/Animesh/Project 2.0/echora/data/raw/torgo/M/M02/Session1/wav_headMic/0127.wav	6.706	0.279	0.0416	Both figures would go higher in later years.	Boss figures were called in later years.	[]		nvidia/parakeet-tdt-0.6b-v3	cpu
torgo-F03-Session2-0037	F03	dysarthric	/Users/animesh/Animesh/Project 2.0/echora/data/raw/torgo/F/F03/Session2/wav_headMic/0037.wav	6.775	0.279	0.0412	Both figures would go higher in later years.	Both figures would go higher in later years.	[]		nvidia/parakeet-tdt-0.6b-v3	cpu
torgo-M04-Session2-0184	M04	dysarthric	/Users/animesh/Animesh/Project 2.0/echora/data/raw/torgo/M/M04/Session2/wav_headMic/0184.wav	6.775	0.279	0.0412	briar		[]		nvidia/parakeet-tdt-0.6b-v3	cpu
torgo-M05-Session2-0141	M05	dysarthric	/Users/animesh/Animesh/Project 2.0/echora/data/raw/torgo/M/M05/Session2/wav_headMic/0141.wav	6.790	0.279	0.0411	pitting	Ped, peding.	[]		nvidia/parakeet-tdt-0.6b-v3	cpu
torgo-M01-Session2_3-0160	M01	dysarthric	/Users/animesh/Animesh/Project 2.0/echora/data/raw/torgo/M/M01/Session2_3/wav_headMic/0160.wav	6.792	0.279	0.0411	This is not a program of socialized medicine.	Didn't a program of George Medicine.	[]		nvidia/parakeet-tdt-0.6b-v3	cpu
torgo-M01-Session2_3-0146	M01	dysarthric	/Users/animesh/Animesh/Project 2.0/echora/data/raw/torgo/M/M01/Session2_3/wav_headMic/0146.wav	6.813	0.279	0.0409	Everything went real smooth, the sheriff said.	Everything went real smooth yet.	[]		nvidia/parakeet-tdt-0.6b-v3	cpu
torgo-M01-Session2_3-0117	M01	dysarthric	/Users/animesh/Animesh/Project 2.0/echora/data/raw/torgo/M/M01/Session2_3/wav_headMic/0117.wav	6.818	0.279	0.0409	Bright sunshine shimmers on the ocean.	bright and line, shimmered on the origin.	[]		nvidia/parakeet-tdt-0.6b-v3	cpu
torgo-F03-Session3-0038	F03	dysarthric	/Users/animesh/Animesh/Project 2.0/echora/data/raw/torgo/F/F03/Session3/wav_headMic/0038.wav	6.825	0.279	0.0409	Some hotels are available nearby.	Some hotels are available nearby.	[]		nvidia/parakeet-tdt-0.6b-v3	cpu
torgo-M04-Session2-0157	M04	dysarthric	/Users/animesh/Animesh/Project 2.0/echora/data/raw/torgo/M/M04/Session2/wav_headMic/0157.wav	6.835	0.290	0.0424	She is thinner than I am.		[]		nvidia/parakeet-tdt-0.6b-v3	cpu
torgo-M04-Session2-0052	M04	dysarthric	/Users/animesh/Animesh/Project 2.0/echora/data/raw/torgo/M/M04/Session2/wav_headMic/0052.wav	6.835	0.290	0.0424	usually minus several buttons;	You you do minus the um button.	[]		nvidia/parakeet-tdt-0.6b-v3	cpu
torgo-M01-Session2_3-0069	M01	dysarthric	/Users/animesh/Animesh/Project 2.0/echora/data/raw/torgo/M/M01/Session2_3/wav_headMic/0069.wav	6.848	0.290	0.0423	I tried to tell people in the community.	I try to tell people in the community	[]		nvidia/parakeet-tdt-0.6b-v3	cpu
torgo-M02-Session2-0193	M02	dysarthric	/Users/animesh/Animesh/Project 2.0/echora/data/raw/torgo/M/M02/Session2/wav_headMic/0193.wav	6.850	0.290	0.0423	Swing your arm as high as you can.	Swing arms as high as you can.	[]		nvidia/parakeet-tdt-0.6b-v3	cpu
torgo-M05-Session2-0013	M05	dysarthric	/Users/animesh/Animesh/Project 2.0/echora/data/raw/torgo/M/M05/Session2/wav_headMic/0013.wav	6.870	0.290	0.0422	He will allow a rare lie.	He will allow a real lie.	[]		nvidia/parakeet-tdt-0.6b-v3	cpu
torgo-M04-Session2-0039	M04	dysarthric	/Users/animesh/Animesh/Project 2.0/echora/data/raw/torgo/M/M04/Session2/wav_headMic/0039.wav	6.875	0.290	0.0422	I can	Uh I can	[]		nvidia/parakeet-tdt-0.6b-v3	cpu
torgo-M02-Session2-0178	M02	dysarthric	/Users/animesh/Animesh/Project 2.0/echora/data/raw/torgo/M/M02/Session2/wav_headMic/0178.wav	6.880	0.290	0.0421	The books are very expensive.	The books are very expensive.	[]		nvidia/parakeet-tdt-0.6b-v3	cpu
torgo-M02-Session1-0198	M02	dysarthric	/Users/animesh/Animesh/Project 2.0/echora/data/raw/torgo/M/M02/Session1/wav_headMic/0198.wav	6.891	0.290	0.0421	Nothing is as offensive as innocence.	Nothing at all. I've found about innocent.	[]		nvidia/parakeet-tdt-0.6b-v3	cpu
torgo-F04-Session2-0058	F04	dysarthric	/Users/animesh/Animesh/Project 2.0/echora/data/raw/torgo/F/F04/Session2/wav_headMic/0058.wav	6.905	0.281	0.0408	One validated acts of school districts.	One validated acts of school districts.	[]		nvidia/parakeet-tdt-0.6b-v3	cpu
torgo-M05-Session2-0370	M05	dysarthric	/Users/animesh/Animesh/Project 2.0/echora/data/raw/torgo/M/M05/Session2/wav_headMic/0370.wav	6.930	0.281	0.0406	Each one volunteered to jump first.	Is you unvolunteered to jump first?	[]		nvidia/parakeet-tdt-0.6b-v3	cpu
torgo-M02-Session1-0169	M02	dysarthric	/Users/animesh/Animesh/Project 2.0/echora/data/raw/torgo/M/M02/Session1/wav_headMic/0169.wav	6.941	0.281	0.0405	All the big baseball players get traded.	Oliv players against traded	[]		nvidia/parakeet-tdt-0.6b-v3	cpu
torgo-M01-Session2_3-0056	M01	dysarthric	/Users/animesh/Animesh/Project 2.0/echora/data/raw/torgo/M/M01/Session2_3/wav_headMic/0056.wav	7.004	0.281	0.0402	Are your grades higher or lower than Nancy's?	Are your great irancy?	[]		nvidia/parakeet-tdt-0.6b-v3	cpu
torgo-M02-Session2-0228	M02	dysarthric	/Users/animesh/Animesh/Project 2.0/echora/data/raw/torgo/M/M02/Session2/wav_headMic/0228.wav	7.005	0.281	0.0402	Carl lives in a lively home.	Colours and alive home.	[]		nvidia/parakeet-tdt-0.6b-v3	cpu
torgo-F04-Session2-0159	F04	dysarthric	/Users/animesh/Animesh/Project 2.0/echora/data/raw/torgo/F/F04/Session2/wav_headMic/0159.wav	7.015	0.281	0.0401	The job provides many benefits.	The job provides many benefits.	[]		nvidia/parakeet-tdt-0.6b-v3	cpu
torgo-F03-Session3-0153	F03	dysarthric	/Users/animesh/Animesh/Project 2.0/echora/data/raw/torgo/F/F03/Session3/wav_headMic/0153.wav	7.045	0.281	0.0399	He further proposed grants of an unspecified sum for experimental hospitals.	He further proposed grants of an unspecified sum for experimental hospitals.	[]		nvidia/parakeet-tdt-0.6b-v3	cpu
torgo-M04-Session2-0289	M04	dysarthric	/Users/animesh/Animesh/Project 2.0/echora/data/raw/torgo/M/M04/Session2/wav_headMic/0289.wav	7.045	0.281	0.0399	pitting		[]		nvidia/parakeet-tdt-0.6b-v3	cpu
torgo-F03-Session3-0209	F03	dysarthric	/Users/animesh/Animesh/Project 2.0/echora/data/raw/torgo/F/F03/Session3/wav_headMic/0209.wav	7.050	0.285	0.0404	He further proposed grants of an unspecified sum for experimental hospitals.	He further proposed grants of an unspecified sum for experimental hospitals.	[]		nvidia/parakeet-tdt-0.6b-v3	cpu
torgo-M04-Session2-0208	M04	dysarthric	/Users/animesh/Animesh/Project 2.0/echora/data/raw/torgo/M/M04/Session2/wav_headMic/0208.wav	7.055	0.285	0.0403	All the big baseball players get traded.	All the big baseball players get drilled.	[]		nvidia/parakeet-tdt-0.6b-v3	cpu
torgo-M01-Session2_3-0209	M01	dysarthric	/Users/animesh/Animesh/Project 2.0/echora/data/raw/torgo/M/M01/Session2_3/wav_headMic/0209.wav	7.068	0.285	0.0403	Night after night, they received annoying phone calls.	Night and tonight they read a nine parnko.	[]		nvidia/parakeet-tdt-0.6b-v3	cpu
torgo-M02-Session2-0131	M02	dysarthric	/Users/animesh/Animesh/Project 2.0/echora/data/raw/torgo/M/M02/Session2/wav_headMic/0131.wav	7.075	0.285	0.0402	The box contained three sweaters.	The box contained three swellers.	[]		nvidia/parakeet-tdt-0.6b-v3	cpu
torgo-M01-Session2_3-0132	M01	dysarthric	/Users/animesh/Animesh/Project 2.0/echora/data/raw/torgo/M/M01/Session2_3/wav_headMic/0132.wav	7.152	0.285	0.0398	They carried me off on the stretcher.	They carried me out in understation.	[]		nvidia/parakeet-tdt-0.6b-v3	cpu
torgo-M03-Session2-0102	M03	dysarthric	/Users/animesh/Animesh/Project 2.0/echora/data/raw/torgo/M/M03/Session2/wav_headMic/0102.wav	7.160	0.285	0.0398	When he speaks, his voice is just a bit cracked and quivers a trifle.	speaks. When he speaks his voice is just a bit cracked and quivers a trifle.	[]		nvidia/parakeet-tdt-0.6b-v3	cpu
torgo-F04-Session2-0157	F04	dysarthric	/Users/animesh/Animesh/Project 2.0/echora/data/raw/torgo/F/F04/Session2/wav_headMic/0157.wav	7.165	0.285	0.0397	Both injuries were to the same leg.	Both injuries were to the same leg.	[]		nvidia/parakeet-tdt-0.6b-v3	cpu
torgo-M01-Session1-0041	M01	dysarthric	/Users/animesh/Animesh/Project 2.0/echora/data/raw/torgo/M/M01/Session1/wav_headMic/0041.wav	7.165	0.285	0.0397	"but he always answers, ""Banana oil!"""	Birdie Owen and Ben Oyo.	[]		nvidia/parakeet-tdt-0.6b-v3	cpu
torgo-M05-Session2-0028	M05	dysarthric	/Users/animesh/Animesh/Project 2.0/echora/data/raw/torgo/M/M05/Session2/wav_headMic/0028.wav	7.195	0.287	0.0399	You're used to being on the field.	Я устабинья филд.	[]		nvidia/parakeet-tdt-0.6b-v3	cpu
torgo-M05-Session1-0061	M05	dysarthric	/Users/animesh/Animesh/Project 2.0/echora/data/raw/torgo/M/M05/Session1/wav_headMic/0061.wav	7.205	0.287	0.0398	usually minus several buttons;	Usually minus have a button.	[]		nvidia/parakeet-tdt-0.6b-v3	cpu
torgo-M05-Session2-0082	M05	dysarthric	/Users/animesh/Animesh/Project 2.0/echora/data/raw/torgo/M/M05/Session2/wav_headMic/0082.wav	7.225	0.287	0.0397	Their house is grey and white.	The house is gray and white.	[]		nvidia/parakeet-tdt-0.6b-v3	cpu
torgo-F04-Session2-0119	F04	dysarthric	/Users/animesh/Animesh/Project 2.0/echora/data/raw/torgo/F/F04/Session2/wav_headMic/0119.wav	7.240	0.287	0.0396	Nothing has been done yet to take advantage of the enabling legislation.	Nothing has been done yet to take advantage of the enabling legislation.	[]		nvidia/parakeet-tdt-0.6b-v3	cpu
torgo-M02-Session1-0152	M02	dysarthric	/Users/animesh/Animesh/Project 2.0/echora/data/raw/torgo/M/M02/Session1/wav_headMic/0152.wav	7.247	0.287	0.0396	You'd be better off taking a cold shower.	You'd be better off taking a close shower.	[]		nvidia/parakeet-tdt-0.6b-v3	cpu
torgo-M01-Session2_3-0235	M01	dysarthric	/Users/animesh/Animesh/Project 2.0/echora/data/raw/torgo/M/M01/Session2_3/wav_headMic/0235.wav	7.259	0.287	0.0395	The museum hires musicians every evening.	The Miuy and I Miu Y didn't ever mean.	[]		nvidia/parakeet-tdt-0.6b-v3	cpu
torgo-M02-Session1-0197	M02	dysarthric	/Users/animesh/Animesh/Project 2.0/echora/data/raw/torgo/M/M02/Session1/wav_headMic/0197.wav	7.272	0.287	0.0394	Nothing is as offensive as ignorance	Nothing is as impressive as ignorance.	[]		nvidia/parakeet-tdt-0.6b-v3	cpu
torgo-F03-Session2-0158	F03	dysarthric	/Users/animesh/Animesh/Project 2.0/echora/data/raw/torgo/F/F03/Session2/wav_headMic/0158.wav	7.275	0.287	0.0394	xxx	Swing. It's not going right.	[]		nvidia/parakeet-tdt-0.6b-v3	cpu
torgo-M04-Session2-0217	M04	dysarthric	/Users/animesh/Animesh/Project 2.0/echora/data/raw/torgo/M/M04/Session2/wav_headMic/0217.wav	7.290	0.285	0.0391	I feel I can play this weekend.	I feel I can blend it within.	[]		nvidia/parakeet-tdt-0.6b-v3	cpu
torgo-M01-Session2_3-0202	M01	dysarthric	/Users/animesh/Animesh/Project 2.0/echora/data/raw/torgo/M/M01/Session2_3/wav_headMic/0202.wav	7.296	0.285	0.0391	This is a period of transition for me.	They did a period of transiting for me	[]		nvidia/parakeet-tdt-0.6b-v3	cpu
torgo-F04-Session2-0227	F04	dysarthric	/Users/animesh/Animesh/Project 2.0/echora/data/raw/torgo/F/F04/Session2/wav_headMic/0227.wav	7.340	0.285	0.0388	People who value themselves are life's winners.	People who value themselves are life's winners.	[]		nvidia/parakeet-tdt-0.6b-v3	cpu
torgo-F04-Session2-0243	F04	dysarthric	/Users/animesh/Animesh/Project 2.0/echora/data/raw/torgo/F/F04/Session2/wav_headMic/0243.wav	7.340	0.285	0.0388	Although always alone, we survive.	Although always is although always alone we survive.	[]		nvidia/parakeet-tdt-0.6b-v3	cpu
torgo-M02-Session2-0188	M02	dysarthric	/Users/animesh/Animesh/Project 2.0/echora/data/raw/torgo/M/M02/Session2/wav_headMic/0188.wav	7.345	0.285	0.0388	The little schoolhouse stood empty.	The love goal how	[]		nvidia/parakeet-tdt-0.6b-v3	cpu
torgo-M05-Session2-0367	M05	dysarthric	/Users/animesh/Animesh/Project 2.0/echora/data/raw/torgo/M/M05/Session2/wav_headMic/0367.wav	7.350	0.285	0.0388	Being able to dance can help too.	Being able to dance can help too.	[]		nvidia/parakeet-tdt-0.6b-v3	cpu
torgo-F03-Session2-0088	F03	dysarthric	/Users/animesh/Animesh/Project 2.0/echora/data/raw/torgo/F/F03/Session2/wav_headMic/0088.wav	7.355	0.285	0.0387	part		[]		nvidia/parakeet-tdt-0.6b-v3	cpu
torgo-M05-Session2-0213	M05	dysarthric	/Users/animesh/Animesh/Project 2.0/echora/data/raw/torgo/M/M05/Session2/wav_headMic/0213.wav	7.365	0.285	0.0387	I have had my bell rung.	I have had my bad wrong.	[]		nvidia/parakeet-tdt-0.6b-v3	cpu
torgo-F03-Session3-0047	F03	dysarthric	/Users/animesh/Animesh/Project 2.0/echora/data/raw/torgo/F/F03/Session3/wav_headMic/0047.wav	7.400	0.282	0.0381	It also provides for funds to clear slums and help colleges build dormitories.	It also provides funds to close slums and help colleges build dormitories.	[]		nvidia/parakeet-tdt-0.6b-v3	cpu
torgo-F04-Session2-0143	F04	dysarthric	/Users/animesh/Animesh/Project 2.0/echora/data/raw/torgo/F/F04/Session2/wav_headMic/0143.wav	7.400	0.282	0.0381	This is not a program of socialized medicine.	This is not a program of socialized medicine.	[]		nvidia/parakeet-tdt-0.6b-v3	cpu
torgo-M01-Session2_3-0045	M01	dysarthric	/Users/animesh/Animesh/Project 2.0/echora/data/raw/torgo/M/M01/Session2_3/wav_headMic/0045.wav	7.421	0.282	0.0380	One validated acts of school districts.	One the other day did I scoot the tricks?	[]		nvidia/parakeet-tdt-0.6b-v3	cpu
torgo-F04-Session2-0170	F04	dysarthric	/Users/animesh/Animesh/Project 2.0/echora/data/raw/torgo/F/F04/Session2/wav_headMic/0170.wav	7.435	0.282	0.0379	She wore warm, fleecy, woolen overalls.	She wore warm, fleecy woolen overalls.	[]		nvidia/parakeet-tdt-0.6b-v3	cpu
torgo-M02-Session2-0160	M02	dysarthric	/Users/animesh/Animesh/Project 2.0/echora/data/raw/torgo/M/M02/Session2/wav_headMic/0160.wav	7.435	0.282	0.0379	I have had my bell rung.	I have had my bow long.	[]		nvidia/parakeet-tdt-0.6b-v3	cpu
torgo-M01-Session2_3-0084	M01	dysarthric	/Users/animesh/Animesh/Project 2.0/echora/data/raw/torgo/M/M01/Session2_3/wav_headMic/0084.wav	7.452	0.282	0.0379	Jane may earn more money by working hard.	Jane may earn more money by working hard.	[]		nvidia/parakeet-tdt-0.6b-v3	cpu
torgo-M02-Session1-0135	M02	dysarthric	/Users/animesh/Animesh/Project 2.0/echora/data/raw/torgo/M/M02/Session1/wav_headMic/0135.wav	7.464	0.282	0.0378	Why yell or worry over silly items?	Why you are worrying over cellieagem	[]		nvidia/parakeet-tdt-0.6b-v3	cpu
torgo-M02-Session1-0150	M02	dysarthric	/Users/animesh/Animesh/Project 2.0/echora/data/raw/torgo/M/M02/Session1/wav_headMic/0150.wav	7.464	0.282	0.0378	Are your grades higher or lower than Nancy's?	Are your grades higher or lower than nances?	[]		nvidia/parakeet-tdt-0.6b-v3	cpu
torgo-M05-Session2-0151	M05	dysarthric	/Users/animesh/Animesh/Project 2.0/echora/data/raw/torgo/M/M05/Session2/wav_headMic/0151.wav	7.485	0.297	0.0397	He wrapped the package hastily.		[]		nvidia/parakeet-tdt-0.6b-v3	cpu
torgo-M01-Session2_3-0043	M01	dysarthric	/Users/animesh/Animesh/Project 2.0/echora/data/raw/torgo/M/M01/Session2_3/wav_headMic/0043.wav	7.496	0.297	0.0396	Both figures would go higher in later years.	But bigger would go higher in later years.	[]		nvidia/parakeet-tdt-0.6b-v3	cpu
torgo-M04-Session2-0156	M04	dysarthric	/Users/animesh/Animesh/Project 2.0/echora/data/raw/torgo/M/M04/Session2/wav_headMic/0156.wav	7.510	0.297	0.0395	I was conscious all the time.	I work good news all all the time.	[]		nvidia/parakeet-tdt-0.6b-v3	cpu
torgo-M02-Session2-0117	M02	dysarthric	/Users/animesh/Animesh/Project 2.0/echora/data/raw/torgo/M/M02/Session2/wav_headMic/0117.wav	7.515	0.297	0.0395	The dolphins swam around our boat.	Two dolphins swam around the boat.	[]		nvidia/parakeet-tdt-0.6b-v3	cpu
torgo-M01-Session2_3-0205	M01	dysarthric	/Users/animesh/Animesh/Project 2.0/echora/data/raw/torgo/M/M01/Session2_3/wav_headMic/0205.wav	7.525	0.297	0.0395	If you are losing water, replace it immediately.	If you are loading water replaces in Italy.	[]		nvidia/parakeet-tdt-0.6b-v3	cpu
torgo-M04-Session2-0283	M04	dysarthric	/Users/animesh/Animesh/Project 2.0/echora/data/raw/torgo/M/M04/Session2/wav_headMic/0283.wav	7.525	0.297	0.0395	It was a good win for us.	It will run.	[]		nvidia/parakeet-tdt-0.6b-v3	cpu
torgo-M02-Session2-0209	M02	dysarthric	/Users/animesh/Animesh/Project 2.0/echora/data/raw/torgo/M/M02/Session2/wav_headMic/0209.wav	7.575	0.297	0.0392	We rode horseback to the farm.	We've all go back to the farm.	[]		nvidia/parakeet-tdt-0.6b-v3	cpu
torgo-M05-Session2-0197	M05	dysarthric	/Users/animesh/Animesh/Project 2.0/echora/data/raw/torgo/M/M05/Session2/wav_headMic/0197.wav	7.585	0.297	0.0391	There is a treehouse up above.	There is a two house up above.	[]		nvidia/parakeet-tdt-0.6b-v3	cpu
torgo-M02-Session2-0096	M02	dysarthric	/Users/animesh/Animesh/Project 2.0/echora/data/raw/torgo/M/M02/Session2/wav_headMic/0096.wav	7.600	0.329	0.0433	A roll of wire lay near the wall.	I've won the boy, lame as a voice.	[]		nvidia/parakeet-tdt-0.6b-v3	cpu
torgo-M02-Session1-0066	M02	dysarthric	/Users/animesh/Animesh/Project 2.0/echora/data/raw/torgo/M/M02/Session1/wav_headMic/0066.wav	7.605	0.329	0.0433	yet he still thinks as swiftly as ever.	Yeah, these still things as wisely as ever.	[]		nvidia/parakeet-tdt-0.6b-v3	cpu
torgo-M01-Session1-0040	M01	dysarthric	/Users/animesh/Animesh/Project 2.0/echora/data/raw/torgo/M/M01/Session1/wav_headMic/0040.wav	7.605	0.329	0.0433	"but he always answers, ""Banana oil!"""	But it out can you do that?	[]		nvidia/parakeet-tdt-0.6b-v3	cpu
torgo-M05-Session2-0275	M05	dysarthric	/Users/animesh/Animesh/Project 2.0/echora/data/raw/torgo/M/M05/Session2/wav_headMic/0275.wav	7.605	0.329	0.0433	Did dad do academic bidding?	They dad you can dynamic buildings.	[]		nvidia/parakeet-tdt-0.6b-v3	cpu
torgo-M05-Session2-0002	M05	dysarthric	/Users/animesh/Animesh/Project 2.0/echora/data/raw/torgo/M/M05/Session2/wav_headMic/0002.wav	7.635	0.329	0.0431	Where were you while we were away?	Well were you while we were away?	[]		nvidia/parakeet-tdt-0.6b-v3	cpu
torgo-F04-Session2-0214	F04	dysarthric	/Users/animesh/Animesh/Project 2.0/echora/data/raw/torgo/F/F04/Session2/wav_headMic/0214.wav	7.650	0.329	0.0430	The prospect of cutting back spending is an unpleasant one for any governor.	The prospect of cutting back spending is an unpleasant one for any governor.	[]		nvidia/parakeet-tdt-0.6b-v3	cpu
torgo-M03-Session2-0362	M03	dysarthric	/Users/animesh/Animesh/Project 2.0/echora/data/raw/torgo/M/M03/Session2/wav_headMic/0362.wav	7.660	0.329	0.0429	He further proposed grants of an unspecified sum for experimental hospitals.	He further proposed grants of an unspecified sum for experimental hospitals.	[]		nvidia/parakeet-tdt-0.6b-v3	cpu
torgo-F03-Session2-0118	F03	dysarthric	/Users/animesh/Animesh/Project 2.0/echora/data/raw/torgo/F/F03/Session2/wav_headMic/0118.wav	7.665	0.329	0.0429	Nothing has been done yet to take advantage of the enabling legislation.	Nothing has been done yet to take advantage of the enabling legislation.	[]		nvidia/parakeet-tdt-0.6b-v3	cpu
torgo-M05-Session2-0204	M05	dysarthric	/Users/animesh/Animesh/Project 2.0/echora/data/raw/torgo/M/M05/Session2/wav_headMic/0204.wav	7.670	0.294	0.0384	The job provides many benefits.	The job provides many benefits.	[]		nvidia/parakeet-tdt-0.6b-v3	cpu
torgo-M02-Session2-0154	M02	dysarthric	/Users/animesh/Animesh/Project 2.0/echora/data/raw/torgo/M/M02/Session2/wav_headMic/0154.wav	7.675	0.294	0.0383	relax	We live. Oh.	[]		nvidia/parakeet-tdt-0.6b-v3	cpu
torgo-M01-Session2_3-0113	M01	dysarthric	/Users/animesh/Animesh/Project 2.0/echora/data/raw/torgo/M/M01/Session2_3/wav_headMic/0113.wav	7.684	0.294	0.0383	Nothing is as offensive as innocence.	I think it has offended my innocent	[]		nvidia/parakeet-tdt-0.6b-v3	cpu
torgo-M05-Session2-0207	M05	dysarthric	/Users/animesh/Animesh/Project 2.0/echora/data/raw/torgo/M/M05/Session2/wav_headMic/0207.wav	7.695	0.294	0.0382	The books are very expensive.	The books were really expensive.	[]		nvidia/parakeet-tdt-0.6b-v3	cpu
torgo-M02-Session1-0154	M02	dysarthric	/Users/animesh/Animesh/Project 2.0/echora/data/raw/torgo/M/M02/Session1/wav_headMic/0154.wav	7.704	0.294	0.0382	The islands are sparsely populated.	The islands are sparsely populated.	[]		nvidia/parakeet-tdt-0.6b-v3	cpu
torgo-F03-Session2-0132	F03	dysarthric	/Users/animesh/Animesh/Project 2.0/echora/data/raw/torgo/F/F03/Session2/wav_headMic/0132.wav	7.760	0.294	0.0379	There is a treehouse up above.	There's there is a tree house up above.	[]		nvidia/parakeet-tdt-0.6b-v3	cpu
torgo-M02-Session1-0226	M02	dysarthric	/Users/animesh/Animesh/Project 2.0/echora/data/raw/torgo/M/M02/Session1/wav_headMic/0226.wav	7.769	0.294	0.0379	Mother sews yellow gingham aprons.	Madrid aprons.	[]		nvidia/parakeet-tdt-0.6b-v3	cpu
torgo-M04-Session2-0187	M04	dysarthric	/Users/animesh/Animesh/Project 2.0/echora/data/raw/torgo/M/M04/Session2/wav_headMic/0187.wav	7.860	0.294	0.0374	Why yell or worry over silly items?	What year were we for the item?	[]		nvidia/parakeet-tdt-0.6b-v3	cpu
torgo-M01-Session2_3-0129	M01	dysarthric	/Users/animesh/Animesh/Project 2.0/echora/data/raw/torgo/M/M01/Session2_3/wav_headMic/0129.wav	7.861	0.311	0.0396	The train approached the depot slowly.	The drain and broad devoid the army.	[]		nvidia/parakeet-tdt-0.6b-v3	cpu
torgo-M01-Session2_3-0013	M01	dysarthric	/Users/animesh/Animesh/Project 2.0/echora/data/raw/torgo/M/M01/Session2_3/wav_headMic/0013.wav	7.863	0.311	0.0396	The quick brown fox jumps over the lazy dog.	The quick brown fox jumps over the lady dog.	[]		nvidia/parakeet-tdt-0.6b-v3	cpu
torgo-M01-Session1-0066	M01	dysarthric	/Users/animesh/Animesh/Project 2.0/echora/data/raw/torgo/M/M01/Session1/wav_headMic/0066.wav	7.865	0.311	0.0396	usually minus several buttons;	Usually minded everything.	[]		nvidia/parakeet-tdt-0.6b-v3	cpu
torgo-M01-Session1-0053	M01	dysarthric	/Users/animesh/Animesh/Project 2.0/echora/data/raw/torgo/M/M01/Session1/wav_headMic/0053.wav	7.870	0.311	0.0396	You wished to know all about my grandfather.	You would know all about my grandfather.	[]		nvidia/parakeet-tdt-0.6b-v3	cpu
torgo-M05-Session2-0057	M05	dysarthric	/Users/animesh/Animesh/Project 2.0/echora/data/raw/torgo/M/M05/Session2/wav_headMic/0057.wav	7.880	0.311	0.0395	We gathered shells on the beach.	We did shell on the beach.	[]		nvidia/parakeet-tdt-0.6b-v3	cpu
torgo-M02-Session2-0187	M02	dysarthric	/Users/animesh/Animesh/Project 2.0/echora/data/raw/torgo/M/M02/Session2/wav_headMic/0187.wav	7.895	0.311	0.0395	I expect we'll bounce back this week.	I guess that will	[]		nvidia/parakeet-tdt-0.6b-v3	cpu
torgo-M02-Session2-0213	M02	dysarthric	/Users/animesh/Animesh/Project 2.0/echora/data/raw/torgo/M/M02/Session2/wav_headMic/0213.wav	7.900	0.311	0.0394	The job provides many benefits.	The time provides many benefits.	[]		nvidia/parakeet-tdt-0.6b-v3	cpu
torgo-M01-Session1-0013	M01	dysarthric	/Users/animesh/Animesh/Project 2.0/echora/data/raw/torgo/M/M01/Session1/wav_headMic/0013.wav	7.915	0.311	0.0394	A long, flowing beard clings to his chin,	I am flowing beer cling dividing.	[]		nvidia/parakeet-tdt-0.6b-v3	cpu
torgo-M04-Session2-0202	M04	dysarthric	/Users/animesh/Animesh/Project 2.0/echora/data/raw/torgo/M/M04/Session2/wav_headMic/0202.wav	7.940	0.305	0.0384	Everything went real smooth, the sheriff said.	Everything went beyond the moon from the Jeff Sand.	[]		nvidia/parakeet-tdt-0.6b-v3	cpu
torgo-M05-Session2-0382	M05	dysarthric	/Users/animesh/Animesh/Project 2.0/echora/data/raw/torgo/M/M05/Session2/wav_headMic/0382.wav	7.990	0.305	0.0382	Although always alone, we survive.	Although always alone, we survive.	[]		nvidia/parakeet-tdt-0.6b-v3	cpu
torgo-M02-Session1-0020	M02	dysarthric	/Users/animesh/Animesh/Project 2.0/echora/data/raw/torgo/M/M02/Session1/wav_headMic/0020.wav	7.991	0.305	0.0382	Grandfather likes to be modern in his language.	God father likes to be married in his language.	[]		nvidia/parakeet-tdt-0.6b-v3	cpu
torgo-M02-Session1-0023	M02	dysarthric	/Users/animesh/Animesh/Project 2.0/echora/data/raw/torgo/M/M02/Session1/wav_headMic/0023.wav	8.040	0.305	0.0380	Well, he is nearly ninety-three years old;	Well, he is nearly ninety-three years old.	[]		nvidia/parakeet-tdt-0.6b-v3	cpu
torgo-M01-Session2_3-0109	M01	dysarthric	/Users/animesh/Animesh/Project 2.0/echora/data/raw/torgo/M/M01/Session2_3/wav_headMic/0109.wav	8.042	0.305	0.0380	You'd be better off taking a cold shower.	You would be better off taking a cold shower	[]		nvidia/parakeet-tdt-0.6b-v3	cpu
torgo-F04-Session2-0177	F04	dysarthric	/Users/animesh/Animesh/Project 2.0/echora/data/raw/torgo/F/F04/Session2/wav_headMic/0177.wav	8.065	0.305	0.0378	Day after day some new episode is reported.	Day after day, some new episodes is reported.	[]		nvidia/parakeet-tdt-0.6b-v3	cpu
torgo-M02-Session2-0222	M02	dysarthric	/Users/animesh/Animesh/Project 2.0/echora/data/raw/torgo/M/M02/Session2/wav_headMic/0222.wav	8.070	0.305	0.0378	When all else fails, use force.	My nose failed huge for us.	[]		nvidia/parakeet-tdt-0.6b-v3	cpu
torgo-M05-Session2-0152	M05	dysarthric	/Users/animesh/Animesh/Project 2.0/echora/data/raw/torgo/M/M05/Session2/wav_headMic/0152.wav	8.100	0.305	0.0377	The box contained three sweaters.	The box contained three sweaters.	[]		nvidia/parakeet-tdt-0.6b-v3	cpu
torgo-M01-Session2_3-0232	M01	dysarthric	/Users/animesh/Animesh/Project 2.0/echora/data/raw/torgo/M/M01/Session2_3/wav_headMic/0232.wav	8.103	0.321	0.0396	Before Thursday's exam, review every formula.	Be more dirty to get out of you every formula.	[]		nvidia/parakeet-tdt-0.6b-v3	cpu
torgo-M04-Session2-0155	M04	dysarthric	/Users/animesh/Animesh/Project 2.0/echora/data/raw/torgo/M/M04/Session2/wav_headMic/0155.wav	8.105	0.321	0.0396	I was conscious all the time.	I w w what what g continu all the the time.	[]		nvidia/parakeet-tdt-0.6b-v3	cpu
torgo-M05-Session2-0381	M05	dysarthric	/Users/animesh/Animesh/Project 2.0/echora/data/raw/torgo/M/M05/Session2/wav_headMic/0381.wav	8.115	0.321	0.0395	Although always again again	Although all we again, again, again.	[]		nvidia/parakeet-tdt-0.6b-v3	cpu
torgo-M02-Session2-0139	M02	dysarthric	/Users/animesh/Animesh/Project 2.0/echora/data/raw/torgo/M/M02/Session2/wav_headMic/0139.wav	8.115	0.321	0.0395	He wrapped the package hastily.	He uh the birth the park is his filly.	[]		nvidia/parakeet-tdt-0.6b-v3	cpu
torgo-M02-Session1-0118	M02	dysarthric	/Users/animesh/Animesh/Project 2.0/echora/data/raw/torgo/M/M02/Session1/wav_headMic/0118.wav	8.137	0.321	0.0394	"but he always answers, ""Banana oil!"""	Vediávis banana oil	[]		nvidia/parakeet-tdt-0.6b-v3	cpu
torgo-M02-Session1-0106	M02	dysarthric	/Users/animesh/Animesh/Project 2.0/echora/data/raw/torgo/M/M02/Session1/wav_headMic/0106.wav	8.137	0.321	0.0394	Don't ask me to carry an oily rag like that.	Don't ask me to carry an easy leg like that.	[]		nvidia/parakeet-tdt-0.6b-v3	cpu
torgo-M05-Session1-0094	M05	dysarthric	/Users/animesh/Animesh/Project 2.0/echora/data/raw/torgo/M/M05/Session1/wav_headMic/0094.wav	8.145	0.321	0.0394	"but he always answers, ""Banana oil!"""	But he always answers between all.	[]		nvidia/parakeet-tdt-0.6b-v3	cpu
torgo-M02-Session2-0119	M02	dysarthric	/Users/animesh/Animesh/Project 2.0/echora/data/raw/torgo/M/M02/Session2/wav_headMic/0119.wav	8.200	0.321	0.0391	The misguided souls have lost their way.	Government sky and stars have lost their way.	[]		nvidia/parakeet-tdt-0.6b-v3	cpu
torgo-M05-Session2-0135	M05	dysarthric	/Users/animesh/Animesh/Project 2.0/echora/data/raw/torgo/M/M05/Session2/wav_headMic/0135.wav	8.215	0.316	0.0385	Will Robin wear a yellow lily?		[]		nvidia/parakeet-tdt-0.6b-v3	cpu
torgo-F04-Session2-0223	F04	dysarthric	/Users/animesh/Animesh/Project 2.0/echora/data/raw/torgo/F/F04/Session2/wav_headMic/0223.wav	8.215	0.316	0.0385	He really crucified him; he nailed it for a yard loss.	He really crucified him. He nailed it for a yard loss.	[]		nvidia/parakeet-tdt-0.6b-v3	cpu
torgo-M02-Session1-0222	M02	dysarthric	/Users/animesh/Animesh/Project 2.0/echora/data/raw/torgo/M/M02/Session1/wav_headMic/0222.wav	8.233	0.316	0.0384	One validated acts of school districts.	One violence died of scoop district.	[]		nvidia/parakeet-tdt-0.6b-v3	cpu
torgo-M04-Session2-0133	M04	dysarthric	/Users/animesh/Animesh/Project 2.0/echora/data/raw/torgo/M/M04/Session2/wav_headMic/0133.wav	8.300	0.316	0.0381	They carried me off on the stretcher.	They they scared me off and on and on and on and on I'm treating.	[]		nvidia/parakeet-tdt-0.6b-v3	cpu
torgo-M05-Session2-0238	M05	dysarthric	/Users/animesh/Animesh/Project 2.0/echora/data/raw/torgo/M/M05/Session2/wav_headMic/0238.wav	8.325	0.316	0.0380	Students watched as he got out.	Students watched as he got helped.	[]		nvidia/parakeet-tdt-0.6b-v3	cpu
torgo-M05-Session2-0182	M05	dysarthric	/Users/animesh/Animesh/Project 2.0/echora/data/raw/torgo/M/M05/Session2/wav_headMic/0182.wav	8.335	0.316	0.0379	We rode horseback to the farm.	We rode horse back to the farm.	[]		nvidia/parakeet-tdt-0.6b-v3	cpu
torgo-M04-Session2-0231	M04	dysarthric	/Users/animesh/Animesh/Project 2.0/echora/data/raw/torgo/M/M04/Session2/wav_headMic/0231.wav	8.340	0.316	0.0379	The train approached the depot slowly.	The drain abundant the devotees slowly	[]		nvidia/parakeet-tdt-0.6b-v3	cpu
torgo-M04-Session2-0098	M04	dysarthric	/Users/animesh/Animesh/Project 2.0/echora/data/raw/torgo/M/M04/Session2/wav_headMic/0098.wav	8.355	0.316	0.0378	Well, he is nearly ninety-three years old;	Why he he is really ninety-three years old.	[]		nvidia/parakeet-tdt-0.6b-v3	cpu
torgo-M05-Session2-0043	M05	dysarthric	/Users/animesh/Animesh/Project 2.0/echora/data/raw/torgo/M/M05/Session2/wav_headMic/0043.wav	8.370	0.304	0.0363	Mother sews yellow gingham aprons.	Murzy so yellow gingham apron.	[]		nvidia/parakeet-tdt-0.6b-v3	cpu
torgo-M05-Session2-0279	M05	dysarthric	/Users/animesh/Animesh/Project 2.0/echora/data/raw/torgo/M/M05/Session2/wav_headMic/0279.wav	8.385	0.304	0.0362	A good attitude is unbeatable.	A good attitude is unbeatable.	[]		nvidia/parakeet-tdt-0.6b-v3	cpu
torgo-M01-Session2_3-0088	M01	dysarthric	/Users/animesh/Animesh/Project 2.0/echora/data/raw/torgo/M/M01/Session2_3/wav_headMic/0088.wav	8.418	0.304	0.0361	Mother sews yellow gingham aprons.	Madrid gingham april.	[]		nvidia/parakeet-tdt-0.6b-v3	cpu
torgo-M02-Session2-0235	M02	dysarthric	/Users/animesh/Animesh/Project 2.0/echora/data/raw/torgo/M/M02/Session2/wav_headMic/0235.wav	8.445	0.304	0.0360	The owners regularly look for plumbing leaks.	Down and plumbing it.	[]		nvidia/parakeet-tdt-0.6b-v3	cpu
torgo-M05-Session2-0387	M05	dysarthric	/Users/animesh/Animesh/Project 2.0/echora/data/raw/torgo/M/M05/Session2/wav_headMic/0387.wav	8.470	0.304	0.0359	He is definitely a notch above us.	He is definitely not above us.	[]		nvidia/parakeet-tdt-0.6b-v3	cpu
torgo-M01-Session1-0009	M01	dysarthric	/Users/animesh/Animesh/Project 2.0/echora/data/raw/torgo/M/M01/Session1/wav_headMic/0009.wav	8.540	0.304	0.0356	Grandfather likes to be modern in his language.	Grandpa in his language.	[]		nvidia/parakeet-tdt-0.6b-v3	cpu
torgo-M02-Session2-0121	M02	dysarthric	/Users/animesh/Animesh/Project 2.0/echora/data/raw/torgo/M/M02/Session2/wav_headMic/0121.wav	8.540	0.304	0.0356	This is a period of transition for me.	This is the period of transaction for me.	[]		nvidia/parakeet-tdt-0.6b-v3	cpu
torgo-M05-Session2-0314	M05	dysarthric	/Users/animesh/Animesh/Project 2.0/echora/data/raw/torgo/M/M05/Session2/wav_headMic/0314.wav	8.540	0.304	0.0356	Nobody really expects to evacuate.	Nobody really expects to evacuate.	[]		nvidia/parakeet-tdt-0.6b-v3	cpu
torgo-M05-Session2-0192	M05	dysarthric	/Users/animesh/Animesh/Project 2.0/echora/data/raw/torgo/M/M05/Session2/wav_headMic/0192.wav	8.565	0.306	0.0357	Swing your arm as high as you can.	Swing your arms as high as you can.	[]		nvidia/parakeet-tdt-0.6b-v3	cpu
torgo-M02-Session2-0088	M02	dysarthric	/Users/animesh/Animesh/Project 2.0/echora/data/raw/torgo/M/M02/Session2/wav_headMic/0088.wav	8.575	0.306	0.0356	Two other cases also were under advisement.	Two under cages, all two were undervision.	[]		nvidia/parakeet-tdt-0.6b-v3	cpu
torgo-M02-Session1-0071	M02	dysarthric	/Users/animesh/Animesh/Project 2.0/echora/data/raw/torgo/M/M02/Session1/wav_headMic/0071.wav	8.589	0.306	0.0356	We have often urged him to walk more and smoke less,	We have officers come to walk more and smoke glass.	[]		nvidia/parakeet-tdt-0.6b-v3	cpu
torgo-M04-Session2-0264	M04	dysarthric	/Users/animesh/Animesh/Project 2.0/echora/data/raw/torgo/M/M04/Session2/wav_headMic/0264.wav	8.595	0.306	0.0355	The humidity is overwhelming there.	But humanity uh w it it it overwhelmed me there.	[]		nvidia/parakeet-tdt-0.6b-v3	cpu
torgo-M05-Session2-0276	M05	dysarthric	/Users/animesh/Animesh/Project 2.0/echora/data/raw/torgo/M/M05/Session2/wav_headMic/0276.wav	8.625	0.306	0.0354	Some hotels are available nearby.	Some hotels are available nearby.	[]		nvidia/parakeet-tdt-0.6b-v3	cpu
torgo-M01-Session2_3-0179	M01	dysarthric	/Users/animesh/Animesh/Project 2.0/echora/data/raw/torgo/M/M01/Session2_3/wav_headMic/0179.wav	8.632	0.306	0.0354	It eventually became a rather proud claim.	It eventually became a rather p proud claim.	[]		nvidia/parakeet-tdt-0.6b-v3	cpu
torgo-M05-Session2-0130	M05	dysarthric	/Users/animesh/Animesh/Project 2.0/echora/data/raw/torgo/M/M05/Session2/wav_headMic/0130.wav	8.640	0.306	0.0354	I looked up and noticed two old men.	I looked up and noticed two old men.	[]		nvidia/parakeet-tdt-0.6b-v3	cpu
torgo-M02-Session1-0117	M02	dysarthric	/Users/animesh/Animesh/Project 2.0/echora/data/raw/torgo/M/M02/Session1/wav_headMic/0117.wav	8.670	0.306	0.0352	The quick brown fox jumps over the lazy dog.	The great vampire chems over the lazy dog.	[]		nvidia/parakeet-tdt-0.6b-v3	cpu
torgo-M05-Session2-0101	M05	dysarthric	/Users/animesh/Animesh/Project 2.0/echora/data/raw/torgo/M/M05/Session2/wav_headMic/0101.wav	8.710	0.313	0.0360	The humidity is overwhelming there.	The humidity is overwhelming here.	[]		nvidia/parakeet-tdt-0.6b-v3	cpu
torgo-M04-Session2-0248	M04	dysarthric	/Users/animesh/Animesh/Project 2.0/echora/data/raw/torgo/M/M04/Session2/wav_headMic/0248.wav	8.715	0.313	0.0359	Nothing is as offensive as innocence.	Nothing in had prevented	[]		nvidia/parakeet-tdt-0.6b-v3	cpu
torgo-M02-Session2-0232	M02	dysarthric	/Users/animesh/Animesh/Project 2.0/echora/data/raw/torgo/M/M02/Session2/wav_headMic/0232.wav	8.720	0.313	0.0359	A good attitude is unbeatable.	I've got people. I'm good at the children.	[]		nvidia/parakeet-tdt-0.6b-v3	cpu
torgo-M01-Session2_3-0042	M01	dysarthric	/Users/animesh/Animesh/Project 2.0/echora/data/raw/torgo/M/M01/Session2_3/wav_headMic/0042.wav	8.734	0.313	0.0359	The islands are sparsely populated.	The island are sporty population.	[]		nvidia/parakeet-tdt-0.6b-v3	cpu
torgo-M05-Session2-0076	M05	dysarthric	/Users/animesh/Animesh/Project 2.0/echora/data/raw/torgo/M/M05/Session2/wav_headMic/0076.wav	8.735	0.313	0.0359	She is thinner than I am.	She is thinner than I am.	[]		nvidia/parakeet-tdt-0.6b-v3	cpu
torgo-M02-Session2-0176	M02	dysarthric	/Users/animesh/Animesh/Project 2.0/echora/data/raw/torgo/M/M02/Session2/wav_headMic/0176.wav	8.785	0.313	0.0356	hum	Home	[]		nvidia/parakeet-tdt-0.6b-v3	cpu
torgo-M02-Session1-0137	M02	dysarthric	/Users/animesh/Animesh/Project 2.0/echora/data/raw/torgo/M/M02/Session1/wav_headMic/0137.wav	8.839	0.313	0.0354	Everything went real smooth, the sheriff said.	Everything went real smooth, the sheriff said.	[]		nvidia/parakeet-tdt-0.6b-v3	cpu
torgo-M05-Session2-0049	M05	dysarthric	/Users/animesh/Animesh/Project 2.0/echora/data/raw/torgo/M/M05/Session2/wav_headMic/0049.wav	8.885	0.313	0.0352	The islands are sparsely populated.	The airline is put the population.	[]		nvidia/parakeet-tdt-0.6b-v3	cpu
torgo-M04-Session2-0189	M04	dysarthric	/Users/animesh/Animesh/Project 2.0/echora/data/raw/torgo/M/M04/Session2/wav_headMic/0189.wav	8.915	0.314	0.0352	Bright sunshine shimmers on the ocean.	Bite some try to swim on the ocean.	[]		nvidia/parakeet-tdt-0.6b-v3	cpu
torgo-M05-Session2-0369	M05	dysarthric	/Users/animesh/Animesh/Project 2.0/echora/data/raw/torgo/M/M05/Session2/wav_headMic/0369.wav	8.915	0.314	0.0352	I'm willing to experiment for the first time.	I'm ready to experiment for the first time.	[]		nvidia/parakeet-tdt-0.6b-v3	cpu
torgo-M05-Session2-0008	M05	dysarthric	/Users/animesh/Animesh/Project 2.0/echora/data/raw/torgo/M/M05/Session2/wav_headMic/0008.wav	8.930	0.314	0.0352	I feel I can play this weekend.	I can I feel I can play this weekend.	[]		nvidia/parakeet-tdt-0.6b-v3	cpu
torgo-M05-Session2-0292	M05	dysarthric	/Users/animesh/Animesh/Project 2.0/echora/data/raw/torgo/M/M05/Session2/wav_headMic/0292.wav	8.975	0.314	0.0350	The wait for work can be very long.	The wait for work can be very long	[]		nvidia/parakeet-tdt-0.6b-v3	cpu
torgo-M05-Session1-0019	M05	dysarthric	/Users/animesh/Animesh/Project 2.0/echora/data/raw/torgo/M/M05/Session1/wav_headMic/0019.wav	9.000	0.314	0.0349	A long, flowing beard clings to his chin,	A long flowy beard clinged to his chin.	[]		nvidia/parakeet-tdt-0.6b-v3	cpu
torgo-M01-Session1-0044	M01	dysarthric	/Users/animesh/Animesh/Project 2.0/echora/data/raw/torgo/M/M01/Session1/wav_headMic/0044.wav	9.055	0.314	0.0347	Don't ask me to carry an oily rag like that.	Don't I can look at the regular	[]		nvidia/parakeet-tdt-0.6b-v3	cpu
torgo-M05-Session2-0055	M05	dysarthric	/Users/animesh/Animesh/Project 2.0/echora/data/raw/torgo/M/M05/Session2/wav_headMic/0055.wav	9.060	0.314	0.0347	Why yell or worry over silly items?	Why are we silly things?	[]		nvidia/parakeet-tdt-0.6b-v3	cpu
torgo-M01-Session1-0018	M01	dysarthric	/Users/animesh/Animesh/Project 2.0/echora/data/raw/torgo/M/M01/Session1/wav_headMic/0018.wav	9.085	0.314	0.0346	Well, he is nearly ninety-three years old;	Well, it is nearly ninety reasons all.	[]		nvidia/parakeet-tdt-0.6b-v3	cpu
torgo-M02-Session2-0191	M02	dysarthric	/Users/animesh/Animesh/Project 2.0/echora/data/raw/torgo/M/M02/Session2/wav_headMic/0191.wav	9.100	0.314	0.0345	Night after night, they received annoying phone calls.	No doubt the n they seem annoying from	[]		nvidia/parakeet-tdt-0.6b-v3	cpu
torgo-M01-Session1-0077	M01	dysarthric	/Users/animesh/Animesh/Project 2.0/echora/data/raw/torgo/M/M01/Session1/wav_headMic/0077.wav	9.135	0.314	0.0344	he slowly takes a short walk in the open air each day.	He already takes a yard in the open air in day.	[]		nvidia/parakeet-tdt-0.6b-v3	cpu
torgo-M02-Session2-0133	M02	dysarthric	/Users/animesh/Animesh/Project 2.0/echora/data/raw/torgo/M/M02/Session2/wav_headMic/0133.wav	9.140	0.314	0.0344	Alimony harms a divorced man's wealth.	I was home being home. I suppose many well.	[]		nvidia/parakeet-tdt-0.6b-v3	cpu
torgo-M05-Session2-0163	M05	dysarthric	/Users/animesh/Animesh/Project 2.0/echora/data/raw/torgo/M/M05/Session2/wav_headMic/0163.wav	9.160	0.314	0.0343	The little schoolhouse stood empty.	Vielen Dank schoolhaus stood empty.	[]		nvidia/parakeet-tdt-0.6b-v3	cpu
torgo-M04-Session2-0286	M04	dysarthric	/Users/animesh/Animesh/Project 2.0/echora/data/raw/torgo/M/M04/Session2/wav_headMic/0286.wav	9.195	0.314	0.0342	She wore warm, fleecy, woolen overalls.		[]		nvidia/parakeet-tdt-0.6b-v3	cpu
torgo-M05-Session2-0088	M05	dysarthric	/Users/animesh/Animesh/Project 2.0/echora/data/raw/torgo/M/M05/Session2/wav_headMic/0088.wav	9.200	0.314	0.0341	I scrubbed the floors thoroughly.	I could the floor slowly	[]		nvidia/parakeet-tdt-0.6b-v3	cpu
torgo-M02-Session1-0098	M02	dysarthric	/Users/animesh/Animesh/Project 2.0/echora/data/raw/torgo/M/M02/Session1/wav_headMic/0098.wav	9.203	0.314	0.0341	A long, flowing beard clings to his chin,	A long following beard clings to its chain.	[]		nvidia/parakeet-tdt-0.6b-v3	cpu
torgo-M05-Session2-0056	M05	dysarthric	/Users/animesh/Animesh/Project 2.0/echora/data/raw/torgo/M/M05/Session2/wav_headMic/0056.wav	9.215	0.314	0.0341	Why yell or worry over silly items?	Why over steel items	[]		nvidia/parakeet-tdt-0.6b-v3	cpu
torgo-M04-Session2-0242	M04	dysarthric	/Users/animesh/Animesh/Project 2.0/echora/data/raw/torgo/M/M04/Session2/wav_headMic/0242.wav	9.220	0.360	0.0390	I looked up and noticed two old men.	I let up and no it didn't know the two old men.	[]		nvidia/parakeet-tdt-0.6b-v3	cpu
torgo-M05-Session2-0078	M05	dysarthric	/Users/animesh/Animesh/Project 2.0/echora/data/raw/torgo/M/M05/Session2/wav_headMic/0078.wav	9.270	0.360	0.0388	They carried me off on the stretcher.	They kicked me off on the stretcher.	[]		nvidia/parakeet-tdt-0.6b-v3	cpu
torgo-M04-Session2-0093	M04	dysarthric	/Users/animesh/Animesh/Project 2.0/echora/data/raw/torgo/M/M04/Session2/wav_headMic/0093.wav	9.315	0.360	0.0386	"but he always answers, ""Banana oil!"""	But he always ended b b banana oil.	[]		nvidia/parakeet-tdt-0.6b-v3	cpu
torgo-M05-Session2-0026	M05	dysarthric	/Users/animesh/Animesh/Project 2.0/echora/data/raw/torgo/M/M05/Session2/wav_headMic/0026.wav	9.340	0.360	0.0385	My sister made the flowered curtains.	My sister made flaur curtains.	[]		nvidia/parakeet-tdt-0.6b-v3	cpu
torgo-M05-Session2-0385	M05	dysarthric	/Users/animesh/Animesh/Project 2.0/echora/data/raw/torgo/M/M05/Session2/wav_headMic/0385.wav	9.355	0.360	0.0385	Only lawyers love millionaires.	Only lawyers love million years.	[]		nvidia/parakeet-tdt-0.6b-v3	cpu
torgo-M04-Session2-0255	M04	dysarthric	/Users/animesh/Animesh/Project 2.0/echora/data/raw/torgo/M/M04/Session2/wav_headMic/0255.wav	9.390	0.360	0.0383	You're used to being on the field.	You you you uh you to be uh on the on the field.	[]		nvidia/parakeet-tdt-0.6b-v3	cpu
torgo-M01-Session1-0026	M01	dysarthric	/Users/animesh/Animesh/Project 2.0/echora/data/raw/torgo/M/M01/Session1/wav_headMic/0026.wav	9.440	0.360	0.0381	yet he still thinks as swiftly as ever.	Yet interlink and swirl and ever	[]		nvidia/parakeet-tdt-0.6b-v3	cpu
torgo-M02-Session2-0204	M02	dysarthric	/Users/animesh/Animesh/Project 2.0/echora/data/raw/torgo/M/M02/Session2/wav_headMic/0204.wav	9.455	0.360	0.0380	If you are losing water, replace it immediately.	If we were losing water, we placed to make a league.	[]		nvidia/parakeet-tdt-0.6b-v3	cpu
torgo-M01-Session1-0011	M01	dysarthric	/Users/animesh/Animesh/Project 2.0/echora/data/raw/torgo/M/M01/Session1/wav_headMic/0011.wav	9.460	0.328	0.0347	Except in the winter when the ooze or snow or ice prevents,	Again in the winter window are not our eight pervent.	[]		nvidia/parakeet-tdt-0.6b-v3	cpu
torgo-M05-Session2-0236	M05	dysarthric	/Users/animesh/Animesh/Project 2.0/echora/data/raw/torgo/M/M05/Session2/wav_headMic/0236.wav	9.485	0.328	0.0346	The misguided souls have lost their way.	The misguided shows have lost the way.	[]		nvidia/parakeet-tdt-0.6b-v3	cpu
torgo-M05-Session2-0068	M05	dysarthric	/Users/animesh/Animesh/Project 2.0/echora/data/raw/torgo/M/M05/Session2/wav_headMic/0068.wav	9.500	0.328	0.0346	I tried to tell people in the community.	Un tired to tell people in their community.	[]		nvidia/parakeet-tdt-0.6b-v3	cpu
torgo-M02-Session2-0098	M02	dysarthric	/Users/animesh/Animesh/Project 2.0/echora/data/raw/torgo/M/M02/Session2/wav_headMic/0098.wav	9.515	0.328	0.0345	Aluminum silverware can often be flimsy.	I love my name that my can help and be thoroughly.	[]		nvidia/parakeet-tdt-0.6b-v3	cpu
torgo-M02-Session1-0055	M02	dysarthric	/Users/animesh/Animesh/Project 2.0/echora/data/raw/torgo/M/M02/Session1/wav_headMic/0055.wav	9.534	0.328	0.0344	She had your dark suit in greasy wash water all year.	She had a ducks in Greece Blas for yeah.	[]		nvidia/parakeet-tdt-0.6b-v3	cpu
torgo-M05-Session2-0131	M05	dysarthric	/Users/animesh/Animesh/Project 2.0/echora/data/raw/torgo/M/M05/Session2/wav_headMic/0131.wav	9.540	0.328	0.0344	All the big baseball players get traded.	All the big mask players were traded.	[]		nvidia/parakeet-tdt-0.6b-v3	cpu
torgo-M05-Session2-0313	M05	dysarthric	/Users/animesh/Animesh/Project 2.0/echora/data/raw/torgo/M/M05/Session2/wav_headMic/0313.wav	9.545	0.328	0.0344	Nobody really expects to evacuate.	Nobody ex really express to irrational	[]		nvidia/parakeet-tdt-0.6b-v3	cpu
torgo-M05-Session2-0216	M05	dysarthric	/Users/animesh/Animesh/Project 2.0/echora/data/raw/torgo/M/M05/Session2/wav_headMic/0216.wav	9.575	0.328	0.0343	When all else fails, use force.	When all else fails, use force.	[]		nvidia/parakeet-tdt-0.6b-v3	cpu
torgo-M05-Session2-0155	M05	dysarthric	/Users/animesh/Animesh/Project 2.0/echora/data/raw/torgo/M/M05/Session2/wav_headMic/0155.wav	9.580	0.326	0.0340	The museum hires musicians every evening.	Zal Museum hires musiciens every evening.	[]		nvidia/parakeet-tdt-0.6b-v3	cpu
torgo-F03-Session2-0133	F03	dysarthric	/Users/animesh/Animesh/Project 2.0/echora/data/raw/torgo/F/F03/Session2/wav_headMic/0133.wav	9.590	0.326	0.0340	It eventually became a rather proud claim.	It eventually became a rather proud claim.	[]		nvidia/parakeet-tdt-0.6b-v3	cpu
torgo-M05-Session2-0321	M05	dysarthric	/Users/animesh/Animesh/Project 2.0/echora/data/raw/torgo/M/M05/Session2/wav_headMic/0321.wav	9.635	0.326	0.0338	Beg that guard for one gallon of gas.	Make that good for one gallon of gas.	[]		nvidia/parakeet-tdt-0.6b-v3	cpu
torgo-M05-Session2-0368	M05	dysarthric	/Users/animesh/Animesh/Project 2.0/echora/data/raw/torgo/M/M05/Session2/wav_headMic/0368.wav	9.660	0.326	0.0337	Get a calico cat to keep.	Get a calculation.	[]		nvidia/parakeet-tdt-0.6b-v3	cpu
torgo-M01-Session2_3-0206	M01	dysarthric	/Users/animesh/Animesh/Project 2.0/echora/data/raw/torgo/M/M01/Session2_3/wav_headMic/0206.wav	9.663	0.326	0.0337	When all else fails, use force.	Well I always do it for shit.	[]		nvidia/parakeet-tdt-0.6b-v3	cpu
torgo-F04-Session2-0115	F04	dysarthric	/Users/animesh/Animesh/Project 2.0/echora/data/raw/torgo/F/F04/Session2/wav_headMic/0115.wav	9.705	0.326	0.0336	It also provides for funds to clear slums and help colleges build dormitories.	It also provides for funds to clear slums and help colleges build dormitories.	[]		nvidia/parakeet-tdt-0.6b-v3	cpu
torgo-M05-Session2-0107	M05	dysarthric	/Users/animesh/Animesh/Project 2.0/echora/data/raw/torgo/M/M05/Session2/wav_headMic/0107.wav	9.730	0.326	0.0335	I just try to do my best.	I I tried, I just tried to do my best.	[]		nvidia/parakeet-tdt-0.6b-v3	cpu
torgo-M02-Session2-0163	M02	dysarthric	/Users/animesh/Animesh/Project 2.0/echora/data/raw/torgo/M/M02/Session2/wav_headMic/0163.wav	9.750	0.326	0.0334	She wore warm, fleecy, woolen overalls.	She was one place one overall.	[]		nvidia/parakeet-tdt-0.6b-v3	cpu
torgo-M04-Session2-0220	M04	dysarthric	/Users/animesh/Animesh/Project 2.0/echora/data/raw/torgo/M/M04/Session2/wav_headMic/0220.wav	9.820	0.320	0.0326	Jane may earn more money by working hard.	Games may earn more money by working harder.	[]		nvidia/parakeet-tdt-0.6b-v3	cpu
torgo-M02-Session1-0080	M02	dysarthric	/Users/animesh/Animesh/Project 2.0/echora/data/raw/torgo/M/M02/Session1/wav_headMic/0080.wav	9.824	0.320	0.0326	he slowly takes a short walk in the open air each day.	He slowly takes a short walk in the open air each day.	[]		nvidia/parakeet-tdt-0.6b-v3	cpu
torgo-M01-Session2_3-0188	M01	dysarthric	/Users/animesh/Animesh/Project 2.0/echora/data/raw/torgo/M/M01/Session2_3/wav_headMic/0188.wav	9.843	0.320	0.0325	Aluminum silverware can often be flimsy.	aluminum everywhere can I didn't be fear me.	[]		nvidia/parakeet-tdt-0.6b-v3	cpu
torgo-M02-Session2-0137	M02	dysarthric	/Users/animesh/Animesh/Project 2.0/echora/data/raw/torgo/M/M02/Session2/wav_headMic/0137.wav	9.865	0.320	0.0325	This is not a program of socialized medicine.	This is not a program of self-sublied medicine.	[]		nvidia/parakeet-tdt-0.6b-v3	cpu
torgo-M05-Session2-0265	M05	dysarthric	/Users/animesh/Animesh/Project 2.0/echora/data/raw/torgo/M/M05/Session2/wav_headMic/0265.wav	9.915	0.320	0.0323	Carl lives in a lively home.		[]		nvidia/parakeet-tdt-0.6b-v3	cpu
torgo-F03-Session2-0054	F03	dysarthric	/Users/animesh/Animesh/Project 2.0/echora/data/raw/torgo/F/F03/Session2/wav_headMic/0054.wav	9.925	0.320	0.0323	Mother sews yellow	Mother Souls Yellow. Yes.	[]		nvidia/parakeet-tdt-0.6b-v3	cpu
torgo-F04-Session2-0183	F04	dysarthric	/Users/animesh/Animesh/Project 2.0/echora/data/raw/torgo/F/F04/Session2/wav_headMic/0183.wav	9.950	0.320	0.0322	He further proposed grants of an unspecified sum for experimental hospitals.	He further proposed grants of an unspecified sum for experimental hospitals.	[]		nvidia/parakeet-tdt-0.6b-v3	cpu
torgo-M02-Session2-0111	M02	dysarthric	/Users/animesh/Animesh/Project 2.0/echora/data/raw/torgo/M/M02/Session2/wav_headMic/0111.wav	9.950	0.320	0.0322	Both injuries were to the same leg.	Bob's injuries were the two the same lake.	[]		nvidia/parakeet-tdt-0.6b-v3	cpu
torgo-M05-Session2-0170	M05	dysarthric	/Users/animesh/Animesh/Project 2.0/echora/data/raw/torgo/M/M05/Session2/wav_headMic/0170.wav	9.965	0.340	0.0341	I expect we'll bounce back this week.	I expect will bounce back this week.	[]		nvidia/parakeet-tdt-0.6b-v3	cpu
torgo-M05-Session2-0066	M05	dysarthric	/Users/animesh/Animesh/Project 2.0/echora/data/raw/torgo/M/M05/Session2/wav_headMic/0066.wav	10.005	0.340	0.0340	Bright sunshine shimmers on the ocean.	Bright sunshine shimmers on the ocean.	[]		nvidia/parakeet-tdt-0.6b-v3	cpu
torgo-M04-Session2-0298	M04	dysarthric	/Users/animesh/Animesh/Project 2.0/echora/data/raw/torgo/M/M04/Session2/wav_headMic/0298.wav	10.045	0.340	0.0339	Both injuries were to the same leg.	But in doing war to m the the thing like	[]		nvidia/parakeet-tdt-0.6b-v3	cpu
torgo-M02-Session1-0044	M02	dysarthric	/Users/animesh/Animesh/Project 2.0/echora/data/raw/torgo/M/M02/Session1/wav_headMic/0044.wav	10.120	0.340	0.0336	he dresses himself in an ancient black frock coat,	He dresses himself in an ancient black frock coat.	[]		nvidia/parakeet-tdt-0.6b-v3	cpu
torgo-M02-Session2-0207	M02	dysarthric	/Users/animesh/Animesh/Project 2.0/echora/data/raw/torgo/M/M02/Session2/wav_headMic/0207.wav	10.145	0.340	0.0335	It eventually became a rather proud claim.	It eventually became a valid proud claim.	[]		nvidia/parakeet-tdt-0.6b-v3	cpu
torgo-M04-Session2-0044	M04	dysarthric	/Users/animesh/Animesh/Project 2.0/echora/data/raw/torgo/M/M04/Session2/wav_headMic/0044.wav	10.145	0.340	0.0335	yet he still thinks as swiftly as ever.	Yet she totally and drill and ever.	[]		nvidia/parakeet-tdt-0.6b-v3	cpu
torgo-M05-Session1-0077	M05	dysarthric	/Users/animesh/Animesh/Project 2.0/echora/data/raw/torgo/M/M05/Session1/wav_headMic/0077.wav	10.145	0.340	0.0335	yet he still thinks as swiftly as ever.	Yet he still thinks I switch the effort.	[]		nvidia/parakeet-tdt-0.6b-v3	cpu
torgo-M01-Session1-0092	M01	dysarthric	/Users/animesh/Animesh/Project 2.0/echora/data/raw/torgo/M/M01/Session1/wav_headMic/0092.wav	10.195	0.340	0.0334	We have often urged him to walk more and smoke less,	We are in the wagon and mocking it.	[]		nvidia/parakeet-tdt-0.6b-v3	cpu
torgo-M05-Session2-0100	M05	dysarthric	/Users/animesh/Animesh/Project 2.0/echora/data/raw/torgo/M/M05/Session2/wav_headMic/0100.wav	10.195	0.359	0.0352	Jane may earn more money by working hard.	They make more money by working hard.	[]		nvidia/parakeet-tdt-0.6b-v3	cpu
torgo-M04-Session2-0274	M04	dysarthric	/Users/animesh/Animesh/Project 2.0/echora/data/raw/torgo/M/M04/Session2/wav_headMic/0274.wav	10.205	0.359	0.0352	The islands are sparsely populated.	The island I'm buying puppy line.	[]		nvidia/parakeet-tdt-0.6b-v3	cpu
torgo-F03-Session2-0101	F03	dysarthric	/Users/animesh/Animesh/Project 2.0/echora/data/raw/torgo/F/F03/Session2/wav_headMic/0101.wav	10.225	0.359	0.0351	Alimony harms a divorced man's wealth.	Alimony harms a divorced man's wealth.	[]		nvidia/parakeet-tdt-0.6b-v3	cpu
torgo-M01-Session1-0012	M01	dysarthric	/Users/animesh/Animesh/Project 2.0/echora/data/raw/torgo/M/M01/Session1/wav_headMic/0012.wav	10.225	0.359	0.0351	A long, flowing beard clings to his chin,	A long flowing beard clinks to inside.	[]		nvidia/parakeet-tdt-0.6b-v3	cpu
torgo-M05-Session2-0091	M05	dysarthric	/Users/animesh/Animesh/Project 2.0/echora/data/raw/torgo/M/M05/Session2/wav_headMic/0091.wav	10.240	0.359	0.0351	Nothing is as offensive as innocence.	Nothing is as offensive as in it.	[]		nvidia/parakeet-tdt-0.6b-v3	cpu
torgo-M05-Session2-0287	M05	dysarthric	/Users/animesh/Animesh/Project 2.0/echora/data/raw/torgo/M/M05/Session2/wav_headMic/0287.wav	10.260	0.359	0.0350	White-capped waves covered the entire bay.	What waves covered the entire bay?	[]		nvidia/parakeet-tdt-0.6b-v3	cpu
torgo-M04-Session2-0190	M04	dysarthric	/Users/animesh/Animesh/Project 2.0/echora/data/raw/torgo/M/M04/Session2/wav_headMic/0190.wav	10.275	0.359	0.0350	Where were you while we were away?	Well where you well wow we we well	[]		nvidia/parakeet-tdt-0.6b-v3	cpu
torgo-M01-Session1-0072	M01	dysarthric	/Users/animesh/Animesh/Project 2.0/echora/data/raw/torgo/M/M01/Session1/wav_headMic/0072.wav	10.285	0.359	0.0349	She had your dark suit in greasy wash water all year.	And here in greasy white wide out here.	[]		nvidia/parakeet-tdt-0.6b-v3	cpu
torgo-M02-Session2-0195	M02	dysarthric	/Users/animesh/Animesh/Project 2.0/echora/data/raw/torgo/M/M02/Session2/wav_headMic/0195.wav	10.320	0.375	0.0364	Day after day some new episode is reported.	They have today some number of self is reported.	[]		nvidia/parakeet-tdt-0.6b-v3	cpu
torgo-M04-Session2-0032	M04	dysarthric	/Users/animesh/Animesh/Project 2.0/echora/data/raw/torgo/M/M04/Session2/wav_headMic/0032.wav	10.340	0.375	0.0363	Don't ask me to carry an oily rag like that.	Don't ask me to carry uh what all he was saying like that.	[]		nvidia/parakeet-tdt-0.6b-v3	cpu
torgo-M05-Session2-0179	M05	dysarthric	/Users/animesh/Animesh/Project 2.0/echora/data/raw/torgo/M/M05/Session2/wav_headMic/0179.wav	10.350	0.375	0.0363	This is a period of transition for me.	This is a green of transition for me.	[]		nvidia/parakeet-tdt-0.6b-v3	cpu
torgo-M04-Session2-0007	M04	dysarthric	/Users/animesh/Animesh/Project 2.0/echora/data/raw/torgo/M/M04/Session2/wav_headMic/0007.wav	10.440	0.375	0.0360	Grandfather likes to be modern in his language.	G grandpa doesn't like to be mama in in his language.	[]		nvidia/parakeet-tdt-0.6b-v3	cpu
torgo-M04-Session2-0246	M04	dysarthric	/Users/animesh/Animesh/Project 2.0/echora/data/raw/torgo/M/M04/Session2/wav_headMic/0246.wav	10.465	0.375	0.0359	Nothing is as offensive as innocence.	Nothing and and and I've had	[]		nvidia/parakeet-tdt-0.6b-v3	cpu
torgo-M05-Session2-0256	M05	dysarthric	/Users/animesh/Animesh/Project 2.0/echora/data/raw/torgo/M/M05/Session2/wav_headMic/0256.wav	10.490	0.375	0.0358	She wore warm, fleecy, woolen overalls.	Is she wore warm files with an overall?	[]		nvidia/parakeet-tdt-0.6b-v3	cpu
torgo-M04-Session2-0038	M04	dysarthric	/Users/animesh/Animesh/Project 2.0/echora/data/raw/torgo/M/M04/Session2/wav_headMic/0038.wav	10.570	0.375	0.0355	The quick brown fox jumps over the lazy dog.	That quick bum fun jump over the lady dog.	[]		nvidia/parakeet-tdt-0.6b-v3	cpu
torgo-M05-Session2-0138	M05	dysarthric	/Users/animesh/Animesh/Project 2.0/echora/data/raw/torgo/M/M05/Session2/wav_headMic/0138.wav	10.570	0.375	0.0355	You'd be better off taking a cold shower.	Я бибти автокин ковид шавы.	[]		nvidia/parakeet-tdt-0.6b-v3	cpu
torgo-M05-Session2-0291	M05	dysarthric	/Users/animesh/Animesh/Project 2.0/echora/data/raw/torgo/M/M05/Session2/wav_headMic/0291.wav	10.640	0.349	0.0328	The wait for work can be very do it again	So week for weeks can be a really driven.	[]		nvidia/parakeet-tdt-0.6b-v3	cpu
torgo-M05-Session2-0001	M05	dysarthric	/Users/animesh/Animesh/Project 2.0/echora/data/raw/torgo/M/M05/Session2/wav_headMic/0001.wav	10.755	0.349	0.0324	Today's date. February 13th	Today's date. Yeah. Okay, perfect.	[]		nvidia/parakeet-tdt-0.6b-v3	cpu
torgo-M05-Session1-0015	M05	dysarthric	/Users/animesh/Animesh/Project 2.0/echora/data/raw/torgo/M/M05/Session1/wav_headMic/0015.wav	10.820	0.349	0.0322	Well, he is nearly ninety-three years old;	Well well he is maybe thirty many three years old.	[]		nvidia/parakeet-tdt-0.6b-v3	cpu
torgo-M04-Session2-0158	M04	dysarthric	/Users/animesh/Animesh/Project 2.0/echora/data/raw/torgo/M/M04/Session2/wav_headMic/0158.wav	10.830	0.349	0.0322	I just try to do my best.	I did get trying to be the tomb on my bed.	[]		nvidia/parakeet-tdt-0.6b-v3	cpu
torgo-M05-Session2-0102	M05	dysarthric	/Users/animesh/Animesh/Project 2.0/echora/data/raw/torgo/M/M05/Session2/wav_headMic/0102.wav	10.900	0.349	0.0320	Everything went real smooth, the sheriff said.	Everything went with smooth the ship said.	[]		nvidia/parakeet-tdt-0.6b-v3	cpu
torgo-M05-Session1-0057	M05	dysarthric	/Users/animesh/Animesh/Project 2.0/echora/data/raw/torgo/M/M05/Session1/wav_headMic/0057.wav	10.990	0.349	0.0317	he slowly takes a short walk in the open air each day.	He slowly takes a walk in the open air each day.	[]		nvidia/parakeet-tdt-0.6b-v3	cpu
torgo-M05-Session2-0212	M05	dysarthric	/Users/animesh/Animesh/Project 2.0/echora/data/raw/torgo/M/M05/Session2/wav_headMic/0212.wav	11.085	0.349	0.0315	Both injuries were to the same leg.	Both injuries were to the same leg.	[]		nvidia/parakeet-tdt-0.6b-v3	cpu
torgo-M05-Session1-0078	M05	dysarthric	/Users/animesh/Animesh/Project 2.0/echora/data/raw/torgo/M/M05/Session1/wav_headMic/0078.wav	11.105	0.349	0.0314	Don't ask me to carry an oily rag like that.	Don't ask me to carry an or leg with that.	[]		nvidia/parakeet-tdt-0.6b-v3	cpu
torgo-M04-Session2-0046	M04	dysarthric	/Users/animesh/Animesh/Project 2.0/echora/data/raw/torgo/M/M04/Session2/wav_headMic/0046.wav	11.145	0.362	0.0325	We have often urged him to walk more and smoke less,	We we have hard into one more and and and smoke left.	[]		nvidia/parakeet-tdt-0.6b-v3	cpu
torgo-M05-Session2-0243	M05	dysarthric	/Users/animesh/Animesh/Project 2.0/echora/data/raw/torgo/M/M05/Session2/wav_headMic/0243.wav	11.145	0.362	0.0325	Night after night, they received annoying phone calls.	Night after night, they received annoying phone calls.	[]		nvidia/parakeet-tdt-0.6b-v3	cpu
torgo-M05-Session2-0215	M05	dysarthric	/Users/animesh/Animesh/Project 2.0/echora/data/raw/torgo/M/M05/Session2/wav_headMic/0215.wav	11.275	0.362	0.0321	If you are losing water, replace it immediately.	If you are using water, replace it immediately.	[]		nvidia/parakeet-tdt-0.6b-v3	cpu
torgo-M05-Session2-0128	M05	dysarthric	/Users/animesh/Animesh/Project 2.0/echora/data/raw/torgo/M/M05/Session2/wav_headMic/0128.wav	11.365	0.362	0.0319	Two other cases also were under advisement.	Two other cases also were under advancement.	[]		nvidia/parakeet-tdt-0.6b-v3	cpu
torgo-M05-Session2-0085	M05	dysarthric	/Users/animesh/Animesh/Project 2.0/echora/data/raw/torgo/M/M05/Session2/wav_headMic/0085.wav	11.420	0.362	0.0317	The train approached the depot slowly.	That thing approached the depot slowly.	[]		nvidia/parakeet-tdt-0.6b-v3	cpu
torgo-M05-Session2-0282	M05	dysarthric	/Users/animesh/Animesh/Project 2.0/echora/data/raw/torgo/M/M05/Session2/wav_headMic/0282.wav	11.420	0.362	0.0317	Those musicians harmonize marvelously.	Those musicians human night murder.	[]		nvidia/parakeet-tdt-0.6b-v3	cpu
torgo-M04-Session2-0160	M04	dysarthric	/Users/animesh/Animesh/Project 2.0/echora/data/raw/torgo/M/M04/Session2/wav_headMic/0160.wav	11.430	0.362	0.0317	Are your grades higher or lower than Nancy's?	Are you uh are you your grain higher or lower than nancy?	[]		nvidia/parakeet-tdt-0.6b-v3	cpu
torgo-M05-Session2-0051	M05	dysarthric	/Users/animesh/Animesh/Project 2.0/echora/data/raw/torgo/M/M05/Session2/wav_headMic/0051.wav	11.440	0.362	0.0317	Both figures would go higher in later years.	Both figures will grow higher in later years.	[]		nvidia/parakeet-tdt-0.6b-v3	cpu
torgo-M05-Session2-0027	M05	dysarthric	/Users/animesh/Animesh/Project 2.0/echora/data/raw/torgo/M/M05/Session2/wav_headMic/0027.wav	11.495	0.360	0.0314	One validated acts of school districts.	One validated act of goodist.	[]		nvidia/parakeet-tdt-0.6b-v3	cpu
torgo-M05-Session2-0239	M05	dysarthric	/Users/animesh/Animesh/Project 2.0/echora/data/raw/torgo/M/M05/Session2/wav_headMic/0239.wav	11.515	0.360	0.0313	The dolphins swam around our boat.	The dolphins swam around a boat.	[]		nvidia/parakeet-tdt-0.6b-v3	cpu
torgo-M02-Session2-0128	M02	dysarthric	/Users/animesh/Animesh/Project 2.0/echora/data/raw/torgo/M/M02/Session2/wav_headMic/0128.wav	11.535	0.360	0.0312	Before Thursday's exam, review every formula.		[]		nvidia/parakeet-tdt-0.6b-v3	cpu
torgo-M05-Session1-0062	M05	dysarthric	/Users/animesh/Animesh/Project 2.0/echora/data/raw/torgo/M/M05/Session1/wav_headMic/0062.wav	11.595	0.360	0.0311	You wished to know all about my grandfather.	You wish knew all about your grandpa.	[]		nvidia/parakeet-tdt-0.6b-v3	cpu
torgo-M05-Session2-0260	M05	dysarthric	/Users/animesh/Animesh/Project 2.0/echora/data/raw/torgo/M/M05/Session2/wav_headMic/0260.wav	11.600	0.360	0.0311	This is not a program of socialized medicine.	This is not a program of socialised medicine.	[]		nvidia/parakeet-tdt-0.6b-v3	cpu
torgo-M02-Session2-0161	M02	dysarthric	/Users/animesh/Animesh/Project 2.0/echora/data/raw/torgo/M/M02/Session2/wav_headMic/0161.wav	11.625	0.360	0.0310	The museum hires musicians every evening.	Dumb news EM hides magnets every weekend.	[]		nvidia/parakeet-tdt-0.6b-v3	cpu
torgo-M05-Session2-0365	M05	dysarthric	/Users/animesh/Animesh/Project 2.0/echora/data/raw/torgo/M/M05/Session2/wav_headMic/0365.wav	11.625	0.360	0.0310	It's fun to roast marshmallows on a gas burner.	It's fun to roast marshmallows on a gas bone.	[]		nvidia/parakeet-tdt-0.6b-v3	cpu
torgo-M02-Session1-0092	M02	dysarthric	/Users/animesh/Animesh/Project 2.0/echora/data/raw/torgo/M/M02/Session1/wav_headMic/0092.wav	11.639	0.360	0.0310	Twice each day he plays skillfully and with zest upon our small organ.	Transit capally and with the stubborn are small organ.	[]		nvidia/parakeet-tdt-0.6b-v3	cpu
torgo-M04-Session2-0168	M04	dysarthric	/Users/animesh/Animesh/Project 2.0/echora/data/raw/torgo/M/M04/Session2/wav_headMic/0168.wav	11.685	0.446	0.0382	I tried to tell people in the community.	I I try to to tell people in the the the c community.	[]		nvidia/parakeet-tdt-0.6b-v3	cpu
torgo-M05-Session2-0165	M05	dysarthric	/Users/animesh/Animesh/Project 2.0/echora/data/raw/torgo/M/M05/Session2/wav_headMic/0165.wav	11.700	0.446	0.0382	It eventually became a rather proud claim.	It eventually became a rad claim.	[]		nvidia/parakeet-tdt-0.6b-v3	cpu
torgo-M05-Session2-0286	M05	dysarthric	/Users/animesh/Animesh/Project 2.0/echora/data/raw/torgo/M/M05/Session2/wav_headMic/0286.wav	11.705	0.446	0.0381	The owners regularly look for plumbing leaks.	La owners regularly look for plumbing weeks.	[]		nvidia/parakeet-tdt-0.6b-v3	cpu
torgo-M01-Session2_3-0066	M01	dysarthric	/Users/animesh/Animesh/Project 2.0/echora/data/raw/torgo/M/M01/Session2_3/wav_headMic/0066.wav	11.749	0.446	0.0380	Two other cases also were under advisement.	Two other cases also were under advisement.	[]		nvidia/parakeet-tdt-0.6b-v3	cpu
torgo-M04-Session2-0219	M04	dysarthric	/Users/animesh/Animesh/Project 2.0/echora/data/raw/torgo/M/M04/Session2/wav_headMic/0219.wav	11.775	0.446	0.0379	Both figures would go higher in later years.	Both fingers would go higher in in later years.	[]		nvidia/parakeet-tdt-0.6b-v3	cpu
torgo-M05-Session2-0246	M05	dysarthric	/Users/animesh/Animesh/Project 2.0/echora/data/raw/torgo/M/M05/Session2/wav_headMic/0246.wav	11.780	0.446	0.0379	A roll of wire lay near the wall.	You that was	[]		nvidia/parakeet-tdt-0.6b-v3	cpu
torgo-M05-Session2-0176	M05	dysarthric	/Users/animesh/Animesh/Project 2.0/echora/data/raw/torgo/M/M05/Session2/wav_headMic/0176.wav	11.805	0.446	0.0378	Alimony harms a divorced man's wealth.	Anne Money Holmes a divorce man's wealth.	[]		nvidia/parakeet-tdt-0.6b-v3	cpu
torgo-M04-Session2-0077	M04	dysarthric	/Users/animesh/Animesh/Project 2.0/echora/data/raw/torgo/M/M04/Session2/wav_headMic/0077.wav	11.880	0.446	0.0376	You wished to know all about my grandfather.	You want uh to know all uh about my my good grandfather.	[]		nvidia/parakeet-tdt-0.6b-v3	cpu
torgo-M04-Session2-0153	M04	dysarthric	/Users/animesh/Animesh/Project 2.0/echora/data/raw/torgo/M/M04/Session2/wav_headMic/0153.wav	11.975	0.461	0.0385	One validated acts of school districts.	When balloting and out of school did	[]		nvidia/parakeet-tdt-0.6b-v3	cpu
torgo-M01-Session1-0005	M01	dysarthric	/Users/animesh/Animesh/Project 2.0/echora/data/raw/torgo/M/M01/Session1/wav_headMic/0005.wav	12.075	0.461	0.0382	When he speaks, his voice is just a bit cracked and quivers a trifle.	When he picked invite enjoyed a bit crack and quiver	[]		nvidia/parakeet-tdt-0.6b-v3	cpu
torgo-M04-Session2-0147	M04	dysarthric	/Users/animesh/Animesh/Project 2.0/echora/data/raw/torgo/M/M04/Session2/wav_headMic/0147.wav	12.075	0.461	0.0382	Two other cases also were under advisement.	Two other kidden auto under abendment.	[]		nvidia/parakeet-tdt-0.6b-v3	cpu
torgo-M01-Session2_3-0159	M01	dysarthric	/Users/animesh/Animesh/Project 2.0/echora/data/raw/torgo/M/M01/Session2_3/wav_headMic/0159.wav	12.081	0.461	0.0382	This is not a program of socialized medicine.	Did it last a program of your uh can I turn over again? Sorry.	[]		nvidia/parakeet-tdt-0.6b-v3	cpu
torgo-M05-Session2-0087	M05	dysarthric	/Users/animesh/Animesh/Project 2.0/echora/data/raw/torgo/M/M05/Session2/wav_headMic/0087.wav	12.225	0.461	0.0377	Are your grades higher or lower than Nancy's?	Are your grade higher or lower than nancies?	[]		nvidia/parakeet-tdt-0.6b-v3	cpu
torgo-M05-Session1-0056	M05	dysarthric	/Users/animesh/Animesh/Project 2.0/echora/data/raw/torgo/M/M05/Session1/wav_headMic/0056.wav	12.335	0.461	0.0374	The quick brown fox jumps over the lazy dog.	The quick brown fox jump over the busy dog.	[]		nvidia/parakeet-tdt-0.6b-v3	cpu
torgo-M04-Session2-0281	M04	dysarthric	/Users/animesh/Animesh/Project 2.0/echora/data/raw/torgo/M/M04/Session2/wav_headMic/0281.wav	12.380	0.461	0.0373	Aluminum silverware can often be flimsy.	Haluminum cannot be sunny.	[]		nvidia/parakeet-tdt-0.6b-v3	cpu
torgo-M01-Session1-0019	M01	dysarthric	/Users/animesh/Animesh/Project 2.0/echora/data/raw/torgo/M/M01/Session1/wav_headMic/0019.wav	12.390	0.461	0.0372	he dresses himself in an ancient black frock coat,	He dreaded in yellow bean and aging black frogs coat.	[]		nvidia/parakeet-tdt-0.6b-v3	cpu
torgo-M04-Session2-0216	M04	dysarthric	/Users/animesh/Animesh/Project 2.0/echora/data/raw/torgo/M/M04/Session2/wav_headMic/0216.wav	12.410	0.639	0.0515	Mother sews yellow gingham aprons.	Mm-hmm, the thrown yellow gang, um,	[]		nvidia/parakeet-tdt-0.6b-v3	cpu
torgo-M01-Session1-0056	M01	dysarthric	/Users/animesh/Animesh/Project 2.0/echora/data/raw/torgo/M/M01/Session1/wav_headMic/0056.wav	12.435	0.639	0.0514	giving those who observe him a pronounced feeling of the utmost respect.	Giving down it or a beer him a bur now in the pivot of that most repeat.	[]		nvidia/parakeet-tdt-0.6b-v3	cpu
torgo-M05-Session1-0101	M05	dysarthric	/Users/animesh/Animesh/Project 2.0/echora/data/raw/torgo/M/M05/Session1/wav_headMic/0101.wav	12.465	0.639	0.0513	Grandfather likes to be modern in his language.	Grandfather liked to be modern in his language.	[]		nvidia/parakeet-tdt-0.6b-v3	cpu
torgo-M05-Session2-0305	M05	dysarthric	/Users/animesh/Animesh/Project 2.0/echora/data/raw/torgo/M/M05/Session2/wav_headMic/0305.wav	12.476	0.639	0.0512	He really crucified him; he nailed it for a yard loss.	He recrucified himself. He knew it for a good	[]		nvidia/parakeet-tdt-0.6b-v3	cpu
torgo-M05-Session2-0150	M05	dysarthric	/Users/animesh/Animesh/Project 2.0/echora/data/raw/torgo/M/M05/Session2/wav_headMic/0150.wav	12.490	0.639	0.0512	Aluminum silverware can often be flimsy.	Aluminium silverware can often be framed.	[]		nvidia/parakeet-tdt-0.6b-v3	cpu
torgo-M05-Session1-0104	M05	dysarthric	/Users/animesh/Animesh/Project 2.0/echora/data/raw/torgo/M/M05/Session1/wav_headMic/0104.wav	12.540	0.639	0.0510	She had your dark suit in greasy wash water all year.	She had your dark fruit in greasy washwater early.	[]		nvidia/parakeet-tdt-0.6b-v3	cpu
torgo-M02-Session1-0168	M02	dysarthric	/Users/animesh/Animesh/Project 2.0/echora/data/raw/torgo/M/M02/Session1/wav_headMic/0168.wav	12.586	0.639	0.0508	If you destroy confidence in banks, you do something to the economy, he said.	If you destroy competent banks, you do something to the economy, he said.	[]		nvidia/parakeet-tdt-0.6b-v3	cpu
torgo-M04-Session2-0172	M04	dysarthric	/Users/animesh/Animesh/Project 2.0/echora/data/raw/torgo/M/M04/Session2/wav_headMic/0172.wav	12.620	0.639	0.0506	My sister made the flowered curtains.	Mum ma drew me the the the flowers cinn	[]		nvidia/parakeet-tdt-0.6b-v3	cpu
torgo-M04-Session2-0014	M04	dysarthric	/Users/animesh/Animesh/Project 2.0/echora/data/raw/torgo/M/M04/Session2/wav_headMic/0014.wav	12.820	0.650	0.0507	She had your dark suit in greasy wash water all year.		[]		nvidia/parakeet-tdt-0.6b-v3	cpu
torgo-M01-Session2_3-0191	M01	dysarthric	/Users/animesh/Animesh/Project 2.0/echora/data/raw/torgo/M/M01/Session2_3/wav_headMic/0191.wav	12.895	0.650	0.0504	Nothing has been done yet to take advantage of the enabling legislation.	Nothing had been done yet to take advantage of the enabling register.	[]		nvidia/parakeet-tdt-0.6b-v3	cpu
torgo-M02-Session1-0034	M02	dysarthric	/Users/animesh/Animesh/Project 2.0/echora/data/raw/torgo/M/M02/Session1/wav_headMic/0034.wav	12.924	0.650	0.0503	giving those who observe him a pronounced feeling of the utmost respect.	Giving those penalty of the utmost respect.	[]		nvidia/parakeet-tdt-0.6b-v3	cpu
torgo-M04-Session2-0288	M04	dysarthric	/Users/animesh/Animesh/Project 2.0/echora/data/raw/torgo/M/M04/Session2/wav_headMic/0288.wav	13.270	0.650	0.0490	This is not a program of socialized medicine.		[]		nvidia/parakeet-tdt-0.6b-v3	cpu
torgo-M05-Session2-0189	M05	dysarthric	/Users/animesh/Animesh/Project 2.0/echora/data/raw/torgo/M/M05/Session2/wav_headMic/0189.wav	13.335	0.650	0.0488	Before Thursday's exam, review every formula.	Before students exam review every formula.	[]		nvidia/parakeet-tdt-0.6b-v3	cpu
torgo-M05-Session1-0027	M05	dysarthric	/Users/animesh/Animesh/Project 2.0/echora/data/raw/torgo/M/M05/Session1/wav_headMic/0027.wav	13.355	0.650	0.0487	We have often urged him to walk more and smoke less,	We have often urged him to walk more and to mock less.	[]		nvidia/parakeet-tdt-0.6b-v3	cpu
torgo-M01-Session2_3-0181	M01	dysarthric	/Users/animesh/Animesh/Project 2.0/echora/data/raw/torgo/M/M01/Session2_3/wav_headMic/0181.wav	13.515	0.650	0.0481	He further proposed grants of an unspecified sum for experimental hospitals.	He murdered purposes grand and paid back for experimental and purchase.	[]		nvidia/parakeet-tdt-0.6b-v3	cpu
torgo-M04-Session2-0226	M04	dysarthric	/Users/animesh/Animesh/Project 2.0/echora/data/raw/torgo/M/M04/Session2/wav_headMic/0226.wav	13.540	0.650	0.0480	You'd be better off taking a cold shower.	You better mm you you be better ah talking to thing like a cotter.	[]		nvidia/parakeet-tdt-0.6b-v3	cpu
torgo-M04-Session2-0060	M04	dysarthric	/Users/animesh/Animesh/Project 2.0/echora/data/raw/torgo/M/M04/Session2/wav_headMic/0060.wav	13.600	0.560	0.0412	he slowly takes a short walk in the open air each day.	He's following the thing of John Wall in about open air.	[]		nvidia/parakeet-tdt-0.6b-v3	cpu
torgo-M05-Session2-0219	M05	dysarthric	/Users/animesh/Animesh/Project 2.0/echora/data/raw/torgo/M/M05/Session2/wav_headMic/0219.wav	13.655	0.560	0.0410	Day after day some new episode is reported.	They after day, some new episodes is reported.	[]		nvidia/parakeet-tdt-0.6b-v3	cpu
torgo-M02-Session1-0115	M02	dysarthric	/Users/animesh/Animesh/Project 2.0/echora/data/raw/torgo/M/M02/Session1/wav_headMic/0115.wav	13.693	0.560	0.0409	Except in the winter when the ooze or snow or ice prevents,	Except the winter. Except in the winter when the ooz of snow or ice prevent.	[]		nvidia/parakeet-tdt-0.6b-v3	cpu
torgo-M02-Session2-0208	M02	dysarthric	/Users/animesh/Animesh/Project 2.0/echora/data/raw/torgo/M/M02/Session2/wav_headMic/0208.wav	13.785	0.560	0.0406	Nothing has been done yet to take advantage of the enabling legislation.	Nothing happened on yet to take up land the latest slavery.	[]		nvidia/parakeet-tdt-0.6b-v3	cpu
torgo-M05-Session2-0042	M05	dysarthric	/Users/animesh/Animesh/Project 2.0/echora/data/raw/torgo/M/M05/Session2/wav_headMic/0042.wav	13.860	0.560	0.0404	Mother sews yellow gingham aprons.	My show is	[]		nvidia/parakeet-tdt-0.6b-v3	cpu
torgo-M04-Session2-0048	M04	dysarthric	/Users/animesh/Animesh/Project 2.0/echora/data/raw/torgo/M/M04/Session2/wav_headMic/0048.wav	14.085	0.560	0.0398	A long, flowing beard clings to his chin,	A l a long a long flowing beard cling to in chin.	[]		nvidia/parakeet-tdt-0.6b-v3	cpu
torgo-M02-Session1-0062	M02	dysarthric	/Users/animesh/Animesh/Project 2.0/echora/data/raw/torgo/M/M02/Session1/wav_headMic/0062.wav	14.090	0.560	0.0398	When he speaks, his voice is just a bit cracked and quivers a trifle.	When he spoke his voices to make cry and quivers like trifles.	[]		nvidia/parakeet-tdt-0.6b-v3	cpu
torgo-M05-Session1-0089	M05	dysarthric	/Users/animesh/Animesh/Project 2.0/echora/data/raw/torgo/M/M05/Session1/wav_headMic/0089.wav	14.355	0.560	0.0390	he dresses himself in an ancient black frock coat,	He he dresses himself in ancient black frock.	[]		nvidia/parakeet-tdt-0.6b-v3	cpu
torgo-M04-Session2-0083	M04	dysarthric	/Users/animesh/Animesh/Project 2.0/echora/data/raw/torgo/M/M04/Session2/wav_headMic/0083.wav	14.525	0.609	0.0419	he dresses himself in an ancient black frock coat,	She dreaded down in in an anid black book coat.	[]		nvidia/parakeet-tdt-0.6b-v3	cpu
torgo-M04-Session2-0045	M04	dysarthric	/Users/animesh/Animesh/Project 2.0/echora/data/raw/torgo/M/M04/Session2/wav_headMic/0045.wav	14.895	0.609	0.0409	We have often urged him to walk more and smoke less,	We have often two walk more and smoke laden.	[]		nvidia/parakeet-tdt-0.6b-v3	cpu
torgo-M01-Session1-0084	M01	dysarthric	/Users/animesh/Animesh/Project 2.0/echora/data/raw/torgo/M/M01/Session1/wav_headMic/0084.wav	15.030	0.609	0.0405	Twice each day he plays skillfully and with zest upon our small organ.	Dwight into and we had a bond our small organ.	[]		nvidia/parakeet-tdt-0.6b-v3	cpu
torgo-M04-Session2-0285	M04	dysarthric	/Users/animesh/Animesh/Project 2.0/echora/data/raw/torgo/M/M04/Session2/wav_headMic/0285.wav	15.320	0.609	0.0398	I expect we'll bounce back this week.	I had button boun I I bet w w we we we we were bound down and did week.	[]		nvidia/parakeet-tdt-0.6b-v3	cpu
torgo-M05-Session1-0020	M05	dysarthric	/Users/animesh/Animesh/Project 2.0/echora/data/raw/torgo/M/M05/Session1/wav_headMic/0020.wav	15.400	0.609	0.0396	Except in the winter when the ooze or snow or ice prevents,	Uh except in the winter time when the red or snow or ice prevents	[]		nvidia/parakeet-tdt-0.6b-v3	cpu
torgo-M01-Session2_3-0165	M01	dysarthric	/Users/animesh/Animesh/Project 2.0/echora/data/raw/torgo/M/M01/Session2_3/wav_headMic/0165.wav	15.708	0.609	0.0388	It also provides for funds to clear slums and help colleges build dormitories.	His out of provide for fun to clear yum and elb collage um beard dormidory.	[]		nvidia/parakeet-tdt-0.6b-v3	cpu
torgo-M05-Session2-0038	M05	dysarthric	/Users/animesh/Animesh/Project 2.0/echora/data/raw/torgo/M/M05/Session2/wav_headMic/0038.wav	15.865	0.609	0.0384	If you destroy confidence in banks, you do something to the economy, he said.	If you destroy confidence in banks, you do something to the economy, he said.	[]		nvidia/parakeet-tdt-0.6b-v3	cpu
torgo-M02-Session2-0202	M02	dysarthric	/Users/animesh/Animesh/Project 2.0/echora/data/raw/torgo/M/M02/Session2/wav_headMic/0202.wav	15.915	0.609	0.0383	He further proposed grants of an unspecified sum for experimental hospitals.	He paid the proposed grants of unspecified and for experiment hospitals.	[]		nvidia/parakeet-tdt-0.6b-v3	cpu
torgo-M05-Session1-0074	M05	dysarthric	/Users/animesh/Animesh/Project 2.0/echora/data/raw/torgo/M/M05/Session1/wav_headMic/0074.wav	16.000	0.644	0.0403	When he speaks, his voice is just a bit cracked and quivers a trifle.	When he speaks, his voice is a bit crack and cruise a trifle.	[]		nvidia/parakeet-tdt-0.6b-v3	cpu
torgo-M01-Session2_3-0111	M01	dysarthric	/Users/animesh/Animesh/Project 2.0/echora/data/raw/torgo/M/M01/Session2_3/wav_headMic/0111.wav	16.084	0.644	0.0401	If you destroy confidence in banks, you do something to the economy, he said.	If you did try confident in bank you do yum being do the common me, he added.	[]		nvidia/parakeet-tdt-0.6b-v3	cpu
torgo-M04-Session2-0194	M04	dysarthric	/Users/animesh/Animesh/Project 2.0/echora/data/raw/torgo/M/M04/Session2/wav_headMic/0194.wav	16.190	0.644	0.0398	If you destroy confidence in banks, you do something to the economy, he said.	If you intend covered in bang you do something to the company, he said	[]		nvidia/parakeet-tdt-0.6b-v3	cpu
torgo-M05-Session1-0010	M05	dysarthric	/Users/animesh/Animesh/Project 2.0/echora/data/raw/torgo/M/M05/Session1/wav_headMic/0010.wav	16.260	0.644	0.0396	giving those who observe him a pronounced feeling of the utmost respect.	Giving you ever him depronous feeling of utmost respect.	[]		nvidia/parakeet-tdt-0.6b-v3	cpu
torgo-M04-Session2-0033	M04	dysarthric	/Users/animesh/Animesh/Project 2.0/echora/data/raw/torgo/M/M04/Session2/wav_headMic/0033.wav	17.255	0.644	0.0373	Except in the winter when the ooze or snow or ice prevents,	Except in the winter when that the own or snow or i	[]		nvidia/parakeet-tdt-0.6b-v3	cpu
torgo-M05-Session2-0274	M05	dysarthric	/Users/animesh/Animesh/Project 2.0/echora/data/raw/torgo/M/M05/Session2/wav_headMic/0274.wav	17.330	0.644	0.0372	The prospect of cutting back spending is an unpleasant one for any governor.	The prospect of cutting back bending is an unpleasant one for any governor.	[]		nvidia/parakeet-tdt-0.6b-v3	cpu
torgo-M05-Session2-0145	M05	dysarthric	/Users/animesh/Animesh/Project 2.0/echora/data/raw/torgo/M/M05/Session2/wav_headMic/0145.wav	17.360	0.644	0.0371	He further proposed grants of an unspecified sum for experimental hospitals.	He preposed giant of an unexpected sum of exprimant hospitals.	[]		nvidia/parakeet-tdt-0.6b-v3	cpu
torgo-M04-Session2-0024	M04	dysarthric	/Users/animesh/Animesh/Project 2.0/echora/data/raw/torgo/M/M04/Session2/wav_headMic/0024.wav	17.370	0.644	0.0371	giving those who observe him a pronounced feeling of the utmost respect.	Given though to other um pronounced feeling of um the unknown we pass.	[]		nvidia/parakeet-tdt-0.6b-v3	cpu
torgo-M04-Session2-0291	M04	dysarthric	/Users/animesh/Animesh/Project 2.0/echora/data/raw/torgo/M/M04/Session2/wav_headMic/0291.wav	17.410	0.782	0.0449	Nothing has been done yet to take advantage of the enabling legislation.	Nothing and had been done yet to take uh and then um done said the boom.	[]		nvidia/parakeet-tdt-0.6b-v3	cpu
torgo-M02-Session2-0134	M02	dysarthric	/Users/animesh/Animesh/Project 2.0/echora/data/raw/torgo/M/M02/Session2/wav_headMic/0134.wav	17.475	0.782	0.0448	It also provides for funds to clear slums and help colleges build dormitories.	And I provided to clear slums and help colour this via demonstrate.	[]		nvidia/parakeet-tdt-0.6b-v3	cpu
torgo-M05-Session2-0186	M05	dysarthric	/Users/animesh/Animesh/Project 2.0/echora/data/raw/torgo/M/M05/Session2/wav_headMic/0186.wav	18.190	0.782	0.0430	It also provides for funds to clear slums and help colleges build dormitories.	It also provides for funds to clear slums and help colleges build dormitor reeds.	[]		nvidia/parakeet-tdt-0.6b-v3	cpu
torgo-M04-Session2-0100	M04	dysarthric	/Users/animesh/Animesh/Project 2.0/echora/data/raw/torgo/M/M04/Session2/wav_headMic/0100.wav	18.445	0.782	0.0424	Twice each day he plays skillfully and with zest upon our small organ.	Twin on eighty day he played skillfully and w with that on our small organ.	[]		nvidia/parakeet-tdt-0.6b-v3	cpu
torgo-M05-Session2-0146	M05	dysarthric	/Users/animesh/Animesh/Project 2.0/echora/data/raw/torgo/M/M05/Session2/wav_headMic/0146.wav	19.235	0.782	0.0407	He further proposed grants of an unspecified sum for experimental hospitals.	He free proposed grant for an unprecified some work hospitals.	[]		nvidia/parakeet-tdt-0.6b-v3	cpu
torgo-M04-Session2-0029	M04	dysarthric	/Users/animesh/Animesh/Project 2.0/echora/data/raw/torgo/M/M04/Session2/wav_headMic/0029.wav	19.545	0.782	0.0400	When he speaks, his voice is just a bit cracked and quivers a trifle.	When he beat the headboard and and j a bit gone and quiver um dread on	[]		nvidia/parakeet-tdt-0.6b-v3	cpu
torgo-M05-Session2-0242	M05	dysarthric	/Users/animesh/Animesh/Project 2.0/echora/data/raw/torgo/M/M05/Session2/wav_headMic/0242.wav	19.630	0.782	0.0399	Nothing has been done yet to take advantage of the enabling legislation.	Nothing has been done yet to take advantage of the inhibiting legislation.	[]		nvidia/parakeet-tdt-0.6b-v3	cpu
torgo-M05-Session1-0009	M05	dysarthric	/Users/animesh/Animesh/Project 2.0/echora/data/raw/torgo/M/M05/Session1/wav_headMic/0009.wav	20.850	0.782	0.0375	Twice each day he plays skillfully and with zest upon our small organ.	Twice each day he plays carefully and with rest upon our small organ.	[]		nvidia/parakeet-tdt-0.6b-v3	cpu
torgo-M04-Session2-0282	M04	dysarthric	/Users/animesh/Animesh/Project 2.0/echora/data/raw/torgo/M/M04/Session2/wav_headMic/0282.wav	23.175	9.221	0.3979	It also provides for funds to clear slums and help colleges build dormitories.		[]		nvidia/parakeet-tdt-0.6b-v3	cpu
torgo-M01-Session2_3-0180	M01	dysarthric	/Users/animesh/Animesh/Project 2.0/echora/data/raw/torgo/M/M01/Session2_3/wav_headMic/0180.wav	179.943	9.221	0.0512	hill	Yeah. Purple grand and petty back for a different advertise Blood Sharge. Tell me the guy did I was up underway I currently there is a tree out of aluminum everywhere can update me film meeting. Nothing had been done yet do we take advantage of the inabody that dreading the seven eight pretty eight Murder Rit appeared up trending for me cake yarn if you are doing water replayed immediately when I'll always pay out you would force.	[]		nvidia/parakeet-tdt-0.6b-v3	cpu
